season,season_start,league,division,position,club,source
1931/1932,1931,Eretz Israel League,,1,British Police,Hebrew Wikipedia
1931/1932,1931,Eretz Israel League,,2,Hapoel Tel Aviv,Hebrew Wikipedia
1931/1932,1931,Eretz Israel League,,3,Hapoel Haifa,Hebrew Wikipedia
1931/1932,1931,Eretz Israel League,,4,Maccabi Jerusalem,Hebrew Wikipedia
1931/1932,1931,Eretz Israel League,,5,Maccabi Tel Aviv,Hebrew Wikipedia
1931/1932,1931,Eretz Israel League,,6,Maccabi Petah Tikva,Hebrew Wikipedia
1931/1932,1931,Eretz Israel League,,7,Maccabi Haifa,Hebrew Wikipedia
1931/1932,1931,Eretz Israel League,,8,Maccabi Nes Ziona,Hebrew Wikipedia
1931/1932,1931,Eretz Israel League,,9,Hapoel Jerusalem,Hebrew Wikipedia
1933/1934,1933,Eretz Israel League,,1,Hapoel Tel Aviv,Hebrew Wikipedia
1933/1934,1933,Eretz Israel League,,2,Maccabi Jerusalem,Hebrew Wikipedia
1933/1934,1933,Eretz Israel League,,3,Hapoel Haifa,Hebrew Wikipedia
1933/1934,1933,Eretz Israel League,,4,Maccabi Petah Tikva,Hebrew Wikipedia
1933/1934,1933,Eretz Israel League,,5,Maccabi Tel Aviv,Hebrew Wikipedia
1933/1934,1933,Eretz Israel League,,6,Maccabi Nes Ziona,Hebrew Wikipedia
1933/1934,1933,Eretz Israel League,,7,Maccabi Rehovot,Hebrew Wikipedia
1933/1934,1933,Eretz Israel League,,8,Hapoel Jerusalem,Hebrew Wikipedia
1933/1934,1933,Eretz Israel League,,9,Maccabi Haifa,Hebrew Wikipedia
1934/1935,1934,Eretz Israel League,,1,Hapoel Tel Aviv,Hebrew Wikipedia
1934/1935,1934,Eretz Israel League,,2,Hapoel Petah Tikva,Hebrew Wikipedia
1934/1935,1934,Eretz Israel League,,3,Hakoah Tel Aviv,Hebrew Wikipedia
1934/1935,1934,Eretz Israel League,,4,Maccabi Petah Tikva,Hebrew Wikipedia
1934/1935,1934,Eretz Israel League,,5,Maccabi Tel Aviv,Hebrew Wikipedia
1934/1935,1934,Eretz Israel League,,6,Maccabi Jerusalem,Hebrew Wikipedia
1934/1935,1934,Eretz Israel League,,7,Hapoel Haifa,Hebrew Wikipedia
1934/1935,1934,Eretz Israel League,,8,Maccabi Nes Ziona,Hebrew Wikipedia
1934/1935,1934,Eretz Israel League,,9,Maccabi Rehovot,Hebrew Wikipedia
1934/1935,1934,Eretz Israel League,,10,Hapoel Jerusalem,Hebrew Wikipedia
1935/1936,1935,Eretz Israel League,,1,Maccabi Tel Aviv,Hebrew Wikipedia
1935/1936,1935,Eretz Israel League,,2,Hakoah Tel Aviv,Hebrew Wikipedia
1935/1936,1935,Eretz Israel League,,3,Hapoel Tel Aviv,Hebrew Wikipedia
1935/1936,1935,Eretz Israel League,,4,Hapoel Haifa,Hebrew Wikipedia
1935/1936,1935,Eretz Israel League,,5,Maccabi Petah Tikva,Hebrew Wikipedia
1935/1936,1935,Eretz Israel League,,6,Maccabi Nes Ziona,Hebrew Wikipedia
1937,1937,Eretz Israel League,,1,Maccabi Tel Aviv,Hebrew Wikipedia
1937,1937,Eretz Israel League,,2,Hapoel Tel Aviv,Hebrew Wikipedia
1937,1937,Eretz Israel League,,3,Hakoah Tel Aviv,Hebrew Wikipedia
1937,1937,Eretz Israel League,,4,Hapoel Haifa,Hebrew Wikipedia
1937,1937,Eretz Israel League,,5,Maccabi Petah Tikva,Hebrew Wikipedia
1937,1937,Liga Bet,,1,Hapoel Ironi Herzliya,Hebrew Wikipedia
1937,1937,Liga Bet,,2,Beitar Tel Aviv,Hebrew Wikipedia
1937,1937,Liga Bet,,3,Maccabi Haifa,Hebrew Wikipedia
1937,1937,Liga Bet,,5,Maccabi Hadera,Hebrew Wikipedia
1937,1937,Liga Bet,North,1,Hapoel Ironi Herzliya,English Wikipedia
1937,1937,Liga Bet,North,2,Beitar Tel Aviv,English Wikipedia
1937,1937,Liga Bet,North,3,Maccabi Haifa,English Wikipedia
1937,1937,Liga Bet,North,4,HaKochav Tel Aviv,English Wikipedia
1937,1937,Liga Bet,North,5,Maccabi Hadera,English Wikipedia
1938,1938,Eretz Israel League,,1,Hapoel Tel Aviv,Hebrew Wikipedia
1938,1938,Eretz Israel League,,2,Maccabi Tel Aviv,Hebrew Wikipedia
1938,1938,Eretz Israel League,,3,British Police,Hebrew Wikipedia
1938,1938,Eretz Israel League,,4,Hapoel Haifa,Hebrew Wikipedia
1938,1938,Eretz Israel League,,5,Hakoah Tel Aviv,Hebrew Wikipedia
1938,1938,Eretz Israel League,,6,Hapoel Ironi Herzliya,Hebrew Wikipedia
1938,1938,Eretz Israel League,,7,Maccabi Petah Tikva,Hebrew Wikipedia
1938,1938,Eretz Israel League,,8,Maccabi Nes Ziona,Hebrew Wikipedia
1938,1938,Eretz Israel League,,9,HaMeofefim Ramla,Hebrew Wikipedia
1938,1938,Eretz Israel League,,9,Royal Air Force,English Wikipedia
1938,1938,Eretz Israel League,Tel Aviv League,1,Hapoel Tel Aviv,English Wikipedia
1938,1938,Eretz Israel League,Tel Aviv League,2,Maccabi Tel Aviv,English Wikipedia
1938,1938,Eretz Israel League,Tel Aviv League,3,Maccabi Petah Tikva,English Wikipedia
1938,1938,Eretz Israel League,Tel Aviv League,4,Hakoah Tel Aviv,English Wikipedia
1938,1938,Liga Bet,,1,Degel Zion Tel Aviv,Hebrew Wikipedia
1938,1938,Liga Bet,,2,Beitar Tel Aviv,Hebrew Wikipedia
1938,1938,Liga Bet,,3,Maccabi Gedera,Hebrew Wikipedia
1938,1938,Liga Bet,,5,Maccabi Rehovot,Hebrew Wikipedia
1938,1938,Liga Bet,,6,Hapoel Rishon LeZion,Hebrew Wikipedia
1938,1938,Liga Bet,South,1,Degel Zion Tel Aviv,English Wikipedia
1938,1938,Liga Bet,South,2,Beitar Tel Aviv,English Wikipedia
1938,1938,Liga Bet,South,3,Maccabi Gedera,English Wikipedia
1938,1938,Liga Bet,South,4,HaKochav Tel Aviv,English Wikipedia
1938,1938,Liga Bet,South,5,Maccabi Rehovot,English Wikipedia
1938,1938,Liga Bet,South,6,Hapoel Rishon LeZion,English Wikipedia
1939,1939,Eretz Israel League,Division I,1,Maccabi Tel Aviv,English Wikipedia
1939,1939,Eretz Israel League,Division I,2,Hapoel Tel Aviv,English Wikipedia
1939,1939,Eretz Israel League,Division I,3,Maccabi Petah Tikva,English Wikipedia
1939,1939,Eretz Israel League,Division I,4,Maccabi Nes Ziona,English Wikipedia
1939,1939,Eretz Israel League,Division I,5,Hapoel Ironi Herzliya,English Wikipedia
1939,1939,Eretz Israel League,Division I,6,Hakoah Tel Aviv,English Wikipedia
1939,1939,Eretz Israel League,Division II,1,Beitar Tel Aviv,English Wikipedia
1939,1939,Eretz Israel League,Division II,2,Degel Zion Tel Aviv,English Wikipedia
1939,1939,Eretz Israel League,Division II,3,Egged Tel Aviv,English Wikipedia
1939,1939,Eretz Israel League,Division II,4,Hapoel Petah Tikva,English Wikipedia
1939,1939,Eretz Israel League,Division II,5,Hegge Tel Aviv,English Wikipedia
1939,1939,Eretz Israel League,Division II,6,HaTehiya Tel Aviv,English Wikipedia
1939,1939,Eretz Israel League,Division II,7,Hapoel Ramat Gan,English Wikipedia
1939,1939,Eretz Israel League,Division II,8,Hakoah Petah Tikva,English Wikipedia
1939,1939,Eretz Israel League,Division II,9,Maccabi Herzliya,English Wikipedia
1939,1939,Eretz Israel League,Division II,10,Hapoel Ra'anana,English Wikipedia
1939,1939,Eretz Israel League,Division II,11,Maccabi Ramat Gan,English Wikipedia
1939,1939,Eretz Israel League,Division II,12,HaKochav Tel Aviv,English Wikipedia
1939,1939,Eretz Israel League,Jerusalem A,1,British Police,Hebrew Wikipedia
1939,1939,Eretz Israel League,Jerusalem A,2,Black Watch,Hebrew Wikipedia
1939,1939,Eretz Israel League,Jerusalem A,3,Royal Air Force,Hebrew Wikipedia
1939,1939,Eretz Israel League,Jerusalem A,4,District Police,Hebrew Wikipedia
1939,1939,Eretz Israel League,Jerusalem A,5,Royal Signals,Hebrew Wikipedia
1939,1939,Eretz Israel League,Jerusalem A,6,British HQ,Hebrew Wikipedia
1939,1939,Eretz Israel League,Jerusalem A,7,Black Brigade,Hebrew Wikipedia
1939,1939,Eretz Israel League,Jerusalem A,8,R.A.P.C.,Hebrew Wikipedia
1939,1939,Eretz Israel League,Jerusalem A,9,No. 2/5 CC St.,Hebrew Wikipedia
1939,1939,Eretz Israel League,Jerusalem A,10,H.Q.R. AF,Hebrew Wikipedia
1939,1939,Eretz Israel League,Jerusalem A,11,11th Hussars B Squadron,Hebrew Wikipedia
1939,1939,Eretz Israel League,Samaria B,1,Beitar Netanya,Hebrew Wikipedia
1939,1939,Eretz Israel League,Samaria B,2,Hapoel Hadera,Hebrew Wikipedia
1939,1939,Eretz Israel League,Samaria B,3,Maccabi Netanya,Hebrew Wikipedia
1939,1939,Eretz Israel League,Samaria B,4,Maccabi Binyamina,Hebrew Wikipedia
1939,1939,Eretz Israel League,Samaria B,5,Maccabi Hadera,Hebrew Wikipedia
1939,1939,Eretz Israel League,Samaria B,6,Hapoel Netanya,Hebrew Wikipedia
1939,1939,Eretz Israel League,Samaria regional league,1,Beitar Netanya,English Wikipedia
1939,1939,Eretz Israel League,Samaria regional league,2,Hapoel Hadera,English Wikipedia
1939,1939,Eretz Israel League,Samaria regional league,3,Maccabi Netanya,English Wikipedia
1939,1939,Eretz Israel League,Samaria regional league,4,Maccabi Binyamina,English Wikipedia
1939,1939,Eretz Israel League,Samaria regional league,5,Maccabi Hadera,English Wikipedia
1939,1939,Eretz Israel League,Samaria regional league,6,Hapoel Netanya,English Wikipedia
1939,1939,Eretz Israel League,South B,1,Maccabi Rehovot,Hebrew Wikipedia
1939,1939,Eretz Israel League,South B,2,Hapoel Rishon LeZion,Hebrew Wikipedia
1939,1939,Eretz Israel League,South B,3,RSG Rehovot,Hebrew Wikipedia
1939,1939,Eretz Israel League,South B,4,Maccabi Gedera,Hebrew Wikipedia
1939,1939,Eretz Israel League,South B,5,Maccabi Rishon LeZion,Hebrew Wikipedia
1939,1939,Eretz Israel League,South B,6,Hapoel Rehovot,Hebrew Wikipedia
1939,1939,Eretz Israel League,South B,7,Hapoel Nes Tziona,Hebrew Wikipedia
1939,1939,Eretz Israel League,South B,8,Beitar Rishon LeZion,Hebrew Wikipedia
1939,1939,Eretz Israel League,Southern regional league,1,Maccabi Rehovot,English Wikipedia
1939,1939,Eretz Israel League,Southern regional league,2,Hapoel Rishon LeZion,English Wikipedia
1939,1939,Eretz Israel League,Southern regional league,3,Royal Scots Greys,English Wikipedia
1939,1939,Eretz Israel League,Southern regional league,4,Maccabi Gedera,English Wikipedia
1939,1939,Eretz Israel League,Southern regional league,5,Maccabi Rishon LeZion,English Wikipedia
1939,1939,Eretz Israel League,Southern regional league,6,Hapoel Rehovot,English Wikipedia
1939,1939,Eretz Israel League,Southern regional league,7,Hapoel Nes Tziona,English Wikipedia
1939,1939,Eretz Israel League,Southern regional league,8,Beitar Rishon LeZion,English Wikipedia
1939,1939,Eretz Israel League,Tel Aviv A,1,Maccabi Tel Aviv,Hebrew Wikipedia
1939,1939,Eretz Israel League,Tel Aviv A,2,Hapoel Tel Aviv,Hebrew Wikipedia
1939,1939,Eretz Israel League,Tel Aviv A,3,Maccabi Petah Tikva,Hebrew Wikipedia
1939,1939,Eretz Israel League,Tel Aviv A,4,Maccabi Nes Ziona,Hebrew Wikipedia
1939,1939,Eretz Israel League,Tel Aviv A,5,Hapoel Ironi Herzliya,Hebrew Wikipedia
1939,1939,Eretz Israel League,Tel Aviv A,6,Hakoah Tel Aviv,Hebrew Wikipedia
1939,1939,Eretz Israel League,Tel Aviv B,1,Beitar Tel Aviv,Hebrew Wikipedia
1939,1939,Eretz Israel League,Tel Aviv B,2,Degel Zion Tel Aviv,Hebrew Wikipedia
1939,1939,Eretz Israel League,Tel Aviv B,3,Egged,Hebrew Wikipedia
1939,1939,Eretz Israel League,Tel Aviv B,4,Hapoel Petah Tikva,Hebrew Wikipedia
1939,1939,Eretz Israel League,Tel Aviv B,5,HaGa Tel Aviv,Hebrew Wikipedia
1939,1939,Eretz Israel League,Tel Aviv B,6,HaTehiya Tel Aviv,Hebrew Wikipedia
1939,1939,Eretz Israel League,Tel Aviv B,7,Hapoel Ramat Gan,Hebrew Wikipedia
1939,1939,Eretz Israel League,Tel Aviv B,8,Hakoah Maccabi Petah Tikva,Hebrew Wikipedia
1939,1939,Eretz Israel League,Tel Aviv B,9,Maccabi Herzliya,Hebrew Wikipedia
1939,1939,Eretz Israel League,Tel Aviv B,10,Hapoel Ra'anana,Hebrew Wikipedia
1939,1939,Eretz Israel League,Tel Aviv B,11,Maccabi Ramat Gan,Hebrew Wikipedia
1939,1939,Eretz Israel League,Tel Aviv B,12,Hakoah Tel Aviv,Hebrew Wikipedia
1940,1940,Eretz Israel League,,1,Hapoel Tel Aviv,English Wikipedia
1940,1940,Eretz Israel League,,2,Beitar Tel Aviv,English Wikipedia
1940,1940,Eretz Israel League,,3,Maccabi Tel Aviv,English Wikipedia
1940,1940,Eretz Israel League,,4,Maccabi Nes Ziona,English Wikipedia
1940,1940,Eretz Israel League,,5,Hapoel Haifa,English Wikipedia
1940,1940,Eretz Israel League,,6,Hakoah Tel Aviv,English Wikipedia
1940,1940,Eretz Israel League,,7,Maccabi Petah Tikva,English Wikipedia
1940,1940,Eretz Israel League,,8,Hapoel Ironi Herzliya,English Wikipedia
1940,1940,Eretz Israel League,Jerusalem,1,Maccabi Jerusalem,Hebrew Wikipedia
1940,1940,Eretz Israel League,Jerusalem,2,Hapoel Jerusalem,Hebrew Wikipedia
1940,1940,Eretz Israel League,Jerusalem,3,Homenetmen Jerusalem,Hebrew Wikipedia
1940,1940,Eretz Israel League,Jerusalem,4,R.A.M.C. + C.M.P.,Hebrew Wikipedia
1940,1940,Eretz Israel League,Jerusalem,5,Club Jerusalem,Hebrew Wikipedia
1940,1940,Eretz Israel League,Tel Aviv,1,Hapoel Tel Aviv,Hebrew Wikipedia
1940,1940,Eretz Israel League,Tel Aviv,2,Beitar Tel Aviv,Hebrew Wikipedia
1940,1940,Eretz Israel League,Tel Aviv,3,Maccabi Tel Aviv,Hebrew Wikipedia
1940,1940,Eretz Israel League,Tel Aviv,4,Maccabi Nes Ziona,Hebrew Wikipedia
1940,1940,Eretz Israel League,Tel Aviv,5,Hapoel Haifa,Hebrew Wikipedia
1940,1940,Eretz Israel League,Tel Aviv,6,Hakoah Tel Aviv,Hebrew Wikipedia
1940,1940,Eretz Israel League,Tel Aviv,7,Maccabi Petah Tikva,Hebrew Wikipedia
1940,1940,Eretz Israel League,Tel Aviv,8,Hapoel Ironi Herzliya,Hebrew Wikipedia
1940,1940,Liga Bet,Samaria,1,Degel Zion Tel Aviv,Hebrew Wikipedia
1940,1940,Liga Bet,Samaria,2,Egged,Hebrew Wikipedia
1940,1940,Liga Bet,Samaria,2,Egged Tel Aviv,English Wikipedia
1940,1940,Liga Bet,Samaria,3,Hapoel Ramat Gan,Hebrew Wikipedia
1940,1940,Liga Bet,Samaria,4,Hapoel Petah Tikva,Hebrew Wikipedia
1940,1940,Liga Bet,Samaria,5,Hakoah Petah Tikva,English Wikipedia
1940,1940,Liga Bet,Samaria,6,Hapoel Ra'anana,Hebrew Wikipedia
1940,1940,Liga Bet,Samaria,7,Maccabi Netanya,Hebrew Wikipedia
1940,1940,Liga Bet,Samaria,8,Hapoel Netanya,Hebrew Wikipedia
1940,1940,Liga Bet,Samaria,9,Beitar Netanya,Hebrew Wikipedia
1940,1940,Liga Bet,Samaria,10,Maccabi Ramat Gan,English Wikipedia
1940,1940,Liga Bet,South,1,Royal Scots Greys,English Wikipedia
1940,1940,Liga Bet,South,2,Hapoel Rishon LeZion,Hebrew Wikipedia
1940,1940,Liga Bet,South,3,Maccabi Rehovot,Hebrew Wikipedia
1940,1940,Liga Bet,South,4,Maccabi Rishon LeZion,Hebrew Wikipedia
1940,1940,Liga Bet,South,5,HaTehiya Tel Aviv,Hebrew Wikipedia
1940,1940,Liga Bet,South,6,Hapoel Rehovot,Hebrew Wikipedia
1940,1940,Liga Bet,South,7,HaGa Tel Aviv,Hebrew Wikipedia
1940,1940,Liga Bet,South,7,Hegge Tel Aviv,English Wikipedia
1940,1940,Liga Bet,South,8,Maccabi Gedera,Hebrew Wikipedia
1941/1942,1941,Eretz Israel League,,1,Maccabi Tel Aviv,English Wikipedia
1941/1942,1941,Eretz Israel League,,2,Maccabi Rishon LeZion,English Wikipedia
1941/1942,1941,Eretz Israel League,,3,Homenetmen Jerusalem,English Wikipedia
1941/1942,1941,Eretz Israel League,Jerusalem,1,Homenetmen Jerusalem,Hebrew Wikipedia
1941/1942,1941,Eretz Israel League,Jerusalem,2,Maccabi Jerusalem,Hebrew Wikipedia
1941/1942,1941,Eretz Israel League,Jerusalem,3,Hapoel Jerusalem,Hebrew Wikipedia
1941/1942,1941,Eretz Israel League,Jerusalem,4,Degel Zion Jerusalem,Hebrew Wikipedia
1941/1942,1941,Eretz Israel League,Jerusalem,5,Christian Club Jerusalem,Hebrew Wikipedia
1941/1942,1941,Eretz Israel League,Jerusalem,6,Whitman Club Jerusalem,Hebrew Wikipedia
1941/1942,1941,Eretz Israel League,Jerusalem,7,R.A.F.S. Jerusalem,Hebrew Wikipedia
1941/1942,1941,Eretz Israel League,Jerusalem,8,Araks Jerusalem,Hebrew Wikipedia
1941/1942,1941,Eretz Israel League,Jerusalem,9,R.A.M.S. Jerusalem,Hebrew Wikipedia
1941/1942,1941,Eretz Israel League,Jerusalem,10,Elitzur Jerusalem,Hebrew Wikipedia
1941/1942,1941,Eretz Israel League,Jerusalem League,1,Homenetmen Jerusalem,English Wikipedia
1941/1942,1941,Eretz Israel League,Jerusalem League,2,Maccabi Jerusalem,English Wikipedia
1941/1942,1941,Eretz Israel League,Jerusalem League,3,Hapoel  Jerusalem,English Wikipedia
1941/1942,1941,Eretz Israel League,Jerusalem League,4,Degel Zion Jerusalem,English Wikipedia
1941/1942,1941,Eretz Israel League,Jerusalem League,5,Christian Club Jerusalem,English Wikipedia
1941/1942,1941,Eretz Israel League,Jerusalem League,6,Armenian Young Men's Society,English Wikipedia
1941/1942,1941,Eretz Israel League,Jerusalem League,7,Royal Army Pay Corps,English Wikipedia
1941/1942,1941,Eretz Israel League,Jerusalem League,8,Araks Jerusalem,English Wikipedia
1941/1942,1941,Eretz Israel League,Jerusalem League,9,Royal Army Medical Corps,English Wikipedia
1941/1942,1941,Eretz Israel League,Jerusalem League,10,Elitzur Jerusalem,English Wikipedia
1941/1942,1941,Eretz Israel League,Southern League,1,Maccabi Rishon LeZion,English Wikipedia
1941/1942,1941,Eretz Israel League,Southern League,2,Maccabi Tel Aviv,English Wikipedia
1941/1942,1941,Eretz Israel League,Southern League,3,Maccabi Nes Ziona,English Wikipedia
1941/1942,1941,Eretz Israel League,Southern League,4,Hapoel Tel Aviv,English Wikipedia
1941/1942,1941,Eretz Israel League,Southern League,5,Maccabi Petah Tikva,English Wikipedia
1941/1942,1941,Eretz Israel League,Southern League,6,Hapoel Petah Tikva,English Wikipedia
1941/1942,1941,Eretz Israel League,Southern League,7,Beitar Tel Aviv,English Wikipedia
1941/1942,1941,Eretz Israel League,Southern League,8,Al-Ahly Jaffa,English Wikipedia
1941/1942,1941,Eretz Israel League,Southern League,9,Hapoel Ramat Gan,English Wikipedia
1941/1942,1941,Eretz Israel League,Southern League,10,Maccabi Rehovot,English Wikipedia
1941/1942,1941,Eretz Israel League,Southern League,11,Hapoel Ironi Herzliya,English Wikipedia
1941/1942,1941,Eretz Israel League,Southern League,12,Hapoel Rishon LeZion,English Wikipedia
1941/1942,1941,Eretz Israel League,Southern League,13,Hakoah Tel Aviv,English Wikipedia
1941/1942,1941,Eretz Israel League,Southern League,14,Degel Zion Tel Aviv,English Wikipedia
1941/1942,1941,Eretz Israel League,Tel Aviv,1,Maccabi Tel Aviv,Hebrew Wikipedia
1941/1942,1941,Eretz Israel League,Tel Aviv,2,Maccabi Rishon LeZion,Hebrew Wikipedia
1941/1942,1941,Eretz Israel League,Tel Aviv,3,Maccabi Nes Ziona,Hebrew Wikipedia
1941/1942,1941,Eretz Israel League,Tel Aviv,4,Hapoel Tel Aviv,Hebrew Wikipedia
1941/1942,1941,Eretz Israel League,Tel Aviv,5,Maccabi Petah Tikva,Hebrew Wikipedia
1941/1942,1941,Eretz Israel League,Tel Aviv,6,Hapoel Petah Tikva,Hebrew Wikipedia
1941/1942,1941,Eretz Israel League,Tel Aviv,7,Beitar Tel Aviv,Hebrew Wikipedia
1941/1942,1941,Eretz Israel League,Tel Aviv,8,National Sport Club Jaffa,Hebrew Wikipedia
1941/1942,1941,Eretz Israel League,Tel Aviv,9,Hapoel Ramat Gan,Hebrew Wikipedia
1941/1942,1941,Eretz Israel League,Tel Aviv,10,Maccabi Rehovot,Hebrew Wikipedia
1941/1942,1941,Eretz Israel League,Tel Aviv,11,Hapoel Ironi Herzliya,Hebrew Wikipedia
1941/1942,1941,Eretz Israel League,Tel Aviv,12,Hapoel Rishon LeZion,Hebrew Wikipedia
1941/1942,1941,Eretz Israel League,Tel Aviv,13,Hakoah Tel Aviv,Hebrew Wikipedia
1941/1942,1941,Eretz Israel League,Tel Aviv,14,Degel Zion Tel Aviv,Hebrew Wikipedia
1941/1942,1941,Liga Bet,North,1,Maccabi Netanya,Hebrew Wikipedia
1941/1942,1941,Liga Bet,North,2,Hapoel Netanya,Hebrew Wikipedia
1941/1942,1941,Liga Bet,North,3,Maccabi Kfar Saba,English Wikipedia
1941/1942,1941,Liga Bet,North,4,Beitar Netanya,Hebrew Wikipedia
1941/1942,1941,Liga Bet,North,5,Hapoel Hadera,Hebrew Wikipedia
1941/1942,1941,Liga Bet,North,6,Hapoel Ra'anana,Hebrew Wikipedia
1941/1942,1941,Liga Bet,North,7,Maccabi Hadera,Hebrew Wikipedia
1941/1942,1941,Liga Bet,South,1,Hapoel Rehovot,Hebrew Wikipedia
1941/1942,1941,Liga Bet,South,2,Bnei Yehuda Tel Aviv,Hebrew Wikipedia
1941/1942,1941,Liga Bet,South,3,Mr. Barker XI,English Wikipedia
1941/1942,1941,Liga Bet,South,4,Maccabi Ramat Gan,English Wikipedia
1941/1942,1941,Liga Bet,South,5,Fire Brigade Rehovot,English Wikipedia
1941/1942,1941,Liga Bet,South,6,Hapoel HaNoar HaOved,English Wikipedia
1941/1942,1941,Liga Bet,South,7,Egged,Hebrew Wikipedia
1941/1942,1941,Liga Bet,South,7,Egged Tel Aviv,English Wikipedia
1943/1944,1943,Eretz Israel League,,1,Hapoel Tel Aviv,Hebrew Wikipedia
1943/1944,1943,Eretz Israel League,,2,Maccabi Rehovot,Hebrew Wikipedia
1943/1944,1943,Eretz Israel League,,3,Maccabi Nes Ziona,Hebrew Wikipedia
1943/1944,1943,Eretz Israel League,,4,Maccabi Tel Aviv,Hebrew Wikipedia
1943/1944,1943,Eretz Israel League,,5,Hapoel Petah Tikva,Hebrew Wikipedia
1943/1944,1943,Eretz Israel League,,6,Maccabi Netanya,Hebrew Wikipedia
1943/1944,1943,Eretz Israel League,,7,Hapoel Ramat Gan,Hebrew Wikipedia
1943/1944,1943,Eretz Israel League,,8,Beitar Tel Aviv,Hebrew Wikipedia
1943/1944,1943,Eretz Israel League,,9,Maccabi Rishon LeZion,Hebrew Wikipedia
1943/1944,1943,Eretz Israel League,,10,Hapoel Rehovot,Hebrew Wikipedia
1943/1944,1943,Eretz Israel League,,11,Hapoel Rishon LeZion,Hebrew Wikipedia
1943/1944,1943,Eretz Israel League,,12,Hakoah Tel Aviv,Hebrew Wikipedia
1943/1944,1943,Eretz Israel League,,13,Maccabi Petah Tikva,Hebrew Wikipedia
1943/1944,1943,Eretz Israel League,,14,Hapoel Ironi Herzliya,Hebrew Wikipedia
1943/1944,1943,Liga Bet,,1,Hapoel Ramat Gan,Hebrew Wikipedia
1943/1944,1943,Liga Bet,,1,Hapoel Itzhar Ramat Gan,English Wikipedia
1943/1944,1943,Liga Bet,,2,Beitar Petah Tikva,English Wikipedia
1943/1944,1943,Liga Bet,,3,Maccabi Tel Aviv,Hebrew Wikipedia
1943/1944,1943,Liga Bet,,4,Beitar Netanya,Hebrew Wikipedia
1943/1944,1943,Liga Bet,,5,Hapoel Tel Aviv,Hebrew Wikipedia
1943/1944,1943,Liga Bet,,6,Maccabi Ramat Gan,Hebrew Wikipedia
1943/1944,1943,Liga Bet,,7,Beitar Harari Tel Aviv,Hebrew Wikipedia
1943/1944,1943,Liga Bet,,7,Harari Tel Aviv,English Wikipedia
1943/1944,1943,Liga Bet,,8,Beitar Ramat Gan,Hebrew Wikipedia
1943/1944,1943,Liga Bet,,9,Maccabi Petah Tikva,Hebrew Wikipedia
1943/1944,1943,Liga Bet,,10,Bnei Yehuda Tel Aviv,Hebrew Wikipedia
1943/1944,1943,Liga Bet,,11,Maccabi Rehovot,Hebrew Wikipedia
1943/1944,1943,Liga Bet,,12,Beitar Rishon LeZion,Hebrew Wikipedia
1943/1944,1943,Liga Bet,,13,Hapoel Netanya,Hebrew Wikipedia
1943/1944,1943,Liga Bet,,14,Egged,Hebrew Wikipedia
1943/1944,1943,Liga Bet,,14,Egged Tel Aviv,English Wikipedia
1944/1945,1944,Eretz Israel League,North,1,Hapoel Tel Aviv,Hebrew Wikipedia
1944/1945,1944,Eretz Israel League,North,2,Hapoel Ramat Gan,Hebrew Wikipedia
1944/1945,1944,Eretz Israel League,North,3,Hapoel Haifa,Hebrew Wikipedia
1944/1945,1944,Eretz Israel League,North,4,Maccabi Tel Aviv,Hebrew Wikipedia
1944/1945,1944,Eretz Israel League,North,5,Hapoel Petah Tikva,Hebrew Wikipedia
1944/1945,1944,Eretz Israel League,North,6,Maccabi Petah Tikva,Hebrew Wikipedia
1944/1945,1944,Eretz Israel League,North,7,Maccabi Netanya,Hebrew Wikipedia
1944/1945,1944,Eretz Israel League,North,8,Hapoel Ironi Herzliya,Hebrew Wikipedia
1944/1945,1944,Eretz Israel League,Northern,1,Hapoel Tel Aviv,English Wikipedia
1944/1945,1944,Eretz Israel League,Northern,2,Hapoel Ramat Gan,English Wikipedia
1944/1945,1944,Eretz Israel League,Northern,3,Hapoel Haifa,English Wikipedia
1944/1945,1944,Eretz Israel League,Northern,4,Maccabi Tel Aviv,English Wikipedia
1944/1945,1944,Eretz Israel League,Northern,5,Hapoel Petah Tikva,English Wikipedia
1944/1945,1944,Eretz Israel League,Northern,6,Maccabi Petah Tikva,English Wikipedia
1944/1945,1944,Eretz Israel League,Northern,7,Maccabi Netanya,English Wikipedia
1944/1945,1944,Eretz Israel League,Northern,8,Hapoel Ironi Herzliya,English Wikipedia
1944/1945,1944,Eretz Israel League,South,1,Beitar Tel Aviv,Hebrew Wikipedia
1944/1945,1944,Eretz Israel League,South,2,Maccabi Rehovot,Hebrew Wikipedia
1944/1945,1944,Eretz Israel League,South,3,Maccabi Rishon LeZion,Hebrew Wikipedia
1944/1945,1944,Eretz Israel League,South,4,Maccabi Nes Ziona,Hebrew Wikipedia
1944/1945,1944,Eretz Israel League,South,5,Hapoel Rehovot,Hebrew Wikipedia
1944/1945,1944,Eretz Israel League,South,6,Hapoel Rishon LeZion,Hebrew Wikipedia
1944/1945,1944,Eretz Israel League,South,7,Hakoah Tel Aviv,Hebrew Wikipedia
1944/1945,1944,Eretz Israel League,Southern,1,Beitar Tel Aviv,English Wikipedia
1944/1945,1944,Eretz Israel League,Southern,2,Maccabi Rehovot,English Wikipedia
1944/1945,1944,Eretz Israel League,Southern,3,Maccabi Rishon LeZion,English Wikipedia
1944/1945,1944,Eretz Israel League,Southern,4,Maccabi Nes Ziona,English Wikipedia
1944/1945,1944,Eretz Israel League,Southern,5,Hapoel Rehovot,English Wikipedia
1944/1945,1944,Eretz Israel League,Southern,6,Hapoel Rishon LeZion,English Wikipedia
1944/1945,1944,Eretz Israel League,Southern,7,Hakoah Tel Aviv,English Wikipedia
1946/1947,1946,Eretz Israel League,,1,Maccabi Tel Aviv,Hebrew Wikipedia
1946/1947,1946,Eretz Israel League,,2,Beitar Tel Aviv,Hebrew Wikipedia
1946/1947,1946,Eretz Israel League,,3,Maccabi Petah Tikva,Hebrew Wikipedia
1946/1947,1946,Eretz Israel League,,4,Hapoel Tel Aviv,Hebrew Wikipedia
1946/1947,1946,Eretz Israel League,,5,Hapoel Petah Tikva,Hebrew Wikipedia
1946/1947,1946,Eretz Israel League,,6,Hapoel Ramat Gan,Hebrew Wikipedia
1946/1947,1946,Eretz Israel League,,7,Maccabi Rehovot,Hebrew Wikipedia
1946/1947,1946,Eretz Israel League,,8,Hapoel Haifa,Hebrew Wikipedia
1946/1947,1946,Eretz Israel League,,9,Maccabi Netanya,Hebrew Wikipedia
1946/1947,1946,Eretz Israel League,,10,Maccabi Rishon LeZion,Hebrew Wikipedia
1946/1947,1946,Eretz Israel League,,11,Maccabi Nes Ziona,Hebrew Wikipedia
1946/1947,1946,Eretz Israel League,,12,Hapoel Rishon LeZion,Hebrew Wikipedia
1946/1947,1946,Eretz Israel League,,13,Hapoel Rehovot,Hebrew Wikipedia
1946/1947,1946,Eretz Israel League,,14,Hapoel Ironi Herzliya,Hebrew Wikipedia
1946/1947,1946,Eretz Israel League,,15,Hakoah Tel Aviv,Hebrew Wikipedia
1946/1947,1946,Liga Bet,North,1,Maccabi Haifa,Hebrew Wikipedia
1946/1947,1946,Liga Bet,North,2,Hapoel Netanya,Hebrew Wikipedia
1946/1947,1946,Liga Bet,North,3,Hapoel Hadera,Hebrew Wikipedia
1946/1947,1946,Liga Bet,North,4,Maccabi Zichron Ya'akov,Hebrew Wikipedia
1946/1947,1946,Liga Bet,North,5,Hapoel Balfuria,Hebrew Wikipedia
1946/1947,1946,Liga Bet,North,5,Hapoel Balfouria,English Wikipedia
1946/1947,1946,Liga Bet,North,6,M.S. Atlit,Hebrew Wikipedia
1946/1947,1946,Liga Bet,North,6,Sport Club Atlit,English Wikipedia
1946/1947,1946,Liga Bet,North,7,Beitar Netanya,Hebrew Wikipedia
1946/1947,1946,Liga Bet,North,7,Beitar Nes Tubruk,English Wikipedia
1946/1947,1946,Liga Bet,North,8,Hapoel Kiryat Haim,Hebrew Wikipedia
1946/1947,1946,Liga Bet,North,9,Maccabi Hadera,Hebrew Wikipedia
1946/1947,1946,Liga Bet,North,10,Hapoel Kiryat Ata,Hebrew Wikipedia
1946/1947,1946,Liga Bet,North,11,Hakoah Haifa,Hebrew Wikipedia
1946/1947,1946,Liga Bet,North,11,Hakoah 09 Haifa,English Wikipedia
1946/1947,1946,Liga Bet,North,12,Degel Yehuda Haifa,Hebrew Wikipedia
1946/1947,1946,Liga Bet,North,13,Brit Poalei Eretz Yisrael Haifa,English Wikipedia
1946/1947,1946,Liga Bet,South,1,Hapoel HaTzafon Tel Aviv,English Wikipedia
1946/1947,1946,Liga Bet,South,2,Hakoah Tel Aviv,English Wikipedia
1946/1947,1946,Liga Bet,South,3,Hapoel Kfar Saba,Hebrew Wikipedia
1946/1947,1946,Liga Bet,South,4,Maccabi Ramat Gan,English Wikipedia
1946/1947,1946,Liga Bet,South,5,Maccabi HaTzafon Tel Aviv,English Wikipedia
1946/1947,1946,Liga Bet,South,6,Maccabi Gedera,Hebrew Wikipedia
1946/1947,1946,Liga Bet,South,7,Hapoel Ra'anana,Hebrew Wikipedia
1946/1947,1946,Liga Bet,South,8,Beitar Ramat Gan,Hebrew Wikipedia
1946/1947,1946,Liga Bet,South,9,Dan Tel Aviv,English Wikipedia
1949/1950,1949,Israeli League,,1,Maccabi Tel Aviv,RSSSF
1949/1950,1949,Israeli League,,2,Hapoel Tel Aviv,RSSSF
1949/1950,1949,Israeli League,,3,Hapoel Haifa,RSSSF
1949/1950,1949,Israeli League,,4,Hapoel Petah Tikva,RSSSF
1949/1950,1949,Israeli League,,5,Maccabi Petah Tikva,RSSSF
1949/1950,1949,Israeli League,,6,Beitar Tel Aviv,RSSSF
1949/1950,1949,Israeli League,,7,Maccabi Haifa,RSSSF
1949/1950,1949,Israeli League,,8,Maccabi Rehovot,RSSSF
1949/1950,1949,Israeli League,,9,Maccabi Netanya,RSSSF
1949/1950,1949,Israeli League,,10,Hapoel Ramat Gan,RSSSF
1949/1950,1949,Israeli League,,11,Hapoel Rishon LeZion,RSSSF
1949/1950,1949,Israeli League,,12,Maccabi Rishon LeZion,RSSSF
1949/1950,1949,Israeli League,,13,Maccabi Nes Ziona,RSSSF
1949/1950,1949,Liga Meuhedet,Jerusalem & South,1,Hapoel Jerusalem,Hebrew Wikipedia
1949/1950,1949,Liga Meuhedet,Jerusalem & South,2,Hapoel Rehovot,Hebrew Wikipedia
1949/1950,1949,Liga Meuhedet,Jerusalem & South,3,Maccabi Sha'arayim,Hebrew Wikipedia
1949/1950,1949,Liga Meuhedet,Jerusalem & South,4,Maccabi Jerusalem,Hebrew Wikipedia
1949/1950,1949,Liga Meuhedet,Jerusalem & South,5,Beitar Jerusalem,Hebrew Wikipedia
1949/1950,1949,Liga Meuhedet,Jerusalem & South,6,Hapoel Lod,Hebrew Wikipedia
1949/1950,1949,Liga Meuhedet,Jerusalem & South,7,Hapoel Ramla,Hebrew Wikipedia
1949/1950,1949,Liga Meuhedet,North,1,Hapoel Kiryat Haim,Hebrew Wikipedia
1949/1950,1949,Liga Meuhedet,North,2,Hakoah Haifa,Hebrew Wikipedia
1949/1950,1949,Liga Meuhedet,North,3,Hapoel Kiryat Ata,Hebrew Wikipedia
1949/1950,1949,Liga Meuhedet,North,4,Hapoel Dror Haifa,Hebrew Wikipedia
1949/1950,1949,Liga Meuhedet,North,5,Hapoel Acre,Hebrew Wikipedia
1949/1950,1949,Liga Meuhedet,North,7,Hapoel Balfuria,Hebrew Wikipedia
1949/1950,1949,Liga Meuhedet,Samaria,1,Hapoel Hadera,Hebrew Wikipedia
1949/1950,1949,Liga Meuhedet,Samaria,3,Maccabi Zichron Ya'akov,Hebrew Wikipedia
1949/1950,1949,Liga Meuhedet,Samaria,4,Hapoel Givat Haim,Hebrew Wikipedia
1949/1950,1949,Liga Meuhedet,Samaria,5,M.S. Atlit,Hebrew Wikipedia
1949/1950,1949,Liga Meuhedet,Samaria,6,Hapoel Zichron Ya'akov,Hebrew Wikipedia
1949/1950,1949,Liga Meuhedet,Samaria,7,Ahva Notzrit Haifa,Hebrew Wikipedia
1949/1950,1949,Liga Meuhedet,Samaria,8,Degel Yehuda Haifa,Hebrew Wikipedia
1949/1950,1949,Liga Meuhedet,Samaria,9,Hapoel Netanya,Hebrew Wikipedia
1949/1950,1949,Liga Meuhedet,Sharon,1,Maccabi Ramat Gan,Hebrew Wikipedia
1949/1950,1949,Liga Meuhedet,Sharon,2,Hapoel Ironi Herzliya,Hebrew Wikipedia
1949/1950,1949,Liga Meuhedet,Sharon,3,Hapoel Ra'anana,Hebrew Wikipedia
1949/1950,1949,Liga Meuhedet,Sharon,4,Hapoel Kfar Saba,Hebrew Wikipedia
1949/1950,1949,Liga Meuhedet,Sharon,6,Beitar Ramat Gan,Hebrew Wikipedia
1949/1950,1949,Liga Meuhedet,Tel Aviv,1,Bnei Yehuda Tel Aviv,Hebrew Wikipedia
1949/1950,1949,Liga Meuhedet,Tel Aviv,3,Maccabi Jaffa,Hebrew Wikipedia
1949/1950,1949,Liga Meuhedet,Tel Aviv,4,Shimshon Tel Aviv,Hebrew Wikipedia
1949/1950,1949,Liga Meuhedet,Tel Aviv,5,Hapoel Holon,Hebrew Wikipedia
1949/1950,1949,Liga Meuhedet,Tel Aviv,6,Hakoah Tel Aviv,Hebrew Wikipedia
1949/1950,1949,Liga Meuhedet,Tel Aviv,7,Degel Zion Tel Aviv,Hebrew Wikipedia
1949/1950,1949,Liga Meuhedet,Tel Aviv,8,Beitar Jaffa,Hebrew Wikipedia
1951/1952,1951,Liga Alef,,1,Maccabi Tel Aviv,RSSSF
1951/1952,1951,Liga Alef,,2,Maccabi Petah Tikva,RSSSF
1951/1952,1951,Liga Alef,,3,Hapoel Haifa,RSSSF
1951/1952,1951,Liga Alef,,4,Hapoel Petah Tikva,RSSSF
1951/1952,1951,Liga Alef,,5,Hapoel Tel Aviv,RSSSF
1951/1952,1951,Liga Alef,,6,Maccabi Rehovot,RSSSF
1951/1952,1951,Liga Alef,,7,Beitar Tel Aviv,RSSSF
1951/1952,1951,Liga Alef,,8,Hapoel Ramat Gan,RSSSF
1951/1952,1951,Liga Alef,,9,Maccabi Netanya,RSSSF
1951/1952,1951,Liga Alef,,10,Maccabi Haifa,RSSSF
1951/1952,1951,Liga Alef,,11,Hapoel Rishon LeZion,RSSSF
1951/1952,1951,Liga Alef,,12,Maccabi Rishon LeZion,RSSSF
1951/1952,1951,Liga Bet,North,1,Hapoel Balfuria,Hebrew Wikipedia
1951/1952,1951,Liga Bet,North,1,Hapoel Balfouria,English Wikipedia
1951/1952,1951,Liga Bet,North,2,Hapoel Hadera,Hebrew Wikipedia
1951/1952,1951,Liga Bet,North,3,Hakoah Haifa,Hebrew Wikipedia
1951/1952,1951,Liga Bet,North,4,Hapoel Netanya,Hebrew Wikipedia
1951/1952,1951,Liga Bet,North,5,Hapoel Kiryat Haim,Hebrew Wikipedia
1951/1952,1951,Liga Bet,North,6,Hapoel HaNamal Haifa,English Wikipedia
1951/1952,1951,Liga Bet,North,7,Maccabi Zichron Ya'akov,Hebrew Wikipedia
1951/1952,1951,Liga Bet,North,8,Degel Yehuda Haifa,Hebrew Wikipedia
1951/1952,1951,Liga Bet,North,9,M.S. Atlit,Hebrew Wikipedia
1951/1952,1951,Liga Bet,North,9,Sport Club Atlit,English Wikipedia
1951/1952,1951,Liga Bet,North,10,Maccabi Hadera,Hebrew Wikipedia
1951/1952,1951,Liga Bet,North,11,Hapoel Dror Haifa,Hebrew Wikipedia
1951/1952,1951,Liga Bet,North,12,Hapoel Kiryat Ata,English Wikipedia
1951/1952,1951,Liga Bet,South,1,Hapoel Kfar Saba,Hebrew Wikipedia
1951/1952,1951,Liga Bet,South,2,Maccabi Ramat Gan,Hebrew Wikipedia
1951/1952,1951,Liga Bet,South,3,Hakoah Tel Aviv,Hebrew Wikipedia
1951/1952,1951,Liga Bet,South,4,Hapoel Jerusalem,Hebrew Wikipedia
1951/1952,1951,Liga Bet,South,5,Hapoel Rehovot,Hebrew Wikipedia
1951/1952,1951,Liga Bet,South,6,Maccabi Jaffa,Hebrew Wikipedia
1951/1952,1951,Liga Bet,South,7,Bnei Yehuda Tel Aviv,Hebrew Wikipedia
1951/1952,1951,Liga Bet,South,8,Beitar Jerusalem,Hebrew Wikipedia
1951/1952,1951,Liga Bet,South,9,Maccabi Jerusalem,Hebrew Wikipedia
1951/1952,1951,Liga Bet,South,10,Hapoel Ra'anana,Hebrew Wikipedia
1951/1952,1951,Liga Bet,South,11,Maccabi Sha'arayim,Hebrew Wikipedia
1951/1952,1951,Liga Bet,South,12,Hapoel Ironi Herzliya,Hebrew Wikipedia
1951/1952,1951,Liga Bet,South,13,Maccabi Nes Ziona,Hebrew Wikipedia
1951/1952,1951,Liga Bet,South,14,Hapoel HaNamal Jaffa,English Wikipedia
1953/1954,1953,Liga Alef,,1,Maccabi Tel Aviv,RSSSF
1953/1954,1953,Liga Alef,,2,Maccabi Petah Tikva,RSSSF
1953/1954,1953,Liga Alef,,3,Hapoel Petah Tikva,RSSSF
1953/1954,1953,Liga Alef,,4,Hapoel Tel Aviv,RSSSF
1953/1954,1953,Liga Alef,,5,Maccabi Rehovot,RSSSF
1953/1954,1953,Liga Alef,,6,Hapoel Ramat Gan,RSSSF
1953/1954,1953,Liga Alef,,7,Maccabi Netanya,RSSSF
1953/1954,1953,Liga Alef,,8,Maccabi Haifa,RSSSF
1953/1954,1953,Liga Alef,,9,Hapoel Haifa,RSSSF
1953/1954,1953,Liga Alef,,10,Hapoel Kfar Saba,RSSSF
1953/1954,1953,Liga Alef,,11,Beitar Tel Aviv,RSSSF
1953/1954,1953,Liga Alef,,12,Hapoel Balfuria,RSSSF
1953/1954,1953,Liga Alef,,12,Hapoel Balfouria,English Wikipedia
1953/1954,1953,Liga Bet,North,1,Hapoel Hadera,Hebrew Wikipedia
1953/1954,1953,Liga Bet,North,2,Hapoel Kiryat Haim,Hebrew Wikipedia
1953/1954,1953,Liga Bet,North,3,M.S. Atlit,Hebrew Wikipedia
1953/1954,1953,Liga Bet,North,3,Sport Club Atlit,English Wikipedia
1953/1954,1953,Liga Bet,North,4,Ahva Notzrit Haifa,Hebrew Wikipedia
1953/1954,1953,Liga Bet,North,5,Hapoel Nahariya,Hebrew Wikipedia
1953/1954,1953,Liga Bet,North,6,Hapoel Netanya,Hebrew Wikipedia
1953/1954,1953,Liga Bet,North,7,Maccabi Hadera,Hebrew Wikipedia
1953/1954,1953,Liga Bet,North,8,Hakoah Haifa,Hebrew Wikipedia
1953/1954,1953,Liga Bet,North,9,Maccabi Zichron Ya'akov,Hebrew Wikipedia
1953/1954,1953,Liga Bet,North,10,Degel Yehuda Haifa,Hebrew Wikipedia
1953/1954,1953,Liga Bet,North,11,Hapoel Dror Haifa,Hebrew Wikipedia
1953/1954,1953,Liga Bet,South,1,Beitar Jerusalem,Hebrew Wikipedia
1953/1954,1953,Liga Bet,South,2,Hapoel Rehovot,Hebrew Wikipedia
1953/1954,1953,Liga Bet,South,3,Hakoah Tel Aviv,Hebrew Wikipedia
1953/1954,1953,Liga Bet,South,4,Hapoel Jerusalem,Hebrew Wikipedia
1953/1954,1953,Liga Bet,South,5,Hapoel Rishon LeZion,Hebrew Wikipedia
1953/1954,1953,Liga Bet,South,6,Maccabi Jaffa,Hebrew Wikipedia
1953/1954,1953,Liga Bet,South,7,Maccabi Sha'arayim,Hebrew Wikipedia
1953/1954,1953,Liga Bet,South,8,Maccabi Jerusalem,Hebrew Wikipedia
1953/1954,1953,Liga Bet,South,9,Maccabi Ramat Gan,Hebrew Wikipedia
1953/1954,1953,Liga Bet,South,10,Hapoel Ra'anana,Hebrew Wikipedia
1953/1954,1953,Liga Bet,South,11,Hapoel Mahane Yehuda,Hebrew Wikipedia
1953/1954,1953,Liga Bet,South,12,Bnei Yehuda Tel Aviv,Hebrew Wikipedia
1953/1954,1953,Liga Bet,South,13,Hapoel Ironi Herzliya,Hebrew Wikipedia
1953/1954,1953,Liga Bet,South,14,Hapoel Mishmar HaShiv'a,English Wikipedia
1954/1955,1954,Liga Bet,North,1,Hapoel Kiryat Haim,Hebrew Wikipedia
1954/1955,1954,Liga Bet,North,2,Ahva Notzrit Haifa,Hebrew Wikipedia
1954/1955,1954,Liga Bet,North,3,Hapoel Nahariya,Hebrew Wikipedia
1954/1955,1954,Liga Bet,North,4,Hapoel Ra'anana,Hebrew Wikipedia
1954/1955,1954,Liga Bet,North,5,Hapoel Beit Lid,English Wikipedia
1954/1955,1954,Liga Bet,North,6,Hakoah Haifa,Hebrew Wikipedia
1954/1955,1954,Liga Bet,North,7,Hapoel Acre,Hebrew Wikipedia
1954/1955,1954,Liga Bet,North,8,M.S. Atlit,Hebrew Wikipedia
1954/1955,1954,Liga Bet,North,8,Sport Club Atlit,English Wikipedia
1954/1955,1954,Liga Bet,North,9,Maccabi Hadera,Hebrew Wikipedia
1954/1955,1954,Liga Bet,North,10,Maccabi Zichron Ya'akov,Hebrew Wikipedia
1954/1955,1954,Liga Bet,North,11,Hapoel Netanya,Hebrew Wikipedia
1954/1955,1954,Liga Bet,South,1,Maccabi Jaffa,Hebrew Wikipedia
1954/1955,1954,Liga Bet,South,2,Hakoah Tel Aviv,Hebrew Wikipedia
1954/1955,1954,Liga Bet,South,3,Hapoel Jerusalem,Hebrew Wikipedia
1954/1955,1954,Liga Bet,South,4,Hapoel Mahane Yehuda,Hebrew Wikipedia
1954/1955,1954,Liga Bet,South,5,Hapoel Rehovot,Hebrew Wikipedia
1954/1955,1954,Liga Bet,South,6,Maccabi Ramat Gan,Hebrew Wikipedia
1954/1955,1954,Liga Bet,South,7,Maccabi Jerusalem,Hebrew Wikipedia
1954/1955,1954,Liga Bet,South,8,Bnei Yehuda Tel Aviv,Hebrew Wikipedia
1954/1955,1954,Liga Bet,South,9,Maccabi Sha'arayim,Hebrew Wikipedia
1954/1955,1954,Liga Bet,South,10,Hapoel Rishon LeZion,Hebrew Wikipedia
1954/1955,1954,Liga Bet,South,11,Beitar Jaffa,Hebrew Wikipedia
1954/1955,1954,Liga Bet,South,12,YMCA Jerusalem,Hebrew Wikipedia
1954/1955,1954,Liga Gimel,Central,1,Hapoel HaMegabesh Rishon LeZion,English Wikipedia
1954/1955,1954,Liga Gimel,Central,2,Maccabi Ramla,English Wikipedia
1954/1955,1954,Liga Gimel,Central,3,Hapoel Ramla,English Wikipedia
1954/1955,1954,Liga Gimel,Central,4,Hapoel Nes Tziona,English Wikipedia
1954/1955,1954,Liga Gimel,Central,5,Beitar Yehuda Jerusalem,English Wikipedia
1954/1955,1954,Liga Gimel,Central,6,Hapoel Be'er Ya'akov,English Wikipedia
1954/1955,1954,Liga Gimel,Central,7,Hapoel HaGibor Jerusalem,English Wikipedia
1954/1955,1954,Liga Gimel,Central,8,Kochav HaTzafon Jerusalem,English Wikipedia
1954/1955,1954,Liga Gimel,Central,9,Hapoel Marmorek,English Wikipedia
1954/1955,1954,Liga Gimel,Central,10,Kochav HaDarom Nes Tziona,English Wikipedia
1954/1955,1954,Liga Gimel,Central,11,Beitar Ramla,English Wikipedia
1954/1955,1954,Liga Gimel,Central,12,HaKochav Lod,English Wikipedia
1954/1955,1954,Liga Gimel,Central,13,Beitar Lod,English Wikipedia
1954/1955,1954,Liga Gimel,Central,14,HaPortzim Jerusalem,English Wikipedia
1954/1955,1954,Liga Gimel,Middle,1,Maccabi Shmuel Tel Aviv,English Wikipedia
1954/1955,1954,Liga Gimel,Middle,2,Shimshon Tel Aviv,English Wikipedia
1954/1955,1954,Liga Gimel,Middle,3,Hapoel Jaffa,English Wikipedia
1954/1955,1954,Liga Gimel,Middle,4,Hapoel Ever HaYarkon,English Wikipedia
1954/1955,1954,Liga Gimel,Middle,5,Hapoel Azor,English Wikipedia
1954/1955,1954,Liga Gimel,Middle,6,Hapoel Lod,English Wikipedia
1954/1955,1954,Liga Gimel,Middle,7,Degel Zion Tel Aviv,English Wikipedia
1954/1955,1954,Liga Gimel,Middle,8,Hapoel Holon,English Wikipedia
1954/1955,1954,Liga Gimel,Middle,9,Beitar Givat Aliyah,English Wikipedia
1954/1955,1954,Liga Gimel,Middle,10,Beitar Holon,English Wikipedia
1954/1955,1954,Liga Gimel,Middle,11,Maccabi Holon,English Wikipedia
1954/1955,1954,Liga Gimel,Middle,12,Maccabi Lod,English Wikipedia
1954/1955,1954,Liga Gimel,Middle,13,Beitar Ezra,English Wikipedia
1954/1955,1954,Liga Gimel,Middle,14,Bar Kokhba Tel Aviv,English Wikipedia
1954/1955,1954,Liga Gimel,Negev,1,Hapoel Mefalsim,English Wikipedia
1954/1955,1954,Liga Gimel,Negev,2,Hapoel Shoval,English Wikipedia
1954/1955,1954,Liga Gimel,Negev,3,Hapoel Ashkelon,English Wikipedia
1954/1955,1954,Liga Gimel,Negev,4,Hapoel Yuval Gad,English Wikipedia
1954/1955,1954,Liga Gimel,Negev,5,Hapoel Yoav,English Wikipedia
1954/1955,1954,Liga Gimel,Negev,6,Hapoel Kiryat Malakhi,English Wikipedia
1954/1955,1954,Liga Gimel,Negev,7,Hapoel Be'er Sheva,English Wikipedia
1954/1955,1954,Liga Gimel,North,1,Hapoel Tirat Carmel,English Wikipedia
1954/1955,1954,Liga Gimel,North,2,Hapoel Tel Hanan,English Wikipedia
1954/1955,1954,Liga Gimel,North,3,Ortodoxim Haifa,English Wikipedia
1954/1955,1954,Liga Gimel,North,4,Beitar Haifa,English Wikipedia
1954/1955,1954,Liga Gimel,North,5,Hapoel Zvi Nahariya,English Wikipedia
1954/1955,1954,Liga Gimel,North,6,Maccabi Rosh Pinna,English Wikipedia
1954/1955,1954,Liga Gimel,North,7,Hapoel Safed,English Wikipedia
1954/1955,1954,Liga Gimel,North,8,Maccabi Safed,English Wikipedia
1954/1955,1954,Liga Gimel,North,9,Degel Yehuda Haifa,English Wikipedia
1954/1955,1954,Liga Gimel,North,10,Kibbutz Galuyot Haifa,English Wikipedia
1954/1955,1954,Liga Gimel,North,11,Homenetmen Haifa,English Wikipedia
1954/1955,1954,Liga Gimel,North,12,Kadima Nahariya,English Wikipedia
1954/1955,1954,Liga Gimel,Samaria,1,Hapoel Even Yehuda,English Wikipedia
1954/1955,1954,Liga Gimel,Samaria,2,Maccabi Binyamina,English Wikipedia
1954/1955,1954,Liga Gimel,Samaria,3,Beitar Nes Tubruk,English Wikipedia
1954/1955,1954,Liga Gimel,Samaria,4,Beitar Binyamina,English Wikipedia
1954/1955,1954,Liga Gimel,Samaria,5,Hapoel Zikhron Ya'akov,English Wikipedia
1954/1955,1954,Liga Gimel,Samaria,6,Hapoel Pardes Hanna,English Wikipedia
1954/1955,1954,Liga Gimel,Samaria,7,Hapoel Shimon Netanya,English Wikipedia
1954/1955,1954,Liga Gimel,Samaria,8,Hapoel Nahsholim,English Wikipedia
1954/1955,1954,Liga Gimel,Samaria,9,Hapoel HaHotrim,English Wikipedia
1954/1955,1954,Liga Gimel,Samaria,10,Beitar Alona,English Wikipedia
1954/1955,1954,Liga Gimel,Sharon,1,Beitar Mahane Yehuda,English Wikipedia
1954/1955,1954,Liga Gimel,Sharon,2,Hapoel Kiryat Ono,English Wikipedia
1954/1955,1954,Liga Gimel,Sharon,3,Hapoel Ironi Herzliya,English Wikipedia
1954/1955,1954,Liga Gimel,Sharon,4,Hapoel Or Yehuda,English Wikipedia
1954/1955,1954,Liga Gimel,Sharon,5,Maccabi Ein Ganim,English Wikipedia
1954/1955,1954,Liga Gimel,Sharon,6,Hapoel Yehud,English Wikipedia
1954/1955,1954,Liga Gimel,Sharon,7,Hapoel Hod HaSharon,English Wikipedia
1954/1955,1954,Liga Gimel,Sharon,8,Kadima Jaffa,English Wikipedia
1954/1955,1954,Liga Gimel,Sharon,9,Hapoel Ganei Tikva,English Wikipedia
1954/1955,1954,Liga Gimel,Sharon,10,Beitar Or Yehuda,English Wikipedia
1954/1955,1954,Liga Gimel,Sharon,11,Beitar Ramat Gan,English Wikipedia
1954/1955,1954,Liga Gimel,Sharon,12,Hapoel Beit Dagan,English Wikipedia
1954/1955,1954,Liga Gimel,Sharon,13,Maccabi Hod HaSharon,English Wikipedia
1954/1955,1954,Liga Gimel,Sharon,14,Maccabi Yehud,English Wikipedia
1954/1955,1954,Liga Leumit,,1,Hapoel Petah Tikva,RSSSF
1954/1955,1954,Liga Leumit,,2,Maccabi Tel Aviv,RSSSF
1954/1955,1954,Liga Leumit,,3,Hapoel Tel Aviv,RSSSF
1954/1955,1954,Liga Leumit,,4,Maccabi Netanya,RSSSF
1954/1955,1954,Liga Leumit,,5,Beitar Tel Aviv,RSSSF
1954/1955,1954,Liga Leumit,,6,Maccabi Haifa,RSSSF
1954/1955,1954,Liga Leumit,,7,Maccabi Petah Tikva,RSSSF
1954/1955,1954,Liga Leumit,,8,Maccabi Rehovot,RSSSF
1954/1955,1954,Liga Leumit,,9,Hapoel Haifa,RSSSF
1954/1955,1954,Liga Leumit,,10,Hapoel Ramat Gan,RSSSF
1954/1955,1954,Liga Leumit,,11,Beitar Jerusalem,RSSSF
1954/1955,1954,Liga Leumit,,12,Hapoel Kfar Saba,RSSSF
1954/1955,1954,Liga Leumit,,13,Hapoel Hadera,RSSSF
1954/1955,1954,Liga Leumit,,14,Hapoel Balfuria,RSSSF
1954/1955,1954,Liga Leumit,,14,Hapoel Balfouria,English Wikipedia
1955/1956,1955,Liga Alef,,1,Hakoah Tel Aviv,Hebrew Wikipedia
1955/1956,1955,Liga Alef,,2,Hapoel Kiryat Haim,Hebrew Wikipedia
1955/1956,1955,Liga Alef,,3,Hapoel Jerusalem,Hebrew Wikipedia
1955/1956,1955,Liga Alef,,4,Hapoel Nahariya,Hebrew Wikipedia
1955/1956,1955,Liga Alef,,5,Hapoel Rehovot,Hebrew Wikipedia
1955/1956,1955,Liga Alef,,6,Hapoel Mahane Yehuda,Hebrew Wikipedia
1955/1956,1955,Liga Alef,,7,Hapoel Hadera,Hebrew Wikipedia
1955/1956,1955,Liga Alef,,8,Maccabi Ramat Gan,Hebrew Wikipedia
1955/1956,1955,Liga Alef,,9,Ahva Notzrit Haifa,Hebrew Wikipedia
1955/1956,1955,Liga Alef,,10,Beitar Jerusalem,Hebrew Wikipedia
1955/1956,1955,Liga Alef,,11,Hapoel Ra'anana,Hebrew Wikipedia
1955/1956,1955,Liga Alef,,12,Hapoel Balfuria,Hebrew Wikipedia
1955/1956,1955,Liga Alef,,12,Hapoel Balfouria,English Wikipedia
1955/1956,1955,Liga Bet,North,1,Maccabi Hadera,English Wikipedia
1955/1956,1955,Liga Bet,North,2,Hapoel Beit Lid,English Wikipedia
1955/1956,1955,Liga Bet,North,3,Hapoel Netanya,English Wikipedia
1955/1956,1955,Liga Bet,North,4,Sport Club Atlit,English Wikipedia
1955/1956,1955,Liga Bet,North,5,Hapoel Even Yehuda,English Wikipedia
1955/1956,1955,Liga Bet,North,6,Hapoel Acre,English Wikipedia
1955/1956,1955,Liga Bet,North,7,Maccabi Zichron Ya'akov,English Wikipedia
1955/1956,1955,Liga Bet,North,8,Hapoel Tirat Carmel,English Wikipedia
1955/1956,1955,Liga Bet,North,9,Beitar Mahane Yehuda,English Wikipedia
1955/1956,1955,Liga Bet,North,10,Hapoel Tel Hanan,English Wikipedia
1955/1956,1955,Liga Bet,North,11,Hakoah Haifa,English Wikipedia
1955/1956,1955,Liga Bet,North,12,Maccabi Binyamina,English Wikipedia
1955/1956,1955,Liga Bet,South,1,Maccabi Sha'arayim,English Wikipedia
1955/1956,1955,Liga Bet,South,2,Maccabi Shmuel Tel Aviv,English Wikipedia
1955/1956,1955,Liga Bet,South,3,Shimshon Tel Aviv,English Wikipedia
1955/1956,1955,Liga Bet,South,4,Hapoel Rishon LeZion,English Wikipedia
1955/1956,1955,Liga Bet,South,5,Beitar Jaffa,English Wikipedia
1955/1956,1955,Liga Bet,South,6,Bnei Yehuda Tel Aviv,English Wikipedia
1955/1956,1955,Liga Bet,South,7,Hapoel Kiryat Ono,English Wikipedia
1955/1956,1955,Liga Bet,South,8,Maccabi Ramla,English Wikipedia
1955/1956,1955,Liga Bet,South,9,Hapoel Mefalsim,English Wikipedia
1955/1956,1955,Liga Bet,South,10,Hapoel HaMegabesh Rishon LeZion,English Wikipedia
1955/1956,1955,Liga Bet,South,11,Maccabi Jerusalem,English Wikipedia
1955/1956,1955,Liga Bet,South,12,YMCA Jerusalem,English Wikipedia
1955/1956,1955,Liga Gimel,Central,1,Hapoel Ramla,English Wikipedia
1955/1956,1955,Liga Gimel,Central,2,Beitar Lod,English Wikipedia
1955/1956,1955,Liga Gimel,Central,3,Beitar Ramla,English Wikipedia
1955/1956,1955,Liga Gimel,Central,4,Hapoel Or Yehuda,English Wikipedia
1955/1956,1955,Liga Gimel,Central,5,Hapoel Yehud,English Wikipedia
1955/1956,1955,Liga Gimel,Central,6,Hapoel Kochav HaTzafon Jerusalem,English Wikipedia
1955/1956,1955,Liga Gimel,Central,7,HaKochav Lod,English Wikipedia
1955/1956,1955,Liga Gimel,Central,8,Hapoel Hod HaSharon,English Wikipedia
1955/1956,1955,Liga Gimel,Dan,1,Hapoel Jaffa,English Wikipedia
1955/1956,1955,Liga Gimel,Dan,2,Maccabi Bat Yam,English Wikipedia
1955/1956,1955,Liga Gimel,Dan,3,Hapoel Ever HaYarkon,English Wikipedia
1955/1956,1955,Liga Gimel,Dan,4,Kadima Jaffa,English Wikipedia
1955/1956,1955,Liga Gimel,Dan,5,Beitar Or Yehuda,English Wikipedia
1955/1956,1955,Liga Gimel,Dan,6,Bar Kochva Tel Aviv,English Wikipedia
1955/1956,1955,Liga Gimel,Dan,7,Hapoel Bat Yam,English Wikipedia
1955/1956,1955,Liga Gimel,Dan,8,Beitar Bat Yam,English Wikipedia
1955/1956,1955,Liga Gimel,Jordan Valley,1,Hapoel Tiberias,English Wikipedia
1955/1956,1955,Liga Gimel,Jordan Valley,2,Beitar Tiberias,English Wikipedia
1955/1956,1955,Liga Gimel,Jordan Valley,3,Hapoel Afikim,English Wikipedia
1955/1956,1955,Liga Gimel,Jordan Valley,4,Hapoel Ma'agan,English Wikipedia
1955/1956,1955,Liga Gimel,Jordan Valley,5,Hapoel Yavne'el,English Wikipedia
1955/1956,1955,Liga Gimel,Jordan Valley,6,Hapoel Kinneret,English Wikipedia
1955/1956,1955,Liga Gimel,Middle,1,Hapoel Holon,English Wikipedia
1955/1956,1955,Liga Gimel,Middle,2,Maccabi Holon,English Wikipedia
1955/1956,1955,Liga Gimel,Middle,3,Hapoel Ganei Tikva,English Wikipedia
1955/1956,1955,Liga Gimel,Middle,4,Terra Santa Jaffa,English Wikipedia
1955/1956,1955,Liga Gimel,Middle,5,Hapoel Beit Dagan,English Wikipedia
1955/1956,1955,Liga Gimel,Middle,6,Beitar Yehuda Jerusalem,English Wikipedia
1955/1956,1955,Liga Gimel,Middle,7,Beitar Holon,English Wikipedia
1955/1956,1955,Liga Gimel,Middle,8,Hapoel Kochav Or Yehuda,English Wikipedia
1955/1956,1955,Liga Gimel,Middle,9,Hapoel Azor,English Wikipedia
1955/1956,1955,Liga Gimel,Middle,10,Beitar Beit Dagan,English Wikipedia
1955/1956,1955,Liga Gimel,North,1,Hapoel Zikhron Ya'akov,English Wikipedia
1955/1956,1955,Liga Gimel,North,2,Beitar Yehuda Haifa,English Wikipedia
1955/1956,1955,Liga Gimel,North,3,Atid Haifa,English Wikipedia
1955/1956,1955,Liga Gimel,North,4,Beitar Binyamina,English Wikipedia
1955/1956,1955,Liga Gimel,North,5,Hapoel Givat Zaid,English Wikipedia
1955/1956,1955,Liga Gimel,North,6,Beitar Pardes Hanna,English Wikipedia
1955/1956,1955,Liga Gimel,Samaria,1,Hapoel Givat Haim,English Wikipedia
1955/1956,1955,Liga Gimel,Samaria,2,Beitar Netanya,English Wikipedia
1955/1956,1955,Liga Gimel,Samaria,3,Hapoel Nahliel,English Wikipedia
1955/1956,1955,Liga Gimel,Samaria,4,Hapoel Givat Olga,English Wikipedia
1955/1956,1955,Liga Gimel,Samaria,5,Hapoel Yanuv,English Wikipedia
1955/1956,1955,Liga Gimel,Samaria,6,Hapoel Kfar Yona,English Wikipedia
1955/1956,1955,Liga Gimel,Samaria,7,Maccabi Meyasdim Hadera,English Wikipedia
1955/1956,1955,Liga Gimel,Samaria,8,Hapoel Burgata,English Wikipedia
1955/1956,1955,Liga Gimel,Sharon,1,Hapoel Lod,English Wikipedia
1955/1956,1955,Liga Gimel,Sharon,2,Hapoel Ironi Herzliya,English Wikipedia
1955/1956,1955,Liga Gimel,Sharon,3,Hapoel Neve Yamin,English Wikipedia
1955/1956,1955,Liga Gimel,Sharon,4,Hapoel EliShama,English Wikipedia
1955/1956,1955,Liga Gimel,Sharon,5,Hapoel Jaljulia,English Wikipedia
1955/1956,1955,Liga Gimel,South,1,Hapoel Be'er Sheva,English Wikipedia
1955/1956,1955,Liga Gimel,South,2,Sektzia Nes Tziona,English Wikipedia
1955/1956,1955,Liga Gimel,South,3,Hapoel Be'er Ya'akov,English Wikipedia
1955/1956,1955,Liga Gimel,South,4,Hapoel Marmorek,English Wikipedia
1955/1956,1955,Liga Gimel,South,5,Hapoel Shoval,English Wikipedia
1955/1956,1955,Liga Gimel,South,6,Hapoel Sha'arayim,English Wikipedia
1955/1956,1955,Liga Gimel,South,7,Kochav Nes Tziona,English Wikipedia
1955/1956,1955,Liga Gimel,Upper Galilee,1,Hapoel Safed,English Wikipedia
1955/1956,1955,Liga Gimel,Upper Galilee,2,Hapoel Kfar Giladi,English Wikipedia
1955/1956,1955,Liga Gimel,Upper Galilee,3,HaChalutz Safed,English Wikipedia
1955/1956,1955,Liga Gimel,Upper Galilee,4,Hapoel Ayelet HaShahar,English Wikipedia
1955/1956,1955,Liga Gimel,Upper Galilee,5,Hapoel Kiryat Shmona,English Wikipedia
1955/1956,1955,Liga Gimel,Upper Galilee,6,Hapoel Lehavot HaBashan,English Wikipedia
1955/1956,1955,Liga Gimel,Western Galilee,1,Hapoel Kiryat Ata,English Wikipedia
1955/1956,1955,Liga Gimel,Western Galilee,2,Beitar Acre,English Wikipedia
1955/1956,1955,Liga Gimel,Western Galilee,3,Hapoel Zvi Nahariya,English Wikipedia
1955/1956,1955,Liga Gimel,Western Galilee,4,Hapoel Kfar Hasidim,English Wikipedia
1955/1956,1955,Liga Gimel,Western Galilee,5,Hapoel Yas'ur,English Wikipedia
1955/1956,1955,Liga Gimel,Western Galilee,6,Hapoel Doveh Beit HaEmek,English Wikipedia
1955/1956,1955,Liga Gimel,Western Galilee,7,Hapoel Yehiam Kabri,English Wikipedia
1955/1956,1955,Liga Gimel,Western Galilee,8,Hapoel Matzuva Hanita,English Wikipedia
1955/1956,1955,Liga Leumit,,1,Maccabi Tel Aviv,RSSSF
1955/1956,1955,Liga Leumit,,2,Hapoel Petah Tikva,RSSSF
1955/1956,1955,Liga Leumit,,3,Hapoel Tel Aviv,RSSSF
1955/1956,1955,Liga Leumit,,4,Maccabi Petah Tikva,RSSSF
1955/1956,1955,Liga Leumit,,5,Maccabi Haifa,RSSSF
1955/1956,1955,Liga Leumit,,6,Hapoel Haifa,RSSSF
1955/1956,1955,Liga Leumit,,7,Beitar Tel Aviv,RSSSF
1955/1956,1955,Liga Leumit,,8,Maccabi Netanya,RSSSF
1955/1956,1955,Liga Leumit,,9,Hapoel Ramat Gan,RSSSF
1955/1956,1955,Liga Leumit,,10,Maccabi Jaffa,RSSSF
1955/1956,1955,Liga Leumit,,11,Maccabi Rehovot,RSSSF
1955/1956,1955,Liga Leumit,,12,Hapoel Kfar Saba,RSSSF
1956/1957,1956,Liga Alef,,1,Hapoel Kfar Saba,Hebrew Wikipedia
1956/1957,1956,Liga Alef,,2,Maccabi Rehovot,Hebrew Wikipedia
1956/1957,1956,Liga Alef,,3,Hapoel Jerusalem,Hebrew Wikipedia
1956/1957,1956,Liga Alef,,4,Hapoel Hadera,Hebrew Wikipedia
1956/1957,1956,Liga Alef,,5,Hakoah Tel Aviv,Hebrew Wikipedia
1956/1957,1956,Liga Alef,,6,Beitar Jerusalem,Hebrew Wikipedia
1956/1957,1956,Liga Alef,,7,Hapoel Mahane Yehuda,Hebrew Wikipedia
1956/1957,1956,Liga Alef,,8,Hapoel Kiryat Haim,Hebrew Wikipedia
1956/1957,1956,Liga Alef,,9,Maccabi Sha'arayim,Hebrew Wikipedia
1956/1957,1956,Liga Alef,,10,Hapoel Rehovot,Hebrew Wikipedia
1956/1957,1956,Liga Alef,,11,Hapoel Nahariya,Hebrew Wikipedia
1956/1957,1956,Liga Alef,,12,Maccabi Ramat Gan,Hebrew Wikipedia
1956/1957,1956,Liga Bet,North,1,Hapoel Balfouria,English Wikipedia
1956/1957,1956,Liga Bet,North,2,Maccabi Hadera,English Wikipedia
1956/1957,1956,Liga Bet,North,3,Hapoel Netanya,English Wikipedia
1956/1957,1956,Liga Bet,North,4,Hapoel Tiberias,English Wikipedia
1956/1957,1956,Liga Bet,North,5,Hapoel Acre,English Wikipedia
1956/1957,1956,Liga Bet,North,6,Hapoel Even Yehuda,English Wikipedia
1956/1957,1956,Liga Bet,North,7,Hapoel Tirat Carmel,English Wikipedia
1956/1957,1956,Liga Bet,North,8,Hapoel Beit Lid,English Wikipedia
1956/1957,1956,Liga Bet,North,9,Hapoel Kiryat Ata,English Wikipedia
1956/1957,1956,Liga Bet,North,10,Hapoel Atlit,English Wikipedia
1956/1957,1956,Liga Bet,North,11,Hapoel Tel Hanan,English Wikipedia
1956/1957,1956,Liga Bet,North,12,Maccabi Zichron Ya'akov,English Wikipedia
1956/1957,1956,Liga Bet,South,1,Shimshon Tel Aviv,English Wikipedia
1956/1957,1956,Liga Bet,South,2,Bnei Yehuda Tel Aviv,English Wikipedia
1956/1957,1956,Liga Bet,South,3,Hapoel Rishon LeZion,English Wikipedia
1956/1957,1956,Liga Bet,South,4,Hapoel Ramla,English Wikipedia
1956/1957,1956,Liga Bet,South,5,Hapoel Kiryat Ono,English Wikipedia
1956/1957,1956,Liga Bet,South,6,Maccabi Shmuel Tel Aviv,English Wikipedia
1956/1957,1956,Liga Bet,South,7,Hapoel Be'er Sheva,English Wikipedia
1956/1957,1956,Liga Bet,South,8,Maccabi Ramla,English Wikipedia
1956/1957,1956,Liga Bet,South,9,Beitar Jaffa,English Wikipedia
1956/1957,1956,Liga Bet,South,10,Hapoel Ra'anana,English Wikipedia
1956/1957,1956,Liga Bet,South,11,Beitar Mahane Yehuda,English Wikipedia
1956/1957,1956,Liga Bet,South,12,Hapoel HaMegabesh Rishon LeZion,English Wikipedia
1956/1957,1956,Liga Bet,South,13,Hapoel Mefalsim Sha'ar HaNegev,English Wikipedia
1956/1957,1956,Liga Leumit,,1,Hapoel Tel Aviv,RSSSF
1956/1957,1956,Liga Leumit,,2,Hapoel Petah Tikva,RSSSF
1956/1957,1956,Liga Leumit,,3,Maccabi Tel Aviv,RSSSF
1956/1957,1956,Liga Leumit,,4,Maccabi Petah Tikva,RSSSF
1956/1957,1956,Liga Leumit,,5,Maccabi Haifa,RSSSF
1956/1957,1956,Liga Leumit,,6,Beitar Tel Aviv,RSSSF
1956/1957,1956,Liga Leumit,,7,Maccabi Netanya,RSSSF
1956/1957,1956,Liga Leumit,,8,Hapoel Haifa,RSSSF
1956/1957,1956,Liga Leumit,,9,Hapoel Ramat Gan,RSSSF
1956/1957,1956,Liga Leumit,,10,Maccabi Jaffa,RSSSF
1957/1958,1957,Liga Alef,,1,Beitar Jerusalem,Hebrew Wikipedia
1957/1958,1957,Liga Alef,,2,Bnei Yehuda Tel Aviv,Hebrew Wikipedia
1957/1958,1957,Liga Alef,,3,Hapoel Mahane Yehuda,Hebrew Wikipedia
1957/1958,1957,Liga Alef,,4,Shimshon Tel Aviv,Hebrew Wikipedia
1957/1958,1957,Liga Alef,,5,Hapoel Kiryat Haim,Hebrew Wikipedia
1957/1958,1957,Liga Alef,,6,Maccabi Hadera,Hebrew Wikipedia
1957/1958,1957,Liga Alef,,7,Maccabi Rehovot,Hebrew Wikipedia
1957/1958,1957,Liga Alef,,8,Hapoel Hadera,Hebrew Wikipedia
1957/1958,1957,Liga Alef,,9,Hakoah Tel Aviv,Hebrew Wikipedia
1957/1958,1957,Liga Alef,,10,Hapoel Afula,Hebrew Wikipedia
1957/1958,1957,Liga Alef,,11,Hapoel Rehovot,Hebrew Wikipedia
1957/1958,1957,Liga Alef,,12,Maccabi Sha'arayim,Hebrew Wikipedia
1957/1958,1957,Liga Bet,North,1,Hapoel Tiberias,English Wikipedia
1957/1958,1957,Liga Bet,North,2,Hapoel Tirat Carmel,English Wikipedia
1957/1958,1957,Liga Bet,North,3,Hapoel Netanya,English Wikipedia
1957/1958,1957,Liga Bet,North,4,Hapoel Tel Hanan,English Wikipedia
1957/1958,1957,Liga Bet,North,5,Hapoel Kiryat Ata,English Wikipedia
1957/1958,1957,Liga Bet,North,6,Hapoel Safed,English Wikipedia
1957/1958,1957,Liga Bet,North,7,Beitar Nes Tubruk,English Wikipedia
1957/1958,1957,Liga Bet,North,8,Hapoel Beit Lid,English Wikipedia
1957/1958,1957,Liga Bet,North,9,Hapoel Acre,English Wikipedia
1957/1958,1957,Liga Bet,North,10,Hapoel Nahariya,English Wikipedia
1957/1958,1957,Liga Bet,North,11,Hapoel Atlit,English Wikipedia
1957/1958,1957,Liga Bet,North,12,Hapoel Even Yehuda,English Wikipedia
1957/1958,1957,Liga Bet,South,1,Hapoel Ramla,English Wikipedia
1957/1958,1957,Liga Bet,South,2,Hapoel Be'er Sheva,English Wikipedia
1957/1958,1957,Liga Bet,South,3,Hapoel Holon,English Wikipedia
1957/1958,1957,Liga Bet,South,4,Maccabi Ramat Gan,English Wikipedia
1957/1958,1957,Liga Bet,South,5,Hapoel Rishon LeZion,English Wikipedia
1957/1958,1957,Liga Bet,South,6,Hapoel Kiryat Ono,English Wikipedia
1957/1958,1957,Liga Bet,South,7,Maccabi Ramla,English Wikipedia
1957/1958,1957,Liga Bet,South,8,Maccabi Shmuel Tel Aviv,English Wikipedia
1957/1958,1957,Liga Bet,South,9,Sektzia Nes Tziona,English Wikipedia
1957/1958,1957,Liga Bet,South,10,Hapoel Ra'anana,English Wikipedia
1957/1958,1957,Liga Bet,South,11,Beitar Mahane Yehuda,English Wikipedia
1957/1958,1957,Liga Bet,South,12,Beitar Jaffa,English Wikipedia
1957/1958,1957,Liga Leumit,,1,Maccabi Tel Aviv,RSSSF
1957/1958,1957,Liga Leumit,,2,Hapoel Petah Tikva,RSSSF
1957/1958,1957,Liga Leumit,,3,Maccabi Haifa,RSSSF
1957/1958,1957,Liga Leumit,,4,Maccabi Netanya,RSSSF
1957/1958,1957,Liga Leumit,,5,Hapoel Tel Aviv,RSSSF
1957/1958,1957,Liga Leumit,,6,Hapoel Ramat Gan,RSSSF
1957/1958,1957,Liga Leumit,,7,Hapoel Haifa,RSSSF
1957/1958,1957,Liga Leumit,,8,Maccabi Jaffa,RSSSF
1957/1958,1957,Liga Leumit,,9,Beitar Tel Aviv,RSSSF
1957/1958,1957,Liga Leumit,,10,Hapoel Jerusalem,RSSSF
1957/1958,1957,Liga Leumit,,11,Maccabi Petah Tikva,RSSSF
1957/1958,1957,Liga Leumit,,12,Hapoel Kfar Saba,RSSSF
1958/1959,1958,Liga Alef,,1,Bnei Yehuda Tel Aviv,Hebrew Wikipedia
1958/1959,1958,Liga Alef,,2,Hapoel Kiryat Haim,Hebrew Wikipedia
1958/1959,1958,Liga Alef,,3,Hakoah Tel Aviv,Hebrew Wikipedia
1958/1959,1958,Liga Alef,,4,Beitar Jerusalem,Hebrew Wikipedia
1958/1959,1958,Liga Alef,,5,Maccabi Hadera,Hebrew Wikipedia
1958/1959,1958,Liga Alef,,6,Hapoel Rehovot,Hebrew Wikipedia
1958/1959,1958,Liga Alef,,7,Hapoel Mahane Yehuda,Hebrew Wikipedia
1958/1959,1958,Liga Alef,,8,Hapoel Hadera,Hebrew Wikipedia
1958/1959,1958,Liga Alef,,9,Maccabi Rehovot,Hebrew Wikipedia
1958/1959,1958,Liga Alef,,10,Shimshon Tel Aviv,Hebrew Wikipedia
1958/1959,1958,Liga Alef,,11,Maccabi Sha'arayim,Hebrew Wikipedia
1958/1959,1958,Liga Alef,,12,Hapoel Afula,Hebrew Wikipedia
1958/1959,1958,Liga Bet,North,1,Hapoel Tiberias,English Wikipedia
1958/1959,1958,Liga Bet,North,2,Hapoel Netanya,English Wikipedia
1958/1959,1958,Liga Bet,North,3,Hapoel Beit Lid,English Wikipedia
1958/1959,1958,Liga Bet,North,4,Hapoel Acre,English Wikipedia
1958/1959,1958,Liga Bet,North,5,Hapoel Safed,English Wikipedia
1958/1959,1958,Liga Bet,North,6,Beitar Nes Tubruk,English Wikipedia
1958/1959,1958,Liga Bet,North,7,Hapoel Tel Hanan,English Wikipedia
1958/1959,1958,Liga Bet,North,8,Hapoel Nahariya,English Wikipedia
1958/1959,1958,Liga Bet,North,9,Hapoel Even Yehuda,English Wikipedia
1958/1959,1958,Liga Bet,North,10,Hapoel Tirat Carmel,English Wikipedia
1958/1959,1958,Liga Bet,North,11,Hapoel Kiryat Ata,English Wikipedia
1958/1959,1958,Liga Bet,North,12,Hapoel Atlit,English Wikipedia
1958/1959,1958,Liga Bet,South,1,Hapoel Ramla,English Wikipedia
1958/1959,1958,Liga Bet,South,2,Hapoel Be'er Sheva,English Wikipedia
1958/1959,1958,Liga Bet,South,3,Maccabi Shmuel Tel Aviv,English Wikipedia
1958/1959,1958,Liga Bet,South,4,Sektzia Nes Tziona,English Wikipedia
1958/1959,1958,Liga Bet,South,5,Maccabi Ramat Gan,English Wikipedia
1958/1959,1958,Liga Bet,South,6,Hapoel Holon,English Wikipedia
1958/1959,1958,Liga Bet,South,7,Maccabi Ramla,English Wikipedia
1958/1959,1958,Liga Bet,South,8,Hapoel Rishon LeZion,English Wikipedia
1958/1959,1958,Liga Bet,South,9,Hapoel Ra'anana,English Wikipedia
1958/1959,1958,Liga Bet,South,10,Hapoel Kiryat Ono,English Wikipedia
1958/1959,1958,Liga Bet,South,11,Beitar Jaffa,English Wikipedia
1958/1959,1958,Liga Bet,South,12,Beitar Mahane Yehuda,English Wikipedia
1958/1959,1958,Liga Leumit,,1,Hapoel Petah Tikva,RSSSF
1958/1959,1958,Liga Leumit,,2,Hapoel Haifa,RSSSF
1958/1959,1958,Liga Leumit,,3,Maccabi Tel Aviv,RSSSF
1958/1959,1958,Liga Leumit,,4,Maccabi Haifa,RSSSF
1958/1959,1958,Liga Leumit,,5,Maccabi Jaffa,RSSSF
1958/1959,1958,Liga Leumit,,6,Maccabi Petah Tikva,RSSSF
1958/1959,1958,Liga Leumit,,7,Hapoel Tel Aviv,RSSSF
1958/1959,1958,Liga Leumit,,8,Hapoel Ramat Gan,RSSSF
1958/1959,1958,Liga Leumit,,9,Maccabi Netanya,RSSSF
1958/1959,1958,Liga Leumit,,10,Hapoel Jerusalem,RSSSF
1958/1959,1958,Liga Leumit,,11,Beitar Tel Aviv,RSSSF
1958/1959,1958,Liga Leumit,,12,Hapoel Kfar Saba,RSSSF
1959/1960,1959,Liga Alef,,1,Shimshon Tel Aviv,Hebrew Wikipedia
1959/1960,1959,Liga Alef,,2,Hapoel Tiberias,Hebrew Wikipedia
1959/1960,1959,Liga Alef,,3,Hakoah Tel Aviv,Hebrew Wikipedia
1959/1960,1959,Liga Alef,,4,Beitar Jerusalem,Hebrew Wikipedia
1959/1960,1959,Liga Alef,,5,Hapoel Mahane Yehuda,Hebrew Wikipedia
1959/1960,1959,Liga Alef,,6,Hapoel Kfar Saba,Hebrew Wikipedia
1959/1960,1959,Liga Alef,,7,Hapoel Rehovot,Hebrew Wikipedia
1959/1960,1959,Liga Alef,,8,Hapoel Kiryat Haim,Hebrew Wikipedia
1959/1960,1959,Liga Alef,,9,Hapoel Be'er Sheva,Hebrew Wikipedia
1959/1960,1959,Liga Alef,,10,Hapoel Ramla,Hebrew Wikipedia
1959/1960,1959,Liga Alef,,11,Hapoel Hadera,Hebrew Wikipedia
1959/1960,1959,Liga Alef,,12,Maccabi Hadera,Hebrew Wikipedia
1959/1960,1959,Liga Alef,,13,Maccabi Rehovot,Hebrew Wikipedia
1959/1960,1959,Liga Alef,,14,Hapoel Netanya,Hebrew Wikipedia
1959/1960,1959,Liga Bet,North Division A,1,Hapoel HaMechonit,English Wikipedia
1959/1960,1959,Liga Bet,North Division A,2,Hapoel Afula,English Wikipedia
1959/1960,1959,Liga Bet,North Division A,3,A.S. Kiryat Bialik,English Wikipedia
1959/1960,1959,Liga Bet,North Division A,4,Hapoel Acre,English Wikipedia
1959/1960,1959,Liga Bet,North Division A,5,Hapoel Safed,English Wikipedia
1959/1960,1959,Liga Bet,North Division A,6,Hapoel Nahariya,English Wikipedia
1959/1960,1959,Liga Bet,North Division A,7,Hapoel Tel Hanan,English Wikipedia
1959/1960,1959,Liga Bet,North Division A,8,Hapoel Pardes Hanna,English Wikipedia
1959/1960,1959,Liga Bet,North Division A,9,Hapoel Kiryat Shmona,English Wikipedia
1959/1960,1959,Liga Bet,North Division A,10,Hapoel Ramat David,English Wikipedia
1959/1960,1959,Liga Bet,North Division A,11,Maccabi Zichron Ya'akov,English Wikipedia
1959/1960,1959,Liga Bet,North Division A,12,Hapoel Atlit,English Wikipedia
1959/1960,1959,Liga Bet,North Division A,13,Hapoel Kiryat Ata,English Wikipedia
1959/1960,1959,Liga Bet,North Division A,14,Beitar Binyamina,English Wikipedia
1959/1960,1959,Liga Bet,North Division A,15,Hapoel Tirat Carmel,English Wikipedia
1959/1960,1959,Liga Bet,North Division B,1,Hapoel Ironi Herzliya,English Wikipedia
1959/1960,1959,Liga Bet,North Division B,2,Hapoel Nahliel,English Wikipedia
1959/1960,1959,Liga Bet,North Division B,3,Hapoel Kiryat Ono,English Wikipedia
1959/1960,1959,Liga Bet,North Division B,4,Hapoel Ganei Tikva,English Wikipedia
1959/1960,1959,Liga Bet,North Division B,5,Hapoel Givat Haim,English Wikipedia
1959/1960,1959,Liga Bet,North Division B,6,Beitar Nes Tubruk,English Wikipedia
1959/1960,1959,Liga Bet,North Division B,7,Hapoel Even Yehuda,English Wikipedia
1959/1960,1959,Liga Bet,North Division B,8,Hapoel Ra'anana,English Wikipedia
1959/1960,1959,Liga Bet,North Division B,9,Maccabi Pardes Hanna,English Wikipedia
1959/1960,1959,Liga Bet,North Division B,10,Beitar Mahane Yehuda,English Wikipedia
1959/1960,1959,Liga Bet,North Division B,11,Hapoel Givat Olga,English Wikipedia
1959/1960,1959,Liga Bet,North Division B,12,Maccabi Neve Shalom,English Wikipedia
1959/1960,1959,Liga Bet,North Division B,13,Beitar Beit Lid,English Wikipedia
1959/1960,1959,Liga Bet,North Division B,14,Hapoel Dora Netanya,English Wikipedia
1959/1960,1959,Liga Bet,North Division B,15,Hapoel Beit Lid,English Wikipedia
1959/1960,1959,Liga Bet,North Division B,16,Hapoel Tel Mond,English Wikipedia
1959/1960,1959,Liga Bet,South Division A,1,Hapoel Lod,English Wikipedia
1959/1960,1959,Liga Bet,South Division A,2,Maccabi Ramla,English Wikipedia
1959/1960,1959,Liga Bet,South Division A,3,Hapoel HaTzafon Tel Aviv,English Wikipedia
1959/1960,1959,Liga Bet,South Division A,4,Maccabi Ramat Gan,English Wikipedia
1959/1960,1959,Liga Bet,South Division A,5,Maccabi Shmuel Tel Aviv,English Wikipedia
1959/1960,1959,Liga Bet,South Division A,6,Maccabi Ramat Amidar,English Wikipedia
1959/1960,1959,Liga Bet,South Division A,7,Beitar Holon,English Wikipedia
1959/1960,1959,Liga Bet,South Division A,8,Hapoel Kiryat Shalom,English Wikipedia
1959/1960,1959,Liga Bet,South Division A,9,Hapoel Yehud,English Wikipedia
1959/1960,1959,Liga Bet,South Division A,10,Maccabi Ironi Bat Yam,English Wikipedia
1959/1960,1959,Liga Bet,South Division A,11,Maccabi Jerusalem,English Wikipedia
1959/1960,1959,Liga Bet,South Division A,12,Hapoel Azor,English Wikipedia
1959/1960,1959,Liga Bet,South Division A,13,Beitar Lod,English Wikipedia
1959/1960,1959,Liga Bet,South Division A,14,YMCA Jerusalem,English Wikipedia
1959/1960,1959,Liga Bet,South Division A,15,Hapoel HaTzafon Jerusalem,English Wikipedia
1959/1960,1959,Liga Bet,South Division A,16,Hapoel HaKochav Or Yehuda,English Wikipedia
1959/1960,1959,Liga Bet,South Division B,1,Maccabi Sha'arayim,English Wikipedia
1959/1960,1959,Liga Bet,South Division B,2,Hapoel Holon,English Wikipedia
1959/1960,1959,Liga Bet,South Division B,3,Hapoel Rishon LeZion,English Wikipedia
1959/1960,1959,Liga Bet,South Division B,4,Sektzia Nes Tziona,English Wikipedia
1959/1960,1959,Liga Bet,South Division B,5,Hapoel Or Yehuda,English Wikipedia
1959/1960,1959,Liga Bet,South Division B,6,Hapoel Ashkelon,English Wikipedia
1959/1960,1959,Liga Bet,South Division B,7,Beitar Ramla,English Wikipedia
1959/1960,1959,Liga Bet,South Division B,8,Hapoel Be'er Ya'akov,English Wikipedia
1959/1960,1959,Liga Bet,South Division B,9,Hapoel Marmorek,English Wikipedia
1959/1960,1959,Liga Bet,South Division B,10,Beitar Be'er Sheva,English Wikipedia
1959/1960,1959,Liga Bet,South Division B,11,Maccabi Gedera,English Wikipedia
1959/1960,1959,Liga Bet,South Division B,12,Beitar Jaffa,English Wikipedia
1959/1960,1959,Liga Bet,South Division B,13,Hapoel Merhavim,English Wikipedia
1959/1960,1959,Liga Bet,South Division B,14,Hapoel Gedera,English Wikipedia
1959/1960,1959,Liga Bet,South Division B,15,Hapoel Shmuel Be'er Sheva,English Wikipedia
1959/1960,1959,Liga Bet,South Division B,16,Hapoel Kiryat Malakhi,English Wikipedia
1959/1960,1959,Liga Leumit,,1,Hapoel Petah Tikva,RSSSF
1959/1960,1959,Liga Leumit,,2,Maccabi Tel Aviv,RSSSF
1959/1960,1959,Liga Leumit,,3,Hapoel Haifa,RSSSF
1959/1960,1959,Liga Leumit,,4,Hapoel Jerusalem,RSSSF
1959/1960,1959,Liga Leumit,,5,Maccabi Haifa,RSSSF
1959/1960,1959,Liga Leumit,,6,Hapoel Tel Aviv,RSSSF
1959/1960,1959,Liga Leumit,,7,Bnei Yehuda Tel Aviv,RSSSF
1959/1960,1959,Liga Leumit,,8,Maccabi Netanya,RSSSF
1959/1960,1959,Liga Leumit,,9,Maccabi Petah Tikva,RSSSF
1959/1960,1959,Liga Leumit,,10,Beitar Tel Aviv,RSSSF
1959/1960,1959,Liga Leumit,,11,Maccabi Jaffa,RSSSF
1959/1960,1959,Liga Leumit,,12,Hapoel Ramat Gan,RSSSF
1960/1961,1960,Liga Alef,,1,Hapoel Tiberias,Hebrew Wikipedia
1960/1961,1960,Liga Alef,,2,Hakoah Tel Aviv,Hebrew Wikipedia
1960/1961,1960,Liga Alef,,3,Maccabi Sha'arayim,Hebrew Wikipedia
1960/1961,1960,Liga Alef,,4,Hapoel Kfar Saba,Hebrew Wikipedia
1960/1961,1960,Liga Alef,,5,Hapoel Ramat Gan,Hebrew Wikipedia
1960/1961,1960,Liga Alef,,6,Beitar Jerusalem,Hebrew Wikipedia
1960/1961,1960,Liga Alef,,7,Maccabi Hadera,Hebrew Wikipedia
1960/1961,1960,Liga Alef,,8,Hapoel Kiryat Haim,Hebrew Wikipedia
1960/1961,1960,Liga Alef,,9,Hapoel Be'er Sheva,Hebrew Wikipedia
1960/1961,1960,Liga Alef,,10,Hapoel Rehovot,Hebrew Wikipedia
1960/1961,1960,Liga Alef,,11,Hapoel Mahane Yehuda,Hebrew Wikipedia
1960/1961,1960,Liga Alef,,12,Hapoel Ramla,Hebrew Wikipedia
1960/1961,1960,Liga Alef,,13,Hapoel Hadera,Hebrew Wikipedia
1960/1961,1960,Liga Alef,,14,Hapoel Ironi Herzliya,Hebrew Wikipedia
1960/1961,1960,Liga Bet,North Division A,1,Hapoel HaMechonit,English Wikipedia
1960/1961,1960,Liga Bet,North Division A,2,Hapoel Safed,English Wikipedia
1960/1961,1960,Liga Bet,North Division A,3,A.S. Kiryat Bialik,English Wikipedia
1960/1961,1960,Liga Bet,North Division A,4,Maccabi Zichron Ya'akov,English Wikipedia
1960/1961,1960,Liga Bet,North Division A,5,Hapoel Nahariya,English Wikipedia
1960/1961,1960,Liga Bet,North Division A,6,Hapoel Acre,English Wikipedia
1960/1961,1960,Liga Bet,North Division A,7,Hapoel Tel Hanan,English Wikipedia
1960/1961,1960,Liga Bet,North Division A,8,Hapoel Kiryat Ata,English Wikipedia
1960/1961,1960,Liga Bet,North Division A,9,Hapoel Afula,English Wikipedia
1960/1961,1960,Liga Bet,North Division A,10,Beitar Haifa,English Wikipedia
1960/1961,1960,Liga Bet,North Division A,11,Hapoel Kiryat Shmona,English Wikipedia
1960/1961,1960,Liga Bet,North Division A,12,Hapoel Ramat David,English Wikipedia
1960/1961,1960,Liga Bet,North Division A,13,Hapoel Atlit,English Wikipedia
1960/1961,1960,Liga Bet,North Division A,14,Hapoel Yagur,English Wikipedia
1960/1961,1960,Liga Bet,North Division A,15,Hapoel Geva,English Wikipedia
1960/1961,1960,Liga Bet,North Division A,16,Beitar Binyamina,English Wikipedia
1960/1961,1960,Liga Bet,North Division B,1,Beitar Nes Tubruk,English Wikipedia
1960/1961,1960,Liga Bet,North Division B,2,Hapoel Kiryat Ono,English Wikipedia
1960/1961,1960,Liga Bet,North Division B,3,Hapoel Nahliel,English Wikipedia
1960/1961,1960,Liga Bet,North Division B,4,Hapoel Givat Haim,English Wikipedia
1960/1961,1960,Liga Bet,North Division B,5,Hapoel Netanya,English Wikipedia
1960/1961,1960,Liga Bet,North Division B,6,Hapoel Pardes Hanna,English Wikipedia
1960/1961,1960,Liga Bet,North Division B,7,Hapoel Ganei Tikva,English Wikipedia
1960/1961,1960,Liga Bet,North Division B,8,Maccabi Pardes Hanna,English Wikipedia
1960/1961,1960,Liga Bet,North Division B,9,Hapoel Givat Olga,English Wikipedia
1960/1961,1960,Liga Bet,North Division B,10,Hapoel Ra'anana,English Wikipedia
1960/1961,1960,Liga Bet,North Division B,11,Beitar Mahane Yehuda,English Wikipedia
1960/1961,1960,Liga Bet,North Division B,12,Maccabi Neve Shalom,English Wikipedia
1960/1961,1960,Liga Bet,North Division B,13,Beitar Beit Lid,English Wikipedia
1960/1961,1960,Liga Bet,North Division B,14,Hapoel Pardesiya,English Wikipedia
1960/1961,1960,Liga Bet,North Division B,15,Hapoel Karkur,English Wikipedia
1960/1961,1960,Liga Bet,North Division B,16,Hapoel Dora Netanya,English Wikipedia
1960/1961,1960,Liga Bet,South Division A,1,Maccabi Ramla,English Wikipedia
1960/1961,1960,Liga Bet,South Division A,2,Hapoel Lod,English Wikipedia
1960/1961,1960,Liga Bet,South Division A,3,Maccabi Shmuel Tel Aviv,English Wikipedia
1960/1961,1960,Liga Bet,South Division A,4,Maccabi Jerusalem,English Wikipedia
1960/1961,1960,Liga Bet,South Division A,5,Maccabi Ironi Bat Yam,English Wikipedia
1960/1961,1960,Liga Bet,South Division A,6,YMCA Jerusalem,English Wikipedia
1960/1961,1960,Liga Bet,South Division A,7,Maccabi Ramat Amidar,English Wikipedia
1960/1961,1960,Liga Bet,South Division A,8,Hapoel HaDarom Tel Aviv,English Wikipedia
1960/1961,1960,Liga Bet,South Division A,9,Beitar Lod,English Wikipedia
1960/1961,1960,Liga Bet,South Division A,10,Hapoel Azor,English Wikipedia
1960/1961,1960,Liga Bet,South Division A,11,Hapoel HaTzafon Tel Aviv,English Wikipedia
1960/1961,1960,Liga Bet,South Division A,12,Beitar Holon,English Wikipedia
1960/1961,1960,Liga Bet,South Division A,13,Maccabi Ramat Gan,English Wikipedia
1960/1961,1960,Liga Bet,South Division A,14,Hapoel Yehud,English Wikipedia
1960/1961,1960,Liga Bet,South Division A,15,Hapoel Kiryat Shalom,English Wikipedia
1960/1961,1960,Liga Bet,South Division A,16,Hapoel Zikhronot,English Wikipedia
1960/1961,1960,Liga Bet,South Division B,1,Sektzia Nes Tziona,English Wikipedia
1960/1961,1960,Liga Bet,South Division B,2,Hapoel Holon,English Wikipedia
1960/1961,1960,Liga Bet,South Division B,3,Beitar Ramla,English Wikipedia
1960/1961,1960,Liga Bet,South Division B,4,Maccabi Holon,English Wikipedia
1960/1961,1960,Liga Bet,South Division B,5,Hapoel Rishon LeZion,English Wikipedia
1960/1961,1960,Liga Bet,South Division B,6,Hapoel Or Yehuda,English Wikipedia
1960/1961,1960,Liga Bet,South Division B,7,Hapoel Ashkelon,English Wikipedia
1960/1961,1960,Liga Bet,South Division B,8,Hapoel Be'er Ya'akov,English Wikipedia
1960/1961,1960,Liga Bet,South Division B,9,Beitar Be'er Sheva,English Wikipedia
1960/1961,1960,Liga Bet,South Division B,10,Hapoel Merhavim,English Wikipedia
1960/1961,1960,Liga Bet,South Division B,11,Hapoel Eilat,English Wikipedia
1960/1961,1960,Liga Bet,South Division B,12,Maccabi Rehovot,English Wikipedia
1960/1961,1960,Liga Bet,South Division B,13,Beitar Jaffa,English Wikipedia
1960/1961,1960,Liga Bet,South Division B,14,Hapoel Marmorek,English Wikipedia
1960/1961,1960,Liga Bet,South Division B,15,Maccabi Gedera,English Wikipedia
1960/1961,1960,Liga Bet,South Division B,16,Hapoel Gedera,English Wikipedia
1960/1961,1960,Liga Leumit,,1,Hapoel Petah Tikva,RSSSF
1960/1961,1960,Liga Leumit,,2,Hapoel Tel Aviv,RSSSF
1960/1961,1960,Liga Leumit,,3,Hapoel Haifa,RSSSF
1960/1961,1960,Liga Leumit,,4,Maccabi Tel Aviv,RSSSF
1960/1961,1960,Liga Leumit,,5,Maccabi Haifa,RSSSF
1960/1961,1960,Liga Leumit,,6,Maccabi Jaffa,RSSSF
1960/1961,1960,Liga Leumit,,7,Hapoel Jerusalem,RSSSF
1960/1961,1960,Liga Leumit,,8,Shimshon Tel Aviv,RSSSF
1960/1961,1960,Liga Leumit,,9,Maccabi Petah Tikva,RSSSF
1960/1961,1960,Liga Leumit,,10,Maccabi Netanya,RSSSF
1960/1961,1960,Liga Leumit,,11,Bnei Yehuda Tel Aviv,RSSSF
1960/1961,1960,Liga Leumit,,12,Beitar Tel Aviv,RSSSF
1961/1962,1961,Liga Alef,,1,Hakoah Tel Aviv,Hebrew Wikipedia
1961/1962,1961,Liga Alef,,2,Maccabi Sha'arayim,Hebrew Wikipedia
1961/1962,1961,Liga Alef,,3,Hapoel Kiryat Haim,Hebrew Wikipedia
1961/1962,1961,Liga Alef,,4,Beitar Tel Aviv,Hebrew Wikipedia
1961/1962,1961,Liga Alef,,5,Hapoel Ramat Gan,Hebrew Wikipedia
1961/1962,1961,Liga Alef,,6,Beitar Jerusalem,Hebrew Wikipedia
1961/1962,1961,Liga Alef,,7,Hapoel Mahane Yehuda,Hebrew Wikipedia
1961/1962,1961,Liga Alef,,8,Hapoel Be'er Sheva,Hebrew Wikipedia
1961/1962,1961,Liga Alef,,9,Hapoel Ramla,Hebrew Wikipedia
1961/1962,1961,Liga Alef,,10,Hapoel Kfar Saba,Hebrew Wikipedia
1961/1962,1961,Liga Alef,,11,Beitar Netanya,Hebrew Wikipedia
1961/1962,1961,Liga Alef,,11,Beitar Nes Tubruk,English Wikipedia
1961/1962,1961,Liga Alef,,12,Maccabi Ramla,Hebrew Wikipedia
1961/1962,1961,Liga Alef,,13,Maccabi Hadera,Hebrew Wikipedia
1961/1962,1961,Liga Alef,,14,Hapoel Rehovot,Hebrew Wikipedia
1961/1962,1961,Liga Bet,North Division A,1,Hapoel Safed,English Wikipedia
1961/1962,1961,Liga Bet,North Division A,2,Hapoel HaMechonit,English Wikipedia
1961/1962,1961,Liga Bet,North Division A,3,Hapoel Nahariya,English Wikipedia
1961/1962,1961,Liga Bet,North Division A,4,Hapoel Kiryat Ata,English Wikipedia
1961/1962,1961,Liga Bet,North Division A,5,A.S. Kiryat Bialik,English Wikipedia
1961/1962,1961,Liga Bet,North Division A,6,Maccabi Zichron Ya'akov,English Wikipedia
1961/1962,1961,Liga Bet,North Division A,7,Hapoel Kiryat Shmona,English Wikipedia
1961/1962,1961,Liga Bet,North Division A,8,Beitar Haifa,English Wikipedia
1961/1962,1961,Liga Bet,North Division A,9,Hapoel Acre,English Wikipedia
1961/1962,1961,Liga Bet,North Division A,10,Hapoel Atlit,English Wikipedia
1961/1962,1961,Liga Bet,North Division A,11,Hapoel Afula,English Wikipedia
1961/1962,1961,Liga Bet,North Division A,12,Hapoel Kfar Blum,English Wikipedia
1961/1962,1961,Liga Bet,North Division A,13,Hapoel Yagur,English Wikipedia
1961/1962,1961,Liga Bet,North Division A,14,Hapoel Ramat David,English Wikipedia
1961/1962,1961,Liga Bet,North Division A,15,Hapoel Tel Hanan,English Wikipedia
1961/1962,1961,Liga Bet,North Division A,16,Hapoel Beit HaShita,English Wikipedia
1961/1962,1961,Liga Bet,North Division B,1,Hapoel Hadera,English Wikipedia
1961/1962,1961,Liga Bet,North Division B,2,Hapoel Nahliel,English Wikipedia
1961/1962,1961,Liga Bet,North Division B,3,Hapoel Givat Haim,English Wikipedia
1961/1962,1961,Liga Bet,North Division B,4,Maccabi Neve Shalom,English Wikipedia
1961/1962,1961,Liga Bet,North Division B,5,Hapoel Netanya,English Wikipedia
1961/1962,1961,Liga Bet,North Division B,6,Hapoel Kiryat Ono,English Wikipedia
1961/1962,1961,Liga Bet,North Division B,7,Hapoel Ra'anana,English Wikipedia
1961/1962,1961,Liga Bet,North Division B,8,Hapoel Ironi Herzliya,English Wikipedia
1961/1962,1961,Liga Bet,North Division B,9,Hapoel Ganei Tikva,English Wikipedia
1961/1962,1961,Liga Bet,North Division B,10,Beitar Beit Lid,English Wikipedia
1961/1962,1961,Liga Bet,North Division B,11,Hapoel Pardes Hanna,English Wikipedia
1961/1962,1961,Liga Bet,North Division B,12,Hapoel Givat Olga,English Wikipedia
1961/1962,1961,Liga Bet,North Division B,13,Beitar Mahane Yehuda,English Wikipedia
1961/1962,1961,Liga Bet,North Division B,14,Maccabi Pardes Hanna,English Wikipedia
1961/1962,1961,Liga Bet,North Division B,15,Hapoel Pardesiya,English Wikipedia
1961/1962,1961,Liga Bet,North Division B,16,HaCarmel Club Haifa,English Wikipedia
1961/1962,1961,Liga Bet,South Division A,1,Hapoel Lod,English Wikipedia
1961/1962,1961,Liga Bet,South Division A,2,Maccabi Ramat Gan,English Wikipedia
1961/1962,1961,Liga Bet,South Division A,3,YMCA Jerusalem,English Wikipedia
1961/1962,1961,Liga Bet,South Division A,4,Maccabi Ramat Amidar,English Wikipedia
1961/1962,1961,Liga Bet,South Division A,5,Beitar Holon,English Wikipedia
1961/1962,1961,Liga Bet,South Division A,6,Maccabi Ironi Bat Yam,English Wikipedia
1961/1962,1961,Liga Bet,South Division A,7,Hapoel Bat Yam,English Wikipedia
1961/1962,1961,Liga Bet,South Division A,8,Beitar Lod,English Wikipedia
1961/1962,1961,Liga Bet,South Division A,9,Hapoel Azor,English Wikipedia
1961/1962,1961,Liga Bet,South Division A,10,Maccabi Shmuel Tel Aviv,English Wikipedia
1961/1962,1961,Liga Bet,South Division A,11,Hapoel Yehud,English Wikipedia
1961/1962,1961,Liga Bet,South Division A,12,Hapoel HaTzafon Tel Aviv,English Wikipedia
1961/1962,1961,Liga Bet,South Division A,13,Hapoel Kiryat Shalom,English Wikipedia
1961/1962,1961,Liga Bet,South Division A,14,Hapoel Ya'akov Kfar Saba,English Wikipedia
1961/1962,1961,Liga Bet,South Division A,15,Maccabi Jerusalem,English Wikipedia
1961/1962,1961,Liga Bet,South Division A,16,Hapoel Ein Karem,English Wikipedia
1961/1962,1961,Liga Bet,South Division B,1,Hapoel Holon,English Wikipedia
1961/1962,1961,Liga Bet,South Division B,2,Sektzia Nes Tziona,English Wikipedia
1961/1962,1961,Liga Bet,South Division B,3,Hapoel Rishon LeZion,English Wikipedia
1961/1962,1961,Liga Bet,South Division B,4,Maccabi Holon,English Wikipedia
1961/1962,1961,Liga Bet,South Division B,5,Beitar Ramla,English Wikipedia
1961/1962,1961,Liga Bet,South Division B,6,Hapoel Ashkelon,English Wikipedia
1961/1962,1961,Liga Bet,South Division B,7,Beitar Be'er Sheva,English Wikipedia
1961/1962,1961,Liga Bet,South Division B,8,Hapoel Eilat,English Wikipedia
1961/1962,1961,Liga Bet,South Division B,9,Hapoel Or Yehuda,English Wikipedia
1961/1962,1961,Liga Bet,South Division B,10,Hapoel Sderot,English Wikipedia
1961/1962,1961,Liga Bet,South Division B,11,Hapoel Be'er Ya'akov,English Wikipedia
1961/1962,1961,Liga Bet,South Division B,12,Maccabi Rehovot,English Wikipedia
1961/1962,1961,Liga Bet,South Division B,13,Hapoel Merhavim,English Wikipedia
1961/1962,1961,Liga Bet,South Division B,14,Hapoel Marmorek,English Wikipedia
1961/1962,1961,Liga Bet,South Division B,15,Hapoel Bnei Zion,English Wikipedia
1961/1962,1961,Liga Bet,South Division B,16,Beitar Jaffa,English Wikipedia
1961/1962,1961,Liga Leumit,,1,Hapoel Petah Tikva,RSSSF
1961/1962,1961,Liga Leumit,,2,Maccabi Jaffa,RSSSF
1961/1962,1961,Liga Leumit,,3,Hapoel Tiberias,RSSSF
1961/1962,1961,Liga Leumit,,4,Maccabi Haifa,RSSSF
1961/1962,1961,Liga Leumit,,5,Bnei Yehuda Tel Aviv,RSSSF
1961/1962,1961,Liga Leumit,,6,Hapoel Jerusalem,RSSSF
1961/1962,1961,Liga Leumit,,7,Hapoel Tel Aviv,RSSSF
1961/1962,1961,Liga Leumit,,8,Hapoel Haifa,RSSSF
1961/1962,1961,Liga Leumit,,9,Shimshon Tel Aviv,RSSSF
1961/1962,1961,Liga Leumit,,10,Maccabi Tel Aviv,RSSSF
1961/1962,1961,Liga Leumit,,11,Maccabi Petah Tikva,RSSSF
1961/1962,1961,Liga Leumit,,12,Maccabi Netanya,RSSSF
1962/1963,1962,Liga Alef,,1,Hapoel Ramat Gan,Hebrew Wikipedia
1962/1963,1962,Liga Alef,,2,Hapoel Lod,Hebrew Wikipedia
1962/1963,1962,Liga Alef,,3,Maccabi Sha'arayim,Hebrew Wikipedia
1962/1963,1962,Liga Alef,,4,Maccabi Netanya,Hebrew Wikipedia
1962/1963,1962,Liga Alef,,5,Hapoel Mahane Yehuda,Hebrew Wikipedia
1962/1963,1962,Liga Alef,,6,Hapoel Be'er Sheva,Hebrew Wikipedia
1962/1963,1962,Liga Alef,,7,Hapoel Kfar Saba,Hebrew Wikipedia
1962/1963,1962,Liga Alef,,8,Hapoel Hadera,Hebrew Wikipedia
1962/1963,1962,Liga Alef,,9,Beitar Jerusalem,Hebrew Wikipedia
1962/1963,1962,Liga Alef,,10,Hapoel Kiryat Haim,Hebrew Wikipedia
1962/1963,1962,Liga Alef,,11,Beitar Tel Aviv,Hebrew Wikipedia
1962/1963,1962,Liga Alef,,12,Beitar Netanya,Hebrew Wikipedia
1962/1963,1962,Liga Alef,,12,Beitar Nes Tubruk,English Wikipedia
1962/1963,1962,Liga Alef,,13,Hapoel Holon,Hebrew Wikipedia
1962/1963,1962,Liga Alef,,14,Hapoel Ramla,Hebrew Wikipedia
1962/1963,1962,Liga Alef,,15,Hapoel Safed,Hebrew Wikipedia
1962/1963,1962,Liga Alef,,16,Maccabi Ramla,Hebrew Wikipedia
1962/1963,1962,Liga Bet,North Division A,1,Hapoel Acre,English Wikipedia
1962/1963,1962,Liga Bet,North Division A,2,Hapoel Kfar Blum,English Wikipedia
1962/1963,1962,Liga Bet,North Division A,3,Hapoel Nahariya,English Wikipedia
1962/1963,1962,Liga Bet,North Division A,4,Maccabi Zichron Ya'akov,English Wikipedia
1962/1963,1962,Liga Bet,North Division A,5,Beitar Haifa,English Wikipedia
1962/1963,1962,Liga Bet,North Division A,6,Hapoel Afula,English Wikipedia
1962/1963,1962,Liga Bet,North Division A,7,Beitar Kiryat Shmona,English Wikipedia
1962/1963,1962,Liga Bet,North Division A,8,Hapoel Kiryat Shmona,English Wikipedia
1962/1963,1962,Liga Bet,North Division A,9,Hapoel HaMechonit,English Wikipedia
1962/1963,1962,Liga Bet,North Division A,10,A.S. Kiryat Bialik,English Wikipedia
1962/1963,1962,Liga Bet,North Division A,11,Beitar Binyamina,English Wikipedia
1962/1963,1962,Liga Bet,North Division A,12,Hapoel Kiryat Ata,English Wikipedia
1962/1963,1962,Liga Bet,North Division A,13,Hapoel Bnei Nazareth,English Wikipedia
1962/1963,1962,Liga Bet,North Division A,14,Hapoel Ramat David,English Wikipedia
1962/1963,1962,Liga Bet,North Division A,15,Hapoel Atlit,English Wikipedia
1962/1963,1962,Liga Bet,North Division A,16,Hapoel Yagur,English Wikipedia
1962/1963,1962,Liga Bet,North Division B,1,Hapoel Nahliel,English Wikipedia
1962/1963,1962,Liga Bet,North Division B,2,Hapoel Kiryat Ono,English Wikipedia
1962/1963,1962,Liga Bet,North Division B,3,Hapoel Givat Haim,English Wikipedia
1962/1963,1962,Liga Bet,North Division B,4,Maccabi Hadera,English Wikipedia
1962/1963,1962,Liga Bet,North Division B,5,Hapoel Ironi Herzliya,English Wikipedia
1962/1963,1962,Liga Bet,North Division B,6,Hapoel Netanya,English Wikipedia
1962/1963,1962,Liga Bet,North Division B,7,Hapoel Pardes Hanna,English Wikipedia
1962/1963,1962,Liga Bet,North Division B,8,Hapoel Ra'anana,English Wikipedia
1962/1963,1962,Liga Bet,North Division B,9,Hapoel Dora Netanya,English Wikipedia
1962/1963,1962,Liga Bet,North Division B,10,Maccabi Neve Shalom,English Wikipedia
1962/1963,1962,Liga Bet,North Division B,11,Beitar Kiryat Ono,English Wikipedia
1962/1963,1962,Liga Bet,North Division B,12,Hapoel Ganei Tikva,English Wikipedia
1962/1963,1962,Liga Bet,North Division B,13,Maccabi Pardes Hanna,English Wikipedia
1962/1963,1962,Liga Bet,North Division B,14,Beitar Mahane Yehuda,English Wikipedia
1962/1963,1962,Liga Bet,North Division B,15,Hapoel Givat Olga,English Wikipedia
1962/1963,1962,Liga Bet,North Division B,16,Beitar Beit Lid,English Wikipedia
1962/1963,1962,Liga Bet,South Division A,1,YMCA Jerusalem,English Wikipedia
1962/1963,1962,Liga Bet,South Division A,2,Maccabi Ramat Amidar,English Wikipedia
1962/1963,1962,Liga Bet,South Division A,3,Maccabi Shmuel Tel Aviv,English Wikipedia
1962/1963,1962,Liga Bet,South Division A,4,Hapoel Giv'atayim,English Wikipedia
1962/1963,1962,Liga Bet,South Division A,5,Beitar Holon,English Wikipedia
1962/1963,1962,Liga Bet,South Division A,6,Hapoel Yehud,English Wikipedia
1962/1963,1962,Liga Bet,South Division A,7,Maccabi Ironi Bat Yam,English Wikipedia
1962/1963,1962,Liga Bet,South Division A,8,Hapoel HaTzafon Tel Aviv,English Wikipedia
1962/1963,1962,Liga Bet,South Division A,9,Hapoel Kiryat Shalom,English Wikipedia
1962/1963,1962,Liga Bet,South Division A,10,Hapoel Rehovot,English Wikipedia
1962/1963,1962,Liga Bet,South Division A,11,Beitar Lod,English Wikipedia
1962/1963,1962,Liga Bet,South Division A,12,Hapoel Bat Yam,English Wikipedia
1962/1963,1962,Liga Bet,South Division A,13,Hapoel Azor,English Wikipedia
1962/1963,1962,Liga Bet,South Division A,14,Maccabi Ramat Gan,English Wikipedia
1962/1963,1962,Liga Bet,South Division A,15,Hapoel Ya'akov Kfar Saba,English Wikipedia
1962/1963,1962,Liga Bet,South Division A,16,ASA Jerusalem,English Wikipedia
1962/1963,1962,Liga Bet,South Division B,1,Sektzia Nes Tziona,English Wikipedia
1962/1963,1962,Liga Bet,South Division B,2,Beitar Ramla,English Wikipedia
1962/1963,1962,Liga Bet,South Division B,3,Hapoel Marmorek,English Wikipedia
1962/1963,1962,Liga Bet,South Division B,4,Hapoel Rishon LeZion,English Wikipedia
1962/1963,1962,Liga Bet,South Division B,5,Hapoel Sderot,English Wikipedia
1962/1963,1962,Liga Bet,South Division B,6,Beitar Be'er Sheva,English Wikipedia
1962/1963,1962,Liga Bet,South Division B,7,Hapoel Ashkelon,English Wikipedia
1962/1963,1962,Liga Bet,South Division B,8,Maccabi Holon,English Wikipedia
1962/1963,1962,Liga Bet,South Division B,9,Hapoel Or Yehuda,English Wikipedia
1962/1963,1962,Liga Bet,South Division B,10,Maccabi Rehovot,English Wikipedia
1962/1963,1962,Liga Bet,South Division B,11,Hapoel Eilat,English Wikipedia
1962/1963,1962,Liga Bet,South Division B,12,Harari Tel Aviv,English Wikipedia
1962/1963,1962,Liga Bet,South Division B,13,Hapoel Be'er Ya'akov,English Wikipedia
1962/1963,1962,Liga Bet,South Division B,14,Hapoel Ofakim,English Wikipedia
1962/1963,1962,Liga Bet,South Division B,15,Hapoel Merhavim,English Wikipedia
1962/1963,1962,Liga Bet,South Division B,16,Hapoel Kiryat Gat,English Wikipedia
1962/1963,1962,Liga Gimel,Carmel,1,Hapoel Tirat Carmel,English Wikipedia
1962/1963,1962,Liga Gimel,Carmel,2,Hapoel Karkur,English Wikipedia
1962/1963,1962,Liga Gimel,Carmel,3,Hapoel Beit Eliezer,English Wikipedia
1962/1963,1962,Liga Gimel,Carmel,4,Beitar Tirat HaCarmel,English Wikipedia
1962/1963,1962,Liga Gimel,Carmel,5,Hapoel Geva HaCarmel,English Wikipedia
1962/1963,1962,Liga Gimel,Carmel,6,Beitar Hadera,English Wikipedia
1962/1963,1962,Liga Gimel,Carmel,7,Hapoel Or Akiva,English Wikipedia
1962/1963,1962,Liga Gimel,Carmel,8,Hapoel Kfar Glikson,English Wikipedia
1962/1963,1962,Liga Gimel,Carmel,9,Beitar Atlit,English Wikipedia
1962/1963,1962,Liga Gimel,Carmel,10,Hapoel Beit Oren,English Wikipedia
1962/1963,1962,Liga Gimel,Carmel,11,Beitar Zikhron Ya'akov,English Wikipedia
1962/1963,1962,Liga Gimel,Central,1,Hapoel Bnei Zion,English Wikipedia
1962/1963,1962,Liga Gimel,Central,2,Hapoel Shikun HaMizrah,English Wikipedia
1962/1963,1962,Liga Gimel,Central,3,Beitar Rehovot,English Wikipedia
1962/1963,1962,Liga Gimel,Central,4,Hapoel Zarnuga,English Wikipedia
1962/1963,1962,Liga Gimel,Central,5,Beitar Rishon LeZion,English Wikipedia
1962/1963,1962,Liga Gimel,Central,6,Beitar Mahane Israel,English Wikipedia
1962/1963,1962,Liga Gimel,Central,7,Maccabi Kfar Gvirol,English Wikipedia
1962/1963,1962,Liga Gimel,Central,8,Hapoel Givat Brenner,English Wikipedia
1962/1963,1962,Liga Gimel,Central,9,Beitar Yehud,English Wikipedia
1962/1963,1962,Liga Gimel,Central,10,Hapoel Beit Dagan,English Wikipedia
1962/1963,1962,Liga Gimel,Central,11,Hapoel Zeitan,English Wikipedia
1962/1963,1962,Liga Gimel,Central,12,Beitar Beit Dagan,English Wikipedia
1962/1963,1962,Liga Gimel,Eastern Galilee,1,Beitar Safed,English Wikipedia
1962/1963,1962,Liga Gimel,Eastern Galilee,2,Hapoel Kfar Giladi,English Wikipedia
1962/1963,1962,Liga Gimel,Eastern Galilee,3,Hapoel Hulata,English Wikipedia
1962/1963,1962,Liga Gimel,Eastern Galilee,4,Nevatim Safed,English Wikipedia
1962/1963,1962,Liga Gimel,Eastern Galilee,5,Hapoel Ayelet HaShahar,English Wikipedia
1962/1963,1962,Liga Gimel,Eastern Galilee,6,Hapoel Dan,English Wikipedia
1962/1963,1962,Liga Gimel,Eastern Galilee,7,Beitar Tiberias,English Wikipedia
1962/1963,1962,Liga Gimel,Eastern Galilee,8,Hapoel Kivshan,English Wikipedia
1962/1963,1962,Liga Gimel,Haifa,1,Hapoel Shefa-'Amr,English Wikipedia
1962/1963,1962,Liga Gimel,Haifa,2,Beitar Acre,English Wikipedia
1962/1963,1962,Liga Gimel,Haifa,3,Hapoel Tel Hanan,English Wikipedia
1962/1963,1962,Liga Gimel,Haifa,4,Maccabi Kiryat Ata,English Wikipedia
1962/1963,1962,Liga Gimel,Haifa,5,Al-Amal Acre,English Wikipedia
1962/1963,1962,Liga Gimel,Haifa,6,Hapoel Ein HaMifratz,English Wikipedia
1962/1963,1962,Liga Gimel,Haifa,7,Beitar Kiryat Tiv'on,English Wikipedia
1962/1963,1962,Liga Gimel,Haifa,8,Hapoel Nof HaGalil,English Wikipedia
1962/1963,1962,Liga Gimel,Haifa,9,Beitar Tel Hanan,English Wikipedia
1962/1963,1962,Liga Gimel,Haifa,10,Hapoel Yokneam,English Wikipedia
1962/1963,1962,Liga Gimel,Haifa,11,Hapoel Kiryat Tiv'on,English Wikipedia
1962/1963,1962,Liga Gimel,Haifa,12,Maccabi Tel Hanan,English Wikipedia
1962/1963,1962,Liga Gimel,Haifa,13,Beitar Shprintzak,English Wikipedia
1962/1963,1962,Liga Gimel,Jerusalem,1,Hapoel HaTzafon Jerusalem,English Wikipedia
1962/1963,1962,Liga Gimel,Jerusalem,2,Hapoel Beit Shemesh,English Wikipedia
1962/1963,1962,Liga Gimel,Jerusalem,3,Hapoel HaDarom Jerusalem,English Wikipedia
1962/1963,1962,Liga Gimel,Jerusalem,4,Hapoel Ein Karem,English Wikipedia
1962/1963,1962,Liga Gimel,Jerusalem,5,Maccabi Jerusalem,English Wikipedia
1962/1963,1962,Liga Gimel,Jerusalem,6,Beitar Beit Shemesh,English Wikipedia
1962/1963,1962,Liga Gimel,Jerusalem,7,Beitar Ein Karem,English Wikipedia
1962/1963,1962,Liga Gimel,Negev A,1,Hapoel Avraham Be'er Sheva,English Wikipedia
1962/1963,1962,Liga Gimel,Negev A,2,Hapoel Dimona,English Wikipedia
1962/1963,1962,Liga Gimel,Negev A,3,Beitar Dimona,English Wikipedia
1962/1963,1962,Liga Gimel,Negev A,4,Maccabi Be'er Sheva,English Wikipedia
1962/1963,1962,Liga Gimel,Negev A,5,Hapoel Yeruham,English Wikipedia
1962/1963,1962,Liga Gimel,Negev A,6,Hapoel Mashabei Sadeh,English Wikipedia
1962/1963,1962,Liga Gimel,Negev A,7,Beitar Ofakim,English Wikipedia
1962/1963,1962,Liga Gimel,Negev A,8,Hapoel Mitzpe Ramon,English Wikipedia
1962/1963,1962,Liga Gimel,Negev B,1,Hapoel Dorot,English Wikipedia
1962/1963,1962,Liga Gimel,Negev B,2,Hapoel Be'eri,English Wikipedia
1962/1963,1962,Liga Gimel,Negev B,3,Hapoel Shelahim,English Wikipedia
1962/1963,1962,Liga Gimel,Negev B,4,Hapoel Erez,English Wikipedia
1962/1963,1962,Liga Gimel,Negev B,5,Hapoel Or HaNer,English Wikipedia
1962/1963,1962,Liga Gimel,Negev B,6,Hapoel Bror Hayil,English Wikipedia
1962/1963,1962,Liga Gimel,Negev B,7,Hapoel Nir Yitzhak,English Wikipedia
1962/1963,1962,Liga Gimel,Negev B,8,Hapoel Gevim,English Wikipedia
1962/1963,1962,Liga Gimel,Negev B,9,Hapoel Mefalsim,English Wikipedia
1962/1963,1962,Liga Gimel,Negev B,10,Hapoel Netivot,English Wikipedia
1962/1963,1962,Liga Gimel,Negev B,11,Hapoel Sha'ariyot,English Wikipedia
1962/1963,1962,Liga Gimel,Samaria,1,F.C. Even Yehuda,English Wikipedia
1962/1963,1962,Liga Gimel,Samaria,2,Hapoel Pardesiya,English Wikipedia
1962/1963,1962,Liga Gimel,Samaria,3,Hapoel HaSharon HaTzfoni,English Wikipedia
1962/1963,1962,Liga Gimel,Samaria,4,Hapoel Beit Yitzhak,English Wikipedia
1962/1963,1962,Liga Gimel,Samaria,5,Beitar Zvi Netanya,English Wikipedia
1962/1963,1962,Liga Gimel,Samaria,6,Hapoel Tel Mond,English Wikipedia
1962/1963,1962,Liga Gimel,Samaria,7,Hapoel Mishmar HaSharon,English Wikipedia
1962/1963,1962,Liga Gimel,Samaria,8,Hapoel Kfar Yona,English Wikipedia
1962/1963,1962,Liga Gimel,Samaria,9,Maccabi Beit Lid,English Wikipedia
1962/1963,1962,Liga Gimel,Samaria,10,Hapoel Yanuv,English Wikipedia
1962/1963,1962,Liga Gimel,Samaria,11,Hapoel Kadima,English Wikipedia
1962/1963,1962,Liga Gimel,Samaria,12,Hapoel Burgata,English Wikipedia
1962/1963,1962,Liga Gimel,Samaria,13,Maccabi Amidar Netanya,English Wikipedia
1962/1963,1962,Liga Gimel,Samaria,14,Hapoel Maor,English Wikipedia
1962/1963,1962,Liga Gimel,Sharon,1,Maccabi Herzliya,English Wikipedia
1962/1963,1962,Liga Gimel,Sharon,2,Hapoel Shefayim,English Wikipedia
1962/1963,1962,Liga Gimel,Sharon,3,Hapoel Ramat HaSharon,English Wikipedia
1962/1963,1962,Liga Gimel,Sharon,4,Hapoel Hod HaSharon,English Wikipedia
1962/1963,1962,Liga Gimel,Sharon,5,Hapoel Rosh HaAyin,English Wikipedia
1962/1963,1962,Liga Gimel,Sharon,6,Hapoel Tira,English Wikipedia
1962/1963,1962,Liga Gimel,Sharon,7,Hapoel Nof Yam,English Wikipedia
1962/1963,1962,Liga Gimel,Sharon,8,Beitar Kfar Saba,English Wikipedia
1962/1963,1962,Liga Gimel,Sharon,9,Beitar Ramat HaSharon,English Wikipedia
1962/1963,1962,Liga Gimel,Sharon,10,Beitar Rosh HaAyin,English Wikipedia
1962/1963,1962,Liga Gimel,Sharon,11,Beitar Magdiel,English Wikipedia
1962/1963,1962,Liga Gimel,Sharon,12,Hapoel Jaljulia,English Wikipedia
1962/1963,1962,Liga Gimel,South A,1,Beitar Kiryat Ekron,English Wikipedia
1962/1963,1962,Liga Gimel,South A,2,Hapoel Gedera,English Wikipedia
1962/1963,1962,Liga Gimel,South A,3,Hapoel Kiryat Malakhi,English Wikipedia
1962/1963,1962,Liga Gimel,South A,4,Maccabi Kiryat Malakhi,English Wikipedia
1962/1963,1962,Liga Gimel,South A,5,Hapoel Hatzav,English Wikipedia
1962/1963,1962,Liga Gimel,South A,6,Beitar Gedera,English Wikipedia
1962/1963,1962,Liga Gimel,South A,7,Hapoel Yinon,English Wikipedia
1962/1963,1962,Liga Gimel,South A,8,Hapoel Azrikam,English Wikipedia
1962/1963,1962,Liga Gimel,South A,9,Maccabi Kiryat Ekron,English Wikipedia
1962/1963,1962,Liga Gimel,South B,1,Maccabi Ashkelon,English Wikipedia
1962/1963,1962,Liga Gimel,South B,2,Hapoel Gat,English Wikipedia
1962/1963,1962,Liga Gimel,South B,3,Beitar Ashkelon,English Wikipedia
1962/1963,1962,Liga Gimel,South B,4,Hapoel Ashdod,English Wikipedia
1962/1963,1962,Liga Gimel,South B,5,Maccabi Kiryat Gat,English Wikipedia
1962/1963,1962,Liga Gimel,South B,6,Hapoel Nehora,English Wikipedia
1962/1963,1962,Liga Gimel,South B,7,Hapoel Shtulim,English Wikipedia
1962/1963,1962,Liga Gimel,South B,8,Hapoel Sde Uziyahu,English Wikipedia
1962/1963,1962,Liga Gimel,South B,9,Hapoel Beit Ezra,English Wikipedia
1962/1963,1962,Liga Gimel,South B,10,Maccabi Ashdod,English Wikipedia
1962/1963,1962,Liga Gimel,South B,11,Beitar Ashdod,English Wikipedia
1962/1963,1962,Liga Gimel,Tel Aviv,1,Beitar Ezra,English Wikipedia
1962/1963,1962,Liga Gimel,Tel Aviv,2,Hapoel Kfar Shalem,English Wikipedia
1962/1963,1962,Liga Gimel,Tel Aviv,3,Hapoel Sha'ariya,English Wikipedia
1962/1963,1962,Liga Gimel,Tel Aviv,4,HaKochav Or Yehuda,English Wikipedia
1962/1963,1962,Liga Gimel,Tel Aviv,5,Beitar Bat Yam,English Wikipedia
1962/1963,1962,Liga Gimel,Tel Aviv,6,Hapoel Ezra,English Wikipedia
1962/1963,1962,Liga Gimel,Tel Aviv,7,Kedma Club,English Wikipedia
1962/1963,1962,Liga Gimel,Tel Aviv,8,Beitar Petah Tikva,English Wikipedia
1962/1963,1962,Liga Gimel,Tel Aviv,9,Beitar Ganei Tikva,English Wikipedia
1962/1963,1962,Liga Gimel,Tel Aviv,10,Maccabi HaShikma Hen,English Wikipedia
1962/1963,1962,Liga Gimel,Tel Aviv,11,Beitar Ramat Gan,English Wikipedia
1962/1963,1962,Liga Gimel,Tel Aviv,12,Maccabi Ein Ganim,English Wikipedia
1962/1963,1962,Liga Gimel,Tel Aviv,13,Beitar Jaffa,English Wikipedia
1962/1963,1962,Liga Gimel,Tel Aviv,14,Beitar Or Yehuda,English Wikipedia
1962/1963,1962,Liga Gimel,Valleys,1,Hapoel Migdal HaEmek,English Wikipedia
1962/1963,1962,Liga Gimel,Valleys,2,Hapoel Afikim,English Wikipedia
1962/1963,1962,Liga Gimel,Valleys,3,Maccabi Afula,English Wikipedia
1962/1963,1962,Liga Gimel,Valleys,4,Hapoel Beit She'an,English Wikipedia
1962/1963,1962,Liga Gimel,Valleys,5,Hapoel Sde Nahum,English Wikipedia
1962/1963,1962,Liga Gimel,Valleys,6,Hapoel Kfar Kama,English Wikipedia
1962/1963,1962,Liga Gimel,Valleys,7,Hapoel Neve Eitan,English Wikipedia
1962/1963,1962,Liga Gimel,Valleys,8,Hapoel Tel Yosef,English Wikipedia
1962/1963,1962,Liga Gimel,Valleys,9,Hapoel Beit Keshet,English Wikipedia
1962/1963,1962,Liga Gimel,Valleys,10,Beitar Afula,English Wikipedia
1962/1963,1962,Liga Gimel,Valleys,11,Hapoel Yardena,English Wikipedia
1962/1963,1962,Liga Gimel,Valleys,12,Hapoel Ein Harod,English Wikipedia
1962/1963,1962,Liga Gimel,Valleys,13,Beitar Beit She'an,English Wikipedia
1962/1963,1962,Liga Gimel,Valleys,14,Maccabi Beit She'an,English Wikipedia
1962/1963,1962,Liga Gimel,Valleys,15,Hapoel Kfar Baruch,English Wikipedia
1962/1963,1962,Liga Gimel,Western Galilee,1,Beitar Nahariya,English Wikipedia
1962/1963,1962,Liga Gimel,Western Galilee,2,Hapoel Shlomi,English Wikipedia
1962/1963,1962,Liga Gimel,Western Galilee,3,Hapoel Matzuva,English Wikipedia
1962/1963,1962,Liga Gimel,Western Galilee,4,Al Ahly Majd al-Krum,English Wikipedia
1962/1963,1962,Liga Gimel,Western Galilee,5,Hapoel Tarshiha,English Wikipedia
1962/1963,1962,Liga Gimel,Western Galilee,6,Hapoel Hanita,English Wikipedia
1962/1963,1962,Liga Gimel,Western Galilee,7,Hapoel Ma'alot,English Wikipedia
1962/1963,1962,Liga Gimel,Western Galilee,8,Isasbest Nahariya,English Wikipedia
1962/1963,1962,Liga Leumit,,1,Hapoel Petah Tikva,RSSSF
1962/1963,1962,Liga Leumit,,2,Hapoel Tel Aviv,RSSSF
1962/1963,1962,Liga Leumit,,3,Maccabi Jaffa,RSSSF
1962/1963,1962,Liga Leumit,,4,Shimshon Tel Aviv,RSSSF
1962/1963,1962,Liga Leumit,,5,Bnei Yehuda Tel Aviv,RSSSF
1962/1963,1962,Liga Leumit,,6,Hapoel Jerusalem,RSSSF
1962/1963,1962,Liga Leumit,,7,Maccabi Tel Aviv,RSSSF
1962/1963,1962,Liga Leumit,,8,Hapoel Tiberias,RSSSF
1962/1963,1962,Liga Leumit,,9,Maccabi Haifa,RSSSF
1962/1963,1962,Liga Leumit,,10,Hakoah Ramat Gan,RSSSF
1962/1963,1962,Liga Leumit,,11,Hapoel Haifa,RSSSF
1962/1963,1962,Liga Leumit,,12,Maccabi Petah Tikva,RSSSF
1963/1964,1963,Liga Alef,North,1,Maccabi Netanya,Hebrew Wikipedia
1963/1964,1963,Liga Alef,North,2,Hapoel Hadera,Hebrew Wikipedia
1963/1964,1963,Liga Alef,North,3,Hapoel Mahane Yehuda,Hebrew Wikipedia
1963/1964,1963,Liga Alef,North,4,Hapoel Acre,Hebrew Wikipedia
1963/1964,1963,Liga Alef,North,5,Hapoel Kfar Saba,Hebrew Wikipedia
1963/1964,1963,Liga Alef,North,6,Beitar Netanya,Hebrew Wikipedia
1963/1964,1963,Liga Alef,North,6,Beitar Nes Tubruk,English Wikipedia
1963/1964,1963,Liga Alef,North,7,Hapoel Kiryat Haim,Hebrew Wikipedia
1963/1964,1963,Liga Alef,North,8,Hapoel Kfar Blum,Hebrew Wikipedia
1963/1964,1963,Liga Alef,North,9,Hapoel Ironi Herzliya,Hebrew Wikipedia
1963/1964,1963,Liga Alef,North,10,Hapoel Nahliel,Hebrew Wikipedia
1963/1964,1963,Liga Alef,North,11,Maccabi Hadera,Hebrew Wikipedia
1963/1964,1963,Liga Alef,North,12,Maccabi Zichron Ya'akov,Hebrew Wikipedia
1963/1964,1963,Liga Alef,North,13,Hapoel Nahariya,Hebrew Wikipedia
1963/1964,1963,Liga Alef,North,14,Hapoel Givat Haim,Hebrew Wikipedia
1963/1964,1963,Liga Alef,South,1,Beitar Tel Aviv,Hebrew Wikipedia
1963/1964,1963,Liga Alef,South,2,Hapoel Be'er Sheva,Hebrew Wikipedia
1963/1964,1963,Liga Alef,South,3,Beitar Jerusalem,Hebrew Wikipedia
1963/1964,1963,Liga Alef,South,4,Hapoel Givatayim,Hebrew Wikipedia
1963/1964,1963,Liga Alef,South,4,Hapoel Giv'atayim,English Wikipedia
1963/1964,1963,Liga Alef,South,5,Hapoel Holon,Hebrew Wikipedia
1963/1964,1963,Liga Alef,South,6,Hapoel Ramla,Hebrew Wikipedia
1963/1964,1963,Liga Alef,South,7,Maccabi Ramat Amidar,Hebrew Wikipedia
1963/1964,1963,Liga Alef,South,8,Sektzia Nes Tziona,Hebrew Wikipedia
1963/1964,1963,Liga Alef,South,9,Beitar Ramla,Hebrew Wikipedia
1963/1964,1963,Liga Alef,South,10,Hapoel Marmorek,Hebrew Wikipedia
1963/1964,1963,Liga Alef,South,11,YMCA Jerusalem,Hebrew Wikipedia
1963/1964,1963,Liga Alef,South,12,Hapoel Kiryat Ono,Hebrew Wikipedia
1963/1964,1963,Liga Alef,South,13,Maccabi Shmuel Tel Aviv,Hebrew Wikipedia
1963/1964,1963,Liga Alef,South,14,Hapoel Rishon LeZion,Hebrew Wikipedia
1963/1964,1963,Liga Bet,North Division A,1,Hapoel Safed,English Wikipedia
1963/1964,1963,Liga Bet,North Division A,2,Beitar Haifa,English Wikipedia
1963/1964,1963,Liga Bet,North Division A,3,Hapoel Bnei Nazareth,English Wikipedia
1963/1964,1963,Liga Bet,North Division A,4,Hapoel Kiryat Shmona,English Wikipedia
1963/1964,1963,Liga Bet,North Division A,5,Hapoel Kiryat Ata,English Wikipedia
1963/1964,1963,Liga Bet,North Division A,6,Beitar Kiryat Shmona,English Wikipedia
1963/1964,1963,Liga Bet,North Division A,7,A.S. Kiryat Bialik,English Wikipedia
1963/1964,1963,Liga Bet,North Division A,8,Hapoel Afikim,English Wikipedia
1963/1964,1963,Liga Bet,North Division A,9,Hapoel Afula,English Wikipedia
1963/1964,1963,Liga Bet,North Division A,10,Hapoel Migdal HaEmek,English Wikipedia
1963/1964,1963,Liga Bet,North Division A,11,Hapoel Shefa-'Amr,English Wikipedia
1963/1964,1963,Liga Bet,North Division A,12,Beitar Nahariya,English Wikipedia
1963/1964,1963,Liga Bet,North Division A,13,Hapoel Ramat David,English Wikipedia
1963/1964,1963,Liga Bet,North Division A,14,Hapoel HaMechonit,English Wikipedia
1963/1964,1963,Liga Bet,North Division A,15,Beitar Acre,English Wikipedia
1963/1964,1963,Liga Bet,North Division A,16,Beitar Safed,English Wikipedia
1963/1964,1963,Liga Bet,North Division B,1,Hapoel Netanya,English Wikipedia
1963/1964,1963,Liga Bet,North Division B,2,Hapoel Ra'anana,English Wikipedia
1963/1964,1963,Liga Bet,North Division B,3,Sport Club Even Yehuda,English Wikipedia
1963/1964,1963,Liga Bet,North Division B,4,Beitar Kiryat Ono,English Wikipedia
1963/1964,1963,Liga Bet,North Division B,5,Hapoel Kfar Shalem,English Wikipedia
1963/1964,1963,Liga Bet,North Division B,6,Hapoel Pardesiya,English Wikipedia
1963/1964,1963,Liga Bet,North Division B,7,Hapoel Pardes Hanna,English Wikipedia
1963/1964,1963,Liga Bet,North Division B,8,Hapoel Atlit,English Wikipedia
1963/1964,1963,Liga Bet,North Division B,9,Hapoel Tirat Carmel,English Wikipedia
1963/1964,1963,Liga Bet,North Division B,10,Hapoel Givat Olga,English Wikipedia
1963/1964,1963,Liga Bet,North Division B,11,Hapoel Dora Netanya,English Wikipedia
1963/1964,1963,Liga Bet,North Division B,12,Hapoel Ganei Tikva,English Wikipedia
1963/1964,1963,Liga Bet,North Division B,13,Maccabi Neve Shalom,English Wikipedia
1963/1964,1963,Liga Bet,North Division B,14,Maccabi Pardes Hanna,English Wikipedia
1963/1964,1963,Liga Bet,North Division B,15,Beitar Binyamina,English Wikipedia
1963/1964,1963,Liga Bet,North Division B,16,Beitar Mahane Yehuda,English Wikipedia
1963/1964,1963,Liga Bet,South Division A,1,Beitar Lod,English Wikipedia
1963/1964,1963,Liga Bet,South Division A,2,Beitar Harari Tel Aviv,English Wikipedia
1963/1964,1963,Liga Bet,South Division A,3,Hapoel HaTzafon Tel Aviv,English Wikipedia
1963/1964,1963,Liga Bet,South Division A,4,Hapoel Bat Yam,English Wikipedia
1963/1964,1963,Liga Bet,South Division A,5,Maccabi Herzliya,English Wikipedia
1963/1964,1963,Liga Bet,South Division A,6,Maccabi Ironi Bat Yam,English Wikipedia
1963/1964,1963,Liga Bet,South Division A,7,Hapoel Kiryat Shalom,English Wikipedia
1963/1964,1963,Liga Bet,South Division A,8,Hapoel Be'er Ya'akov,English Wikipedia
1963/1964,1963,Liga Bet,South Division A,9,Maccabi Ramat Gan,English Wikipedia
1963/1964,1963,Liga Bet,South Division A,10,Hapoel Ya'akov Kfar Saba,English Wikipedia
1963/1964,1963,Liga Bet,South Division A,11,Beitar Ezra,English Wikipedia
1963/1964,1963,Liga Bet,South Division A,12,Hapoel Yehud,English Wikipedia
1963/1964,1963,Liga Bet,South Division A,13,Shikun HaMizrah,English Wikipedia
1963/1964,1963,Liga Bet,South Division A,14,Hapoel Azor,English Wikipedia
1963/1964,1963,Liga Bet,South Division A,15,Beitar Holon,English Wikipedia
1963/1964,1963,Liga Bet,South Division A,16,Hapoel HaTzafon Jerusalem,English Wikipedia
1963/1964,1963,Liga Bet,South Division B,1,Hapoel Ashkelon,English Wikipedia
1963/1964,1963,Liga Bet,South Division B,2,Maccabi Holon,English Wikipedia
1963/1964,1963,Liga Bet,South Division B,3,Hapoel Avraham Be'er Sheva,English Wikipedia
1963/1964,1963,Liga Bet,South Division B,4,Hapoel Ofakim,English Wikipedia
1963/1964,1963,Liga Bet,South Division B,5,Maccabi Rehovot,English Wikipedia
1963/1964,1963,Liga Bet,South Division B,6,Hapoel Dorot Sha'ar HaNegev,English Wikipedia
1963/1964,1963,Liga Bet,South Division B,7,Hapoel Eilat,English Wikipedia
1963/1964,1963,Liga Bet,South Division B,8,Hapoel Sderot,English Wikipedia
1963/1964,1963,Liga Bet,South Division B,9,Hapoel Rehovot,English Wikipedia
1963/1964,1963,Liga Bet,South Division B,10,Beitar Be'er Sheva,English Wikipedia
1963/1964,1963,Liga Bet,South Division B,11,Hapoel Bnei Zion,English Wikipedia
1963/1964,1963,Liga Bet,South Division B,12,Hapoel Or Yehuda,English Wikipedia
1963/1964,1963,Liga Bet,South Division B,13,Beitar Kiryat Ekron,English Wikipedia
1963/1964,1963,Liga Bet,South Division B,14,Hapoel Merhavim,English Wikipedia
1963/1964,1963,Liga Bet,South Division B,15,Maccabi Ashkelon,English Wikipedia
1963/1964,1963,Liga Bet,South Division B,16,Maccabi Ramla,English Wikipedia
1963/1964,1963,Liga Gimel,Carmel,1,Hapoel Beit Eliezer,English Wikipedia
1963/1964,1963,Liga Gimel,Carmel,2,Hapoel Geva HaCarmel,English Wikipedia
1963/1964,1963,Liga Gimel,Carmel,3,Hapoel Or Akiva,English Wikipedia
1963/1964,1963,Liga Gimel,Carmel,4,Beitar Hadera,English Wikipedia
1963/1964,1963,Liga Gimel,Carmel,5,Hapoel Zikhron Ya'akov,English Wikipedia
1963/1964,1963,Liga Gimel,Carmel,6,Hapoel Binyamina,English Wikipedia
1963/1964,1963,Liga Gimel,Carmel,7,Maccabi Fureidis,English Wikipedia
1963/1964,1963,Liga Gimel,Carmel,8,Beitar Zikhron Ya'akov,English Wikipedia
1963/1964,1963,Liga Gimel,Carmel,9,Beitar Atlit,English Wikipedia
1963/1964,1963,Liga Gimel,Carmel,10,Hapoel Karkur,English Wikipedia
1963/1964,1963,Liga Gimel,Central,1,Beitar Rehovot,English Wikipedia
1963/1964,1963,Liga Gimel,Central,2,Beitar Beit Dagan,English Wikipedia
1963/1964,1963,Liga Gimel,Central,3,Hapoel Givat Brenner,English Wikipedia
1963/1964,1963,Liga Gimel,Central,4,Maccabi Kfar Gvirol,English Wikipedia
1963/1964,1963,Liga Gimel,Central,5,Beitar Rishon LeZion,English Wikipedia
1963/1964,1963,Liga Gimel,Central,6,Beitar Gedera,English Wikipedia
1963/1964,1963,Liga Gimel,Central,7,Hapoel Gedera,English Wikipedia
1963/1964,1963,Liga Gimel,Central,8,Maccabi Kiryat Ekron,English Wikipedia
1963/1964,1963,Liga Gimel,Central,9,Hapoel Beit Dagan,English Wikipedia
1963/1964,1963,Liga Gimel,Central,10,Hapoel Zarnuga,English Wikipedia
1963/1964,1963,Liga Gimel,Haifa,1,Hapoel Yagur,English Wikipedia
1963/1964,1963,Liga Gimel,Haifa,2,Maccabi Kiryat Yam,English Wikipedia
1963/1964,1963,Liga Gimel,Haifa,3,Beitar Tel Hanan,English Wikipedia
1963/1964,1963,Liga Gimel,Haifa,4,Beitar Tirat HaCarmel,English Wikipedia
1963/1964,1963,Liga Gimel,Haifa,5,Maccabi Tel Hanan,English Wikipedia
1963/1964,1963,Liga Gimel,Haifa,6,Maccabi Kiryat Ata,English Wikipedia
1963/1964,1963,Liga Gimel,Haifa,7,Beitar Shprintzak,English Wikipedia
1963/1964,1963,Liga Gimel,Haifa,8,Beitar Rekhasim,English Wikipedia
1963/1964,1963,Liga Gimel,Jerusalem,1,ASA Jerusalem,English Wikipedia
1963/1964,1963,Liga Gimel,Jerusalem,2,Beitar Beit Shemesh,English Wikipedia
1963/1964,1963,Liga Gimel,Jerusalem,3,Hapoel Beit Shemesh,English Wikipedia
1963/1964,1963,Liga Gimel,Jerusalem,4,Hapoel Katamonim,English Wikipedia
1963/1964,1963,Liga Gimel,Jerusalem,5,Beitar Ein Karem,English Wikipedia
1963/1964,1963,Liga Gimel,Jerusalem,6,Hapoel Beit Safafa,English Wikipedia
1963/1964,1963,Liga Gimel,Jerusalem,7,Maccabi Beit Shemesh,English Wikipedia
1963/1964,1963,Liga Gimel,Jerusalem,8,Hapoel HaDarom Jerusalem,English Wikipedia
1963/1964,1963,Liga Gimel,Negev A,1,Hapoel Dimona,English Wikipedia
1963/1964,1963,Liga Gimel,Negev A,2,Maccabi Be'er Sheva,English Wikipedia
1963/1964,1963,Liga Gimel,Negev A,3,Hapoel Yeruham,English Wikipedia
1963/1964,1963,Liga Gimel,Negev A,4,Hapoel Mashabei Sadeh,English Wikipedia
1963/1964,1963,Liga Gimel,Negev A,5,Hapoel Mitzpe Ramon,English Wikipedia
1963/1964,1963,Liga Gimel,Negev A,6,Beitar Dimona,English Wikipedia
1963/1964,1963,Liga Gimel,Negev A,7,Beitar Ofakim,English Wikipedia
1963/1964,1963,Liga Gimel,Negev B,1,Hapoel Be'eri,English Wikipedia
1963/1964,1963,Liga Gimel,Negev B,2,Hapoel Mefalsim,English Wikipedia
1963/1964,1963,Liga Gimel,Negev B,3,Hapoel Erez,English Wikipedia
1963/1964,1963,Liga Gimel,Negev B,4,Hapoel Gevim,English Wikipedia
1963/1964,1963,Liga Gimel,Negev B,5,Hapoel Or HaNer,English Wikipedia
1963/1964,1963,Liga Gimel,Negev B,6,Hapoel Bror Hayil,English Wikipedia
1963/1964,1963,Liga Gimel,Negev B,7,Hapoel Mivtahim,English Wikipedia
1963/1964,1963,Liga Gimel,Negev B,8,Hapoel Netivot,English Wikipedia
1963/1964,1963,Liga Gimel,Negev B,9,Hapoel Sha'ariyot,English Wikipedia
1963/1964,1963,Liga Gimel,Negev B,10,Hapoel Shelahim,English Wikipedia
1963/1964,1963,Liga Gimel,North,1,Al-Amal Acre,English Wikipedia
1963/1964,1963,Liga Gimel,North,2,Hapoel Ein HaMifratz,English Wikipedia
1963/1964,1963,Liga Gimel,North,3,Hapoel Kafr Yasif,English Wikipedia
1963/1964,1963,Liga Gimel,North,4,Hapoel Tarshiha,English Wikipedia
1963/1964,1963,Liga Gimel,North,5,Al Ahly Majd al-Krum,English Wikipedia
1963/1964,1963,Liga Gimel,North,6,Maccabi Mi'ilya,English Wikipedia
1963/1964,1963,Liga Gimel,North,7,Hapoel Mi'ilya,English Wikipedia
1963/1964,1963,Liga Gimel,North,8,Hapoel Majd al-Krum,English Wikipedia
1963/1964,1963,Liga Gimel,North,9,Hapoel Ma'alot,English Wikipedia
1963/1964,1963,Liga Gimel,Petah Tikva,1,Beitar Petah Tikva,English Wikipedia
1963/1964,1963,Liga Gimel,Petah Tikva,2,Hapoel Sha'ariya,English Wikipedia
1963/1964,1963,Liga Gimel,Petah Tikva,3,Hapoel Rosh HaAyin,English Wikipedia
1963/1964,1963,Liga Gimel,Petah Tikva,4,Hapoel Tira,English Wikipedia
1963/1964,1963,Liga Gimel,Petah Tikva,5,Hapoel Kafr Qasim,English Wikipedia
1963/1964,1963,Liga Gimel,Petah Tikva,6,Beitar Ganei Tikva,English Wikipedia
1963/1964,1963,Liga Gimel,Petah Tikva,7,Beitar Rosh HaAyin,English Wikipedia
1963/1964,1963,Liga Gimel,Petah Tikva,8,Hapoel Jaljulia,English Wikipedia
1963/1964,1963,Liga Gimel,Petah Tikva,9,Shimshon Rosh HaAyin,English Wikipedia
1963/1964,1963,Liga Gimel,Petah Tikva,10,Maccabi Rosh HaAyin,English Wikipedia
1963/1964,1963,Liga Gimel,Petah Tikva,11,Hapoel Taibe,English Wikipedia
1963/1964,1963,Liga Gimel,Petah Tikva,12,Maccabi Sha'ariya,English Wikipedia
1963/1964,1963,Liga Gimel,Samaria,1,Beitar Beit Lid,English Wikipedia
1963/1964,1963,Liga Gimel,Samaria,2,Hapoel Tel Mond,English Wikipedia
1963/1964,1963,Liga Gimel,Samaria,3,Hapoel Beit Yitzhak,English Wikipedia
1963/1964,1963,Liga Gimel,Samaria,4,Hapoel HaSharon HaTzfoni,English Wikipedia
1963/1964,1963,Liga Gimel,Samaria,5,Beitar Zvi Netanya,English Wikipedia
1963/1964,1963,Liga Gimel,Samaria,6,Hapoel Kfar Yona,English Wikipedia
1963/1964,1963,Liga Gimel,Samaria,7,F.C. Ein Ya'akov,English Wikipedia
1963/1964,1963,Liga Gimel,Samaria,8,Maccabi Beit Lid,English Wikipedia
1963/1964,1963,Liga Gimel,Samaria,9,Hapoel Burgata,English Wikipedia
1963/1964,1963,Liga Gimel,Samaria,10,Maccabi Amidar Netanya,English Wikipedia
1963/1964,1963,Liga Gimel,Samaria,11,Hapoel Yanuv,English Wikipedia
1963/1964,1963,Liga Gimel,Samaria,12,Hapoel Tnuvot,English Wikipedia
1963/1964,1963,Liga Gimel,Samaria,13,Hapoel Kadima,English Wikipedia
1963/1964,1963,Liga Gimel,Sharon,1,Hapoel Shefayim,English Wikipedia
1963/1964,1963,Liga Gimel,Sharon,2,Hapoel Ramat HaSharon,English Wikipedia
1963/1964,1963,Liga Gimel,Sharon,3,Beitar Magdiel,English Wikipedia
1963/1964,1963,Liga Gimel,Sharon,4,Hapoel Nof Yam,English Wikipedia
1963/1964,1963,Liga Gimel,Sharon,5,Maccabi Sheikh Munis,English Wikipedia
1963/1964,1963,Liga Gimel,Sharon,6,Beitar Herzliya,English Wikipedia
1963/1964,1963,Liga Gimel,Sharon,7,Beitar Kfar Saba,English Wikipedia
1963/1964,1963,Liga Gimel,Sharon,8,Maccabi Ever HaYarkon,English Wikipedia
1963/1964,1963,Liga Gimel,Sharon,9,Beitar Ramat HaSharon,English Wikipedia
1963/1964,1963,Liga Gimel,South A,1,Hapoel Kiryat Malakhi,English Wikipedia
1963/1964,1963,Liga Gimel,South A,2,Maccabi Kiryat Malakhi,English Wikipedia
1963/1964,1963,Liga Gimel,South A,3,Hapoel Nehora,English Wikipedia
1963/1964,1963,Liga Gimel,South A,4,Hapoel Sde Uziyahu,English Wikipedia
1963/1964,1963,Liga Gimel,South A,5,Hapoel Beit Ezra,English Wikipedia
1963/1964,1963,Liga Gimel,South A,6,Hapoel Hatzav,English Wikipedia
1963/1964,1963,Liga Gimel,South A,7,Maccabi Yavne,English Wikipedia
1963/1964,1963,Liga Gimel,South A,8,Maccabi Gan Yavne,English Wikipedia
1963/1964,1963,Liga Gimel,South A,9,Hapoel Yinon,English Wikipedia
1963/1964,1963,Liga Gimel,South B,1,Hapoel Ashdod,English Wikipedia
1963/1964,1963,Liga Gimel,South B,2,Hapoel Gat,English Wikipedia
1963/1964,1963,Liga Gimel,South B,3,Maccabi Ashdod,English Wikipedia
1963/1964,1963,Liga Gimel,South B,4,Beitar Ashdod,English Wikipedia
1963/1964,1963,Liga Gimel,South B,5,Hapoel Kiryat Gat,English Wikipedia
1963/1964,1963,Liga Gimel,South B,6,Maccabi Kiryat Gat,English Wikipedia
1963/1964,1963,Liga Gimel,South B,7,Beitar Ashkelon,English Wikipedia
1963/1964,1963,Liga Gimel,South B,8,Hapoel Shtulim,English Wikipedia
1963/1964,1963,Liga Gimel,Tel Aviv,1,Beitar Ramat Gan,English Wikipedia
1963/1964,1963,Liga Gimel,Tel Aviv,2,Beitar Bat Yam,English Wikipedia
1963/1964,1963,Liga Gimel,Tel Aviv,3,Hapoel Ezra,English Wikipedia
1963/1964,1963,Liga Gimel,Tel Aviv,4,A.S. David Tel Aviv,English Wikipedia
1963/1964,1963,Liga Gimel,Tel Aviv,5,Beitar Yehud,English Wikipedia
1963/1964,1963,Liga Gimel,Tel Aviv,6,Maccabi HaShikma Hen,English Wikipedia
1963/1964,1963,Liga Gimel,Tel Aviv,7,Beitar HaTzafon Tel Aviv,English Wikipedia
1963/1964,1963,Liga Gimel,Tel Aviv,8,Beitar Jaffa,English Wikipedia
1963/1964,1963,Liga Gimel,Upper Galilee,1,Hapoel Hulata,English Wikipedia
1963/1964,1963,Liga Gimel,Upper Galilee,2,Hapoel Hatzor,English Wikipedia
1963/1964,1963,Liga Gimel,Upper Galilee,3,Hapoel Dan,English Wikipedia
1963/1964,1963,Liga Gimel,Upper Galilee,4,Hapoel Ayelet HaShahar,English Wikipedia
1963/1964,1963,Liga Gimel,Upper Galilee,5,Beitar Tiberias,English Wikipedia
1963/1964,1963,Liga Gimel,Upper Galilee,6,Hapoel Kfar Giladi,English Wikipedia
1963/1964,1963,Liga Gimel,Upper Galilee,7,Hapoel HaMusach Kiryat Shmona,English Wikipedia
1963/1964,1963,Liga Gimel,Upper Galilee,8,Nevatim Safed,English Wikipedia
1963/1964,1963,Liga Gimel,Upper Galilee,9,Hapoel Bnei HaGalil,English Wikipedia
1963/1964,1963,Liga Gimel,Valleys A,1,Hapoel Beit She'an,English Wikipedia
1963/1964,1963,Liga Gimel,Valleys A,2,Hapoel Sde Nahum,English Wikipedia
1963/1964,1963,Liga Gimel,Valleys A,3,Hapoel Kfar Kama,English Wikipedia
1963/1964,1963,Liga Gimel,Valleys A,4,Hapoel Yardena,English Wikipedia
1963/1964,1963,Liga Gimel,Valleys A,5,Maccabi Beit She'an,English Wikipedia
1963/1964,1963,Liga Gimel,Valleys A,6,Hapoel Tel Yosef,English Wikipedia
1963/1964,1963,Liga Gimel,Valleys A,7,Beitar Beit She'an,English Wikipedia
1963/1964,1963,Liga Gimel,Valleys A,8,Hapoel Kfar Baruch,English Wikipedia
1963/1964,1963,Liga Gimel,Valleys A,9,Hapoel Neve Eitan,English Wikipedia
1963/1964,1963,Liga Gimel,Valleys B,1,Beitar Kiryat Tiv'on,English Wikipedia
1963/1964,1963,Liga Gimel,Valleys B,2,Maccabi Afula,English Wikipedia
1963/1964,1963,Liga Gimel,Valleys B,3,Hapoel Yokneam,English Wikipedia
1963/1964,1963,Liga Gimel,Valleys B,4,Hapoel Kiryat Tiv'on,English Wikipedia
1963/1964,1963,Liga Gimel,Valleys B,5,Beitar Afula,English Wikipedia
1963/1964,1963,Liga Gimel,Valleys B,6,Yedidut Nazareth,English Wikipedia
1963/1964,1963,Liga Gimel,Valleys B,7,Hapoel Nof HaGalil,English Wikipedia
1963/1964,1963,Liga Gimel,Valleys B,8,Hapoel Balfouria,English Wikipedia
1963/1964,1963,Liga Gimel,Valleys B,9,Hapoel Givat Oz,English Wikipedia
1963/1964,1963,Liga Leumit,,1,Hapoel Ramat Gan,RSSSF
1963/1964,1963,Liga Leumit,,2,Maccabi Jaffa,RSSSF
1963/1964,1963,Liga Leumit,,3,Hapoel Petah Tikva,RSSSF
1963/1964,1963,Liga Leumit,,4,Hapoel Tel Aviv,RSSSF
1963/1964,1963,Liga Leumit,,5,Maccabi Tel Aviv,RSSSF
1963/1964,1963,Liga Leumit,,6,Hapoel Haifa,RSSSF
1963/1964,1963,Liga Leumit,,7,Maccabi Petah Tikva,RSSSF
1963/1964,1963,Liga Leumit,,8,Hakoah Ramat Gan,RSSSF
1963/1964,1963,Liga Leumit,,9,Shimshon Tel Aviv,RSSSF
1963/1964,1963,Liga Leumit,,10,Hapoel Tiberias,RSSSF
1963/1964,1963,Liga Leumit,,11,Maccabi Sha'arayim,RSSSF
1963/1964,1963,Liga Leumit,,12,Bnei Yehuda Tel Aviv,RSSSF
1963/1964,1963,Liga Leumit,,13,Maccabi Haifa,RSSSF
1963/1964,1963,Liga Leumit,,14,Hapoel Jerusalem,RSSSF
1963/1964,1963,Liga Leumit,,15,Hapoel Lod,RSSSF
1964/1965,1964,Liga Alef,North,1,Hapoel Mahane Yehuda,Hebrew Wikipedia
1964/1965,1964,Liga Alef,North,2,Beitar Netanya,Hebrew Wikipedia
1964/1965,1964,Liga Alef,North,2,Beitar Nes Tubruk,English Wikipedia
1964/1965,1964,Liga Alef,North,3,Hapoel Kfar Saba,Hebrew Wikipedia
1964/1965,1964,Liga Alef,North,4,Hapoel Acre,Hebrew Wikipedia
1964/1965,1964,Liga Alef,North,5,Hapoel Hadera,Hebrew Wikipedia
1964/1965,1964,Liga Alef,North,6,Hapoel Kiryat Haim,Hebrew Wikipedia
1964/1965,1964,Liga Alef,North,7,Hapoel Kfar Blum,Hebrew Wikipedia
1964/1965,1964,Liga Alef,North,8,Maccabi Hadera,Hebrew Wikipedia
1964/1965,1964,Liga Alef,North,9,Hapoel Ironi Herzliya,Hebrew Wikipedia
1964/1965,1964,Liga Alef,North,10,Beitar Haifa,Hebrew Wikipedia
1964/1965,1964,Liga Alef,North,11,Hapoel Netanya,Hebrew Wikipedia
1964/1965,1964,Liga Alef,North,12,Hapoel Bnei Nazareth,Hebrew Wikipedia
1964/1965,1964,Liga Alef,North,13,Hapoel Nahliel,Hebrew Wikipedia
1964/1965,1964,Liga Alef,North,14,Hapoel Safed,Hebrew Wikipedia
1964/1965,1964,Liga Alef,North,15,Maccabi Zichron Ya'akov,Hebrew Wikipedia
1964/1965,1964,Liga Alef,North,16,Hapoel Ra'anana,Hebrew Wikipedia
1964/1965,1964,Liga Alef,South,1,Hapoel Be'er Sheva,Hebrew Wikipedia
1964/1965,1964,Liga Alef,South,2,Beitar Jerusalem,Hebrew Wikipedia
1964/1965,1964,Liga Alef,South,3,Beitar Ramla,Hebrew Wikipedia
1964/1965,1964,Liga Alef,South,4,Sektzia Nes Tziona,Hebrew Wikipedia
1964/1965,1964,Liga Alef,South,5,Hapoel Kiryat Ono,Hebrew Wikipedia
1964/1965,1964,Liga Alef,South,6,Maccabi Ramat Amidar,Hebrew Wikipedia
1964/1965,1964,Liga Alef,South,7,Hapoel Givatayim,Hebrew Wikipedia
1964/1965,1964,Liga Alef,South,7,Hapoel Giv'atayim,English Wikipedia
1964/1965,1964,Liga Alef,South,8,Hapoel Holon,Hebrew Wikipedia
1964/1965,1964,Liga Alef,South,9,Hapoel Ashkelon,Hebrew Wikipedia
1964/1965,1964,Liga Alef,South,10,Maccabi Holon,Hebrew Wikipedia
1964/1965,1964,Liga Alef,South,11,Hapoel Lod,Hebrew Wikipedia
1964/1965,1964,Liga Alef,South,12,Hapoel Marmorek,Hebrew Wikipedia
1964/1965,1964,Liga Alef,South,13,YMCA Jerusalem,Hebrew Wikipedia
1964/1965,1964,Liga Alef,South,13,HaBira Jerusalem,English Wikipedia
1964/1965,1964,Liga Alef,South,14,Beitar Lod,Hebrew Wikipedia
1964/1965,1964,Liga Alef,South,15,Hapoel Ramla,Hebrew Wikipedia
1964/1965,1964,Liga Alef,South,16,Beitar Harari Tel Aviv,Hebrew Wikipedia
1964/1965,1964,Liga Bet,North Division A,1,Hapoel Kiryat Shmona,English Wikipedia
1964/1965,1964,Liga Bet,North Division A,2,Hapoel Nahariya,English Wikipedia
1964/1965,1964,Liga Bet,North Division A,3,Hapoel Kiryat Ata,English Wikipedia
1964/1965,1964,Liga Bet,North Division A,4,Hapoel Afula,English Wikipedia
1964/1965,1964,Liga Bet,North Division A,5,Beitar Nahariya,English Wikipedia
1964/1965,1964,Liga Bet,North Division A,6,A.S. Kiryat Bialik,English Wikipedia
1964/1965,1964,Liga Bet,North Division A,7,Beitar Kiryat Shmona,English Wikipedia
1964/1965,1964,Liga Bet,North Division A,8,Hapoel HaMechonit,English Wikipedia
1964/1965,1964,Liga Bet,North Division A,9,Hapoel Afikim,English Wikipedia
1964/1965,1964,Liga Bet,North Division A,10,Hapoel Migdal HaEmek,English Wikipedia
1964/1965,1964,Liga Bet,North Division A,11,Hapoel Ramat David,English Wikipedia
1964/1965,1964,Liga Bet,North Division A,12,Hapoel Yagur,English Wikipedia
1964/1965,1964,Liga Bet,North Division A,13,Hapoel Tirat Carmel,English Wikipedia
1964/1965,1964,Liga Bet,North Division A,14,Beitar Kiryat Tiv'on,English Wikipedia
1964/1965,1964,Liga Bet,North Division A,15,Hapoel Shefa-'Amr,English Wikipedia
1964/1965,1964,Liga Bet,North Division A,16,Hapoel Hulata,English Wikipedia
1964/1965,1964,Liga Bet,North Division B,1,Beitar Kiryat Ono,English Wikipedia
1964/1965,1964,Liga Bet,North Division B,2,Hapoel Givat Haim,English Wikipedia
1964/1965,1964,Liga Bet,North Division B,3,Sport Club Even Yehuda,English Wikipedia
1964/1965,1964,Liga Bet,North Division B,4,Hapoel Ya'akov Kfar Saba,English Wikipedia
1964/1965,1964,Liga Bet,North Division B,5,Hapoel Shefayim,English Wikipedia
1964/1965,1964,Liga Bet,North Division B,6,Hapoel Givat Olga,English Wikipedia
1964/1965,1964,Liga Bet,North Division B,7,Maccabi Herzliya,English Wikipedia
1964/1965,1964,Liga Bet,North Division B,8,Maccabi Neve Shalom,English Wikipedia
1964/1965,1964,Liga Bet,North Division B,9,Hapoel Beit Eliezer,English Wikipedia
1964/1965,1964,Liga Bet,North Division B,10,Maccabi Pardes Hanna,English Wikipedia
1964/1965,1964,Liga Bet,North Division B,11,Beitar Dov Netanya,English Wikipedia
1964/1965,1964,Liga Bet,North Division B,12,Hapoel Pardesiya,English Wikipedia
1964/1965,1964,Liga Bet,North Division B,13,Beitar Petah Tikva,English Wikipedia
1964/1965,1964,Liga Bet,North Division B,14,Hapoel Dora Netanya,English Wikipedia
1964/1965,1964,Liga Bet,North Division B,15,Hapoel Atlit,English Wikipedia
1964/1965,1964,Liga Bet,South Division A,1,Hapoel Kfar Shalem,English Wikipedia
1964/1965,1964,Liga Bet,South Division A,2,Maccabi Ironi Bat Yam,English Wikipedia
1964/1965,1964,Liga Bet,South Division A,3,Maccabi Shmuel Tel Aviv,English Wikipedia
1964/1965,1964,Liga Bet,South Division A,4,Hapoel Be'er Ya'akov,English Wikipedia
1964/1965,1964,Liga Bet,South Division A,5,Hapoel Bat Yam,English Wikipedia
1964/1965,1964,Liga Bet,South Division A,6,Hapoel HaTzafon Tel Aviv,English Wikipedia
1964/1965,1964,Liga Bet,South Division A,7,Beitar Ezra,English Wikipedia
1964/1965,1964,Liga Bet,South Division A,8,Hapoel Ganei Tikva,English Wikipedia
1964/1965,1964,Liga Bet,South Division A,9,Shikun HaMizrah,English Wikipedia
1964/1965,1964,Liga Bet,South Division A,10,Hapoel Yehud,English Wikipedia
1964/1965,1964,Liga Bet,South Division A,11,Hapoel Azor,English Wikipedia
1964/1965,1964,Liga Bet,South Division A,12,Hapoel Or Yehuda,English Wikipedia
1964/1965,1964,Liga Bet,South Division A,13,Maccabi Ramat Gan,English Wikipedia
1964/1965,1964,Liga Bet,South Division A,14,Beitar Ramat Gan,English Wikipedia
1964/1965,1964,Liga Bet,South Division A,15,Hapoel Kiryat Shalom,English Wikipedia
1964/1965,1964,Liga Bet,South Division A,16,ASA Jerusalem,English Wikipedia
1964/1965,1964,Liga Bet,South Division B,1,Hapoel Rishon LeZion,English Wikipedia
1964/1965,1964,Liga Bet,South Division B,2,Maccabi Rehovot,English Wikipedia
1964/1965,1964,Liga Bet,South Division B,3,Hapoel Avraham Be'er Sheva,English Wikipedia
1964/1965,1964,Liga Bet,South Division B,4,Beitar Be'er Sheva,English Wikipedia
1964/1965,1964,Liga Bet,South Division B,5,Hapoel Bnei Zion,English Wikipedia
1964/1965,1964,Liga Bet,South Division B,6,Hapoel Kiryat Malakhi,English Wikipedia
1964/1965,1964,Liga Bet,South Division B,7,Hapoel Sderot,English Wikipedia
1964/1965,1964,Liga Bet,South Division B,8,Hapoel Eilat,English Wikipedia
1964/1965,1964,Liga Bet,South Division B,9,Hapoel Ashdod,English Wikipedia
1964/1965,1964,Liga Bet,South Division B,10,Hapoel Dorot Sha'ar HaNegev,English Wikipedia
1964/1965,1964,Liga Bet,South Division B,11,Hapoel Ofakim,English Wikipedia
1964/1965,1964,Liga Bet,South Division B,12,Hapoel Rehovot,English Wikipedia
1964/1965,1964,Liga Bet,South Division B,13,Beitar Kiryat Ekron,English Wikipedia
1964/1965,1964,Liga Bet,South Division B,14,Beitar Rehovot,English Wikipedia
1964/1965,1964,Liga Bet,South Division B,15,Hapoel Be'eri,English Wikipedia
1964/1965,1964,Liga Bet,South Division B,16,Hapoel Merhavim,English Wikipedia
1964/1965,1964,Liga Gimel,Bay,1,Maccabi Kiryat Yam,English Wikipedia
1964/1965,1964,Liga Gimel,Bay,2,Al-Amal Acre,English Wikipedia
1964/1965,1964,Liga Gimel,Bay,3,Beitar Acre,English Wikipedia
1964/1965,1964,Liga Gimel,Bay,4,Hapoel Ein HaMifratz,English Wikipedia
1964/1965,1964,Liga Gimel,Bay,5,Hapoel Kiryat Yam,English Wikipedia
1964/1965,1964,Liga Gimel,Bay,6,Beitar Kiryat Binyamin,English Wikipedia
1964/1965,1964,Liga Gimel,Bay,7,Hapoel Kiryat Binyamin,English Wikipedia
1964/1965,1964,Liga Gimel,Bay,8,Al Ahly Majd al-Krum,English Wikipedia
1964/1965,1964,Liga Gimel,Bay,9,Maccabi Kiryat Ata,English Wikipedia
1964/1965,1964,Liga Gimel,Bay,10,Moadon HaPiryon Shefa-'Amr,English Wikipedia
1964/1965,1964,Liga Gimel,Central,1,Maccabi Kiryat Malakhi,English Wikipedia
1964/1965,1964,Liga Gimel,Central,2,Beitar Beit Dagan,English Wikipedia
1964/1965,1964,Liga Gimel,Central,3,Hapoel Givat Brenner,English Wikipedia
1964/1965,1964,Liga Gimel,Central,4,Maccabi Kfar Gvirol,English Wikipedia
1964/1965,1964,Liga Gimel,Central,5,Hapoel Gedera,English Wikipedia
1964/1965,1964,Liga Gimel,Central,6,Maccabi Yavne,English Wikipedia
1964/1965,1964,Liga Gimel,Central,7,Maccabi Kiryat Ekron,English Wikipedia
1964/1965,1964,Liga Gimel,Central,8,Beitar Gedera,English Wikipedia
1964/1965,1964,Liga Gimel,Central,9,Beitar Rishon LeZion,English Wikipedia
1964/1965,1964,Liga Gimel,Central,10,Maccabi Ezra UBitzaron,English Wikipedia
1964/1965,1964,Liga Gimel,Central,11,Maccabi Gan Yavne,English Wikipedia
1964/1965,1964,Liga Gimel,Central,12,Hapoel Hatzav,English Wikipedia
1964/1965,1964,Liga Gimel,Eastern Galilee,1,Hapoel Hatzor,English Wikipedia
1964/1965,1964,Liga Gimel,Eastern Galilee,2,Beitar Safed,English Wikipedia
1964/1965,1964,Liga Gimel,Eastern Galilee,3,Hapoel Dan,English Wikipedia
1964/1965,1964,Liga Gimel,Eastern Galilee,4,Beitar Tiberias,English Wikipedia
1964/1965,1964,Liga Gimel,Eastern Galilee,5,Hapoel Kfar Giladi,English Wikipedia
1964/1965,1964,Liga Gimel,Eastern Galilee,6,Hapoel Bnei HaGalil,English Wikipedia
1964/1965,1964,Liga Gimel,Eastern Galilee,7,Hapoel Tiberias Illit,English Wikipedia
1964/1965,1964,Liga Gimel,Eastern Galilee,8,Maccabi Rosh Pinna,English Wikipedia
1964/1965,1964,Liga Gimel,Eastern Galilee,9,Hapoel Hula Textile,English Wikipedia
1964/1965,1964,Liga Gimel,Eastern Galilee,10,Hapoel Kfar Kama,English Wikipedia
1964/1965,1964,Liga Gimel,Eastern Galilee,11,Hapoel Eilabun,English Wikipedia
1964/1965,1964,Liga Gimel,Haifa,1,Beitar Tirat HaCarmel,English Wikipedia
1964/1965,1964,Liga Gimel,Haifa,2,Hapoel Nof HaGalil,English Wikipedia
1964/1965,1964,Liga Gimel,Haifa,3,Hapoel Geva HaCarmel,English Wikipedia
1964/1965,1964,Liga Gimel,Haifa,4,Hapoel Kiryat Tiv'on,English Wikipedia
1964/1965,1964,Liga Gimel,Haifa,5,Beitar Tel Hanan,English Wikipedia
1964/1965,1964,Liga Gimel,Haifa,6,Hapoel Yokneam,English Wikipedia
1964/1965,1964,Liga Gimel,Haifa,7,Maccabi Tel Hanan,English Wikipedia
1964/1965,1964,Liga Gimel,Haifa,8,Hapoel Kafr Sulam,English Wikipedia
1964/1965,1964,Liga Gimel,Haifa,9,Hapoel Hever,English Wikipedia
1964/1965,1964,Liga Gimel,Haifa,10,Al Ahly Nazareth,English Wikipedia
1964/1965,1964,Liga Gimel,Haifa,11,Beitar Atlit,English Wikipedia
1964/1965,1964,Liga Gimel,Haifa,12,Beitar Rekhasim,English Wikipedia
1964/1965,1964,Liga Gimel,Jaffa,1,Beitar Holon,English Wikipedia
1964/1965,1964,Liga Gimel,Jaffa,2,Beitar Bat Yam,English Wikipedia
1964/1965,1964,Liga Gimel,Jaffa,3,Hapoel Bnei Ramla,English Wikipedia
1964/1965,1964,Liga Gimel,Jaffa,4,Maccabi Ramla,English Wikipedia
1964/1965,1964,Liga Gimel,Jaffa,5,Beitar Yehud,English Wikipedia
1964/1965,1964,Liga Gimel,Jaffa,6,Moadon Shabab Jaffa,English Wikipedia
1964/1965,1964,Liga Gimel,Jaffa,7,Hapoel Ihud Tzeirei Jaffa,English Wikipedia
1964/1965,1964,Liga Gimel,Jaffa,8,Ahva Ramla,English Wikipedia
1964/1965,1964,Liga Gimel,Jaffa,9,Hapoel Neve Monosson,English Wikipedia
1964/1965,1964,Liga Gimel,Jaffa,10,Maccabi Yehud,English Wikipedia
1964/1965,1964,Liga Gimel,Jaffa,11,Beitar Jaffa,English Wikipedia
1964/1965,1964,Liga Gimel,Jaffa,12,Hapoel Zeitan,English Wikipedia
1964/1965,1964,Liga Gimel,Jaffa,13,Poalei Jaffa,English Wikipedia
1964/1965,1964,Liga Gimel,Jerusalem,1,Hapoel Beit Shemesh,English Wikipedia
1964/1965,1964,Liga Gimel,Jerusalem,2,Hapoel Kiryat Gat,English Wikipedia
1964/1965,1964,Liga Gimel,Jerusalem,3,Hapoel Katamonim,English Wikipedia
1964/1965,1964,Liga Gimel,Jerusalem,4,Beitar Beit Shemesh,English Wikipedia
1964/1965,1964,Liga Gimel,Jerusalem,5,Maccabi Kiryat Gat,English Wikipedia
1964/1965,1964,Liga Gimel,Jerusalem,6,Hapoel Beit Safafa,English Wikipedia
1964/1965,1964,Liga Gimel,Jerusalem,7,Hapoel Ein Karem,English Wikipedia
1964/1965,1964,Liga Gimel,Jerusalem,8,Beitar Ein Karem,English Wikipedia
1964/1965,1964,Liga Gimel,Jerusalem,9,Maccabi Beit Shemesh,English Wikipedia
1964/1965,1964,Liga Gimel,Jerusalem,10,Hapoel Shahar,English Wikipedia
1964/1965,1964,Liga Gimel,Jerusalem,11,Hapoel Menuha,English Wikipedia
1964/1965,1964,Liga Gimel,Negev,1,Hapoel Yeruham,English Wikipedia
1964/1965,1964,Liga Gimel,Negev,2,Hapoel Dimona,English Wikipedia
1964/1965,1964,Liga Gimel,Negev,3,Maccabi Be'er Sheva,English Wikipedia
1964/1965,1964,Liga Gimel,Negev,4,Beitar Dimona,English Wikipedia
1964/1965,1964,Liga Gimel,Negev,5,Hapoel Mitzpe Ramon,English Wikipedia
1964/1965,1964,Liga Gimel,Negev,6,Shimshon Yeruham,English Wikipedia
1964/1965,1964,Liga Gimel,Negev,7,Hapoel Mashabei Sadeh,English Wikipedia
1964/1965,1964,Liga Gimel,Negev,8,Beitar Ofakim,English Wikipedia
1964/1965,1964,Liga Gimel,Negev,9,Maccabi Dimona,English Wikipedia
1964/1965,1964,Liga Gimel,Negev,10,Beitar Yeruham,English Wikipedia
1964/1965,1964,Liga Gimel,Negev,11,Maccabi Ofakim,English Wikipedia
1964/1965,1964,Liga Gimel,Netanya,1,Hapoel HaSharon HaTzfoni,English Wikipedia
1964/1965,1964,Liga Gimel,Netanya,2,Hapoel Beit Yitzhak,English Wikipedia
1964/1965,1964,Liga Gimel,Netanya,3,Hapoel Tel Mond,English Wikipedia
1964/1965,1964,Liga Gimel,Netanya,4,Hapoel Tira,English Wikipedia
1964/1965,1964,Liga Gimel,Netanya,5,Hapoel Yanuv,English Wikipedia
1964/1965,1964,Liga Gimel,Netanya,6,Hapoel Kfar Yona,English Wikipedia
1964/1965,1964,Liga Gimel,Netanya,7,Maccabi Amidar Netanya,English Wikipedia
1964/1965,1964,Liga Gimel,Netanya,8,Maccabi HaSharon Netanya,English Wikipedia
1964/1965,1964,Liga Gimel,Netanya,9,F.C. Ein Ya'akov,English Wikipedia
1964/1965,1964,Liga Gimel,Netanya,10,Hapoel Taibe,English Wikipedia
1964/1965,1964,Liga Gimel,Netanya,11,Beitar Zvi Netanya,English Wikipedia
1964/1965,1964,Liga Gimel,Netanya,12,Hapoel Tnuvot,English Wikipedia
1964/1965,1964,Liga Gimel,Netanya,13,Hapoel Burgata,English Wikipedia
1964/1965,1964,Liga Gimel,Netanya,14,Maccabi Kfar Yona,English Wikipedia
1964/1965,1964,Liga Gimel,Samaria,1,Hapoel Binyamina,English Wikipedia
1964/1965,1964,Liga Gimel,Samaria,2,Beitar Hadera,English Wikipedia
1964/1965,1964,Liga Gimel,Samaria,3,Hapoel Zikhron Ya'akov,English Wikipedia
1964/1965,1964,Liga Gimel,Samaria,4,Hapoel Or Akiva,English Wikipedia
1964/1965,1964,Liga Gimel,Samaria,5,Maccabi Fureidis,English Wikipedia
1964/1965,1964,Liga Gimel,Samaria,6,Beitar Binyamina,English Wikipedia
1964/1965,1964,Liga Gimel,Samaria,7,Beitar Zikhron Ya'akov,English Wikipedia
1964/1965,1964,Liga Gimel,Samaria,8,Hapoel Karkur,English Wikipedia
1964/1965,1964,Liga Gimel,Samaria,9,Hapoel Lehavot Haviva,English Wikipedia
1964/1965,1964,Liga Gimel,Samaria,10,Hapoel Elyakhin,English Wikipedia
1964/1965,1964,Liga Gimel,Samaria,11,Hapoel Kafr Qara,English Wikipedia
1964/1965,1964,Liga Gimel,Samaria,12,F.C. Kafr Qara,English Wikipedia
1964/1965,1964,Liga Gimel,Sharon,1,Hapoel Sha'ariya,English Wikipedia
1964/1965,1964,Liga Gimel,Sharon,2,Hapoel Rosh HaAyin,English Wikipedia
1964/1965,1964,Liga Gimel,Sharon,3,Hapoel Kafr Qasim,English Wikipedia
1964/1965,1964,Liga Gimel,Sharon,4,Hapoel Jaljulia,English Wikipedia
1964/1965,1964,Liga Gimel,Sharon,5,Beitar Mahane Yehuda,English Wikipedia
1964/1965,1964,Liga Gimel,Sharon,6,Beitar Magdiel,English Wikipedia
1964/1965,1964,Liga Gimel,Sharon,7,Beitar Kiryat Matalon,English Wikipedia
1964/1965,1964,Liga Gimel,Sharon,8,Beitar Rosh HaAyin,English Wikipedia
1964/1965,1964,Liga Gimel,Sharon,9,Maccabi Rosh HaAyin,English Wikipedia
1964/1965,1964,Liga Gimel,Sharon,10,Beitar Ganei Tikva,English Wikipedia
1964/1965,1964,Liga Gimel,Sharon,11,Beitar Kfar Saba,English Wikipedia
1964/1965,1964,Liga Gimel,Sharon,12,Shimshon Rosh HaAyin,English Wikipedia
1964/1965,1964,Liga Gimel,Sharon,13,Maccabi Kafr Qasim,English Wikipedia
1964/1965,1964,Liga Gimel,South,1,Beitar Ashkelon,English Wikipedia
1964/1965,1964,Liga Gimel,South,2,Maccabi Ashkelon,English Wikipedia
1964/1965,1964,Liga Gimel,South,3,Hapoel Sde Uziyahu,English Wikipedia
1964/1965,1964,Liga Gimel,South,4,Hapoel Or HaNer,English Wikipedia
1964/1965,1964,Liga Gimel,South,5,Maccabi Ashdod,English Wikipedia
1964/1965,1964,Liga Gimel,South,6,Hapoel Mefalsim,English Wikipedia
1964/1965,1964,Liga Gimel,South,7,Hapoel Erez,English Wikipedia
1964/1965,1964,Liga Gimel,South,8,Beitar Ashdod,English Wikipedia
1964/1965,1964,Liga Gimel,South,9,Hapoel Gevim,English Wikipedia
1964/1965,1964,Liga Gimel,South,10,Hapoel Beit Ezra,English Wikipedia
1964/1965,1964,Liga Gimel,South,11,Hapoel Shtulim,English Wikipedia
1964/1965,1964,Liga Gimel,South,12,Hapoel Bror Hayil,English Wikipedia
1964/1965,1964,Liga Gimel,Tel Aviv,1,Elite Ramat Gan,English Wikipedia
1964/1965,1964,Liga Gimel,Tel Aviv,2,Hapoel Ramat HaSharon,English Wikipedia
1964/1965,1964,Liga Gimel,Tel Aviv,3,Beitar Herzliya,English Wikipedia
1964/1965,1964,Liga Gimel,Tel Aviv,4,Hapoel Nof Yam,English Wikipedia
1964/1965,1964,Liga Gimel,Tel Aviv,5,Hapoel Ezra,English Wikipedia
1964/1965,1964,Liga Gimel,Tel Aviv,6,A.S. David Tel Aviv,English Wikipedia
1964/1965,1964,Liga Gimel,Tel Aviv,7,Hapoel Kireon,English Wikipedia
1964/1965,1964,Liga Gimel,Tel Aviv,8,Maccabi Aviv,English Wikipedia
1964/1965,1964,Liga Gimel,Tel Aviv,9,Maccabi Ever HaYarkon,English Wikipedia
1964/1965,1964,Liga Gimel,Tel Aviv,10,Hapoel Bavli Tel Aviv,English Wikipedia
1964/1965,1964,Liga Gimel,Tel Aviv,11,Maccabi Darom Tel Aviv,English Wikipedia
1964/1965,1964,Liga Gimel,Tel Aviv,12,Beitar Sheikh Munis,English Wikipedia
1964/1965,1964,Liga Gimel,Tel Aviv,13,Beitar HaTzafon Tel Aviv,English Wikipedia
1964/1965,1964,Liga Gimel,Valleys,1,Hapoel Sde Nahum,English Wikipedia
1964/1965,1964,Liga Gimel,Valleys,2,Hapoel Beit She'an,English Wikipedia
1964/1965,1964,Liga Gimel,Valleys,3,Hapoel Beit HaShita,English Wikipedia
1964/1965,1964,Liga Gimel,Valleys,4,Hapoel Tel Yosef,English Wikipedia
1964/1965,1964,Liga Gimel,Valleys,5,Maccabi Afula,English Wikipedia
1964/1965,1964,Liga Gimel,Valleys,6,Maccabi Beit She'an,English Wikipedia
1964/1965,1964,Liga Gimel,Valleys,7,Hapoel Geva,English Wikipedia
1964/1965,1964,Liga Gimel,Valleys,8,Beitar Beit She'an,English Wikipedia
1964/1965,1964,Liga Gimel,Valleys,9,Beitar Afula,English Wikipedia
1964/1965,1964,Liga Gimel,Valleys,10,Hapoel Vatikei Balfouria,English Wikipedia
1964/1965,1964,Liga Gimel,Valleys,11,Hapoel Balfouria,English Wikipedia
1964/1965,1964,Liga Gimel,Western Galilee,1,Hapoel Kafr Yasif,English Wikipedia
1964/1965,1964,Liga Gimel,Western Galilee,2,Hapoel Netiv HaShayara,English Wikipedia
1964/1965,1964,Liga Gimel,Western Galilee,3,Hapoel Tarshiha,English Wikipedia
1964/1965,1964,Liga Gimel,Western Galilee,4,Hapoel Mi'ilya,English Wikipedia
1964/1965,1964,Liga Gimel,Western Galilee,5,Maccabi Nahariya,English Wikipedia
1964/1965,1964,Liga Gimel,Western Galilee,6,Atid Tamra,English Wikipedia
1964/1965,1964,Liga Gimel,Western Galilee,7,Hapoel Ma'alot,English Wikipedia
1964/1965,1964,Liga Leumit,,1,Hakoah Ramat Gan,RSSSF
1964/1965,1964,Liga Leumit,,2,Hapoel Petah Tikva,RSSSF
1964/1965,1964,Liga Leumit,,3,Hapoel Tel Aviv,RSSSF
1964/1965,1964,Liga Leumit,,4,Maccabi Tel Aviv,RSSSF
1964/1965,1964,Liga Leumit,,5,Hapoel Haifa,RSSSF
1964/1965,1964,Liga Leumit,,6,Maccabi Sha'arayim,RSSSF
1964/1965,1964,Liga Leumit,,7,Maccabi Netanya,RSSSF
1964/1965,1964,Liga Leumit,,8,Hapoel Ramat Gan,RSSSF
1964/1965,1964,Liga Leumit,,9,Shimshon Tel Aviv,RSSSF
1964/1965,1964,Liga Leumit,,10,Maccabi Petah Tikva,RSSSF
1964/1965,1964,Liga Leumit,,11,Bnei Yehuda Tel Aviv,RSSSF
1964/1965,1964,Liga Leumit,,12,Maccabi Jaffa,RSSSF
1964/1965,1964,Liga Leumit,,13,Hapoel Jerusalem,RSSSF
1964/1965,1964,Liga Leumit,,14,Beitar Tel Aviv,RSSSF
1964/1965,1964,Liga Leumit,,15,Maccabi Haifa,RSSSF
1964/1965,1964,Liga Leumit,,16,Hapoel Tiberias,RSSSF
1965/1966,1965,Liga Alef,North,1,Maccabi Haifa,Hebrew Wikipedia
1965/1966,1965,Liga Alef,North,2,Hapoel Kfar Saba,Hebrew Wikipedia
1965/1966,1965,Liga Alef,North,3,Hapoel Kiryat Haim,Hebrew Wikipedia
1965/1966,1965,Liga Alef,North,4,Hapoel Hadera,Hebrew Wikipedia
1965/1966,1965,Liga Alef,North,5,Beitar Netanya,Hebrew Wikipedia
1965/1966,1965,Liga Alef,North,5,Beitar Nes Tubruk,English Wikipedia
1965/1966,1965,Liga Alef,North,6,Hapoel Kfar Blum,Hebrew Wikipedia
1965/1966,1965,Liga Alef,North,7,Hapoel Tiberias,Hebrew Wikipedia
1965/1966,1965,Liga Alef,North,8,Hapoel Safed,Hebrew Wikipedia
1965/1966,1965,Liga Alef,North,9,Hapoel Nahliel,Hebrew Wikipedia
1965/1966,1965,Liga Alef,North,10,Hapoel Bnei Nazareth,Hebrew Wikipedia
1965/1966,1965,Liga Alef,North,11,Hapoel Netanya,Hebrew Wikipedia
1965/1966,1965,Liga Alef,North,12,Hapoel Acre,Hebrew Wikipedia
1965/1966,1965,Liga Alef,North,13,Hapoel Ironi Herzliya,Hebrew Wikipedia
1965/1966,1965,Liga Alef,North,14,Maccabi Hadera,Hebrew Wikipedia
1965/1966,1965,Liga Alef,North,15,Hapoel Kiryat Shmona,Hebrew Wikipedia
1965/1966,1965,Liga Alef,North,16,Beitar Haifa,Hebrew Wikipedia
1965/1966,1965,Liga Alef,South,1,Sektzia Nes Tziona,Hebrew Wikipedia
1965/1966,1965,Liga Alef,South,2,Maccabi Ramat Amidar,Hebrew Wikipedia
1965/1966,1965,Liga Alef,South,3,Beitar Jerusalem,Hebrew Wikipedia
1965/1966,1965,Liga Alef,South,4,Hapoel Holon,Hebrew Wikipedia
1965/1966,1965,Liga Alef,South,5,Hapoel Ashkelon,Hebrew Wikipedia
1965/1966,1965,Liga Alef,South,6,Hapoel Rishon LeZion,Hebrew Wikipedia
1965/1966,1965,Liga Alef,South,7,Beitar Ramla,Hebrew Wikipedia
1965/1966,1965,Liga Alef,South,8,Maccabi Holon,Hebrew Wikipedia
1965/1966,1965,Liga Alef,South,9,Hapoel Lod,Hebrew Wikipedia
1965/1966,1965,Liga Alef,South,10,Hapoel Kiryat Ono,Hebrew Wikipedia
1965/1966,1965,Liga Alef,South,11,Hapoel Kfar Shalem,Hebrew Wikipedia
1965/1966,1965,Liga Alef,South,12,Hapoel Marmorek,Hebrew Wikipedia
1965/1966,1965,Liga Alef,South,13,Beitar Lod,Hebrew Wikipedia
1965/1966,1965,Liga Alef,South,14,Beitar Kiryat Ono,Hebrew Wikipedia
1965/1966,1965,Liga Alef,South,15,YMCA Jerusalem,Hebrew Wikipedia
1965/1966,1965,Liga Alef,South,15,HaBira Jerusalem,English Wikipedia
1965/1966,1965,Liga Alef,South,16,Hapoel Givatayim,Hebrew Wikipedia
1965/1966,1965,Liga Alef,South,16,Hapoel Giv'atayim,English Wikipedia
1965/1966,1965,Liga Bet,North Division A,1,Hapoel Nahariya,English Wikipedia
1965/1966,1965,Liga Bet,North Division A,2,Hapoel Kiryat Ata,English Wikipedia
1965/1966,1965,Liga Bet,North Division A,3,Hapoel Tirat Carmel,English Wikipedia
1965/1966,1965,Liga Bet,North Division A,4,Hapoel Afikim,English Wikipedia
1965/1966,1965,Liga Bet,North Division A,5,A.S. Kiryat Bialik,English Wikipedia
1965/1966,1965,Liga Bet,North Division A,6,Beitar Kiryat Shmona,English Wikipedia
1965/1966,1965,Liga Bet,North Division A,7,Beitar Kiryat Tiv'on,English Wikipedia
1965/1966,1965,Liga Bet,North Division A,8,Hapoel Migdal HaEmek,English Wikipedia
1965/1966,1965,Liga Bet,North Division A,9,Beitar Nahariya,English Wikipedia
1965/1966,1965,Liga Bet,North Division A,10,Hapoel Sde Nahum,English Wikipedia
1965/1966,1965,Liga Bet,North Division A,11,Hapoel Ramat David,English Wikipedia
1965/1966,1965,Liga Bet,North Division A,12,Hapoel HaMechonit,English Wikipedia
1965/1966,1965,Liga Bet,North Division A,13,Hapoel Afula,English Wikipedia
1965/1966,1965,Liga Bet,North Division A,14,Beitar Tirat HaCarmel,English Wikipedia
1965/1966,1965,Liga Bet,North Division A,15,Hapoel Yagur,English Wikipedia
1965/1966,1965,Liga Bet,North Division A,16,Maccabi Kiryat Yam,English Wikipedia
1965/1966,1965,Liga Bet,North Division B,1,Hapoel Ra'anana,English Wikipedia
1965/1966,1965,Liga Bet,North Division B,2,Maccabi Herzliya,English Wikipedia
1965/1966,1965,Liga Bet,North Division B,3,Sport Club Even Yehuda,English Wikipedia
1965/1966,1965,Liga Bet,North Division B,4,Hapoel Givat Haim,English Wikipedia
1965/1966,1965,Liga Bet,North Division B,5,Maccabi Pardes Hanna,English Wikipedia
1965/1966,1965,Liga Bet,North Division B,6,Hapoel Ya'akov Kfar Saba,English Wikipedia
1965/1966,1965,Liga Bet,North Division B,7,Hapoel Shefayim,English Wikipedia
1965/1966,1965,Liga Bet,North Division B,8,Hapoel Givat Olga,English Wikipedia
1965/1966,1965,Liga Bet,North Division B,9,Maccabi Zichron Ya'akov,English Wikipedia
1965/1966,1965,Liga Bet,North Division B,10,Hapoel Binyamina,English Wikipedia
1965/1966,1965,Liga Bet,North Division B,11,Beitar Dov Netanya,English Wikipedia
1965/1966,1965,Liga Bet,North Division B,12,Hapoel Dora Netanya,English Wikipedia
1965/1966,1965,Liga Bet,North Division B,13,Hapoel Beit Eliezer,English Wikipedia
1965/1966,1965,Liga Bet,North Division B,14,Beitar Petah Tikva,English Wikipedia
1965/1966,1965,Liga Bet,North Division B,15,Hapoel Pardesiya,English Wikipedia
1965/1966,1965,Liga Bet,South Division A,1,Hapoel Be'er Ya'akov,English Wikipedia
1965/1966,1965,Liga Bet,South Division A,2,Hapoel Bat Yam,English Wikipedia
1965/1966,1965,Liga Bet,South Division A,3,Maccabi Ironi Bat Yam,English Wikipedia
1965/1966,1965,Liga Bet,South Division A,4,Maccabi Shmuel Tel Aviv,English Wikipedia
1965/1966,1965,Liga Bet,South Division A,5,Beitar Bat Yam,English Wikipedia
1965/1966,1965,Liga Bet,South Division A,6,Beitar Holon,English Wikipedia
1965/1966,1965,Liga Bet,South Division A,7,Hapoel Yehud,English Wikipedia
1965/1966,1965,Liga Bet,South Division A,8,Shikun HaMizrah,English Wikipedia
1965/1966,1965,Liga Bet,South Division A,9,Hapoel Ganei Tikva,English Wikipedia
1965/1966,1965,Liga Bet,South Division A,10,Hapoel Or Yehuda,English Wikipedia
1965/1966,1965,Liga Bet,South Division A,11,Hapoel Sha'ariya,English Wikipedia
1965/1966,1965,Liga Bet,South Division A,12,Hapoel HaTzafon Tel Aviv,English Wikipedia
1965/1966,1965,Liga Bet,South Division A,13,Maccabi Ramat Gan,English Wikipedia
1965/1966,1965,Liga Bet,South Division A,14,Beitar Ramat Gan,English Wikipedia
1965/1966,1965,Liga Bet,South Division A,15,Beitar Ezra,English Wikipedia
1965/1966,1965,Liga Bet,South Division A,16,Hapoel Azor,English Wikipedia
1965/1966,1965,Liga Bet,South Division B,1,Beitar Be'er Sheva,English Wikipedia
1965/1966,1965,Liga Bet,South Division B,2,Elite Ramat Gan,English Wikipedia
1965/1966,1965,Liga Bet,South Division B,3,Maccabi Rehovot,English Wikipedia
1965/1966,1965,Liga Bet,South Division B,4,Hapoel Rehovot,English Wikipedia
1965/1966,1965,Liga Bet,South Division B,5,Hapoel Beit Shemesh,English Wikipedia
1965/1966,1965,Liga Bet,South Division B,6,Hapoel Bnei Zion,English Wikipedia
1965/1966,1965,Liga Bet,South Division B,7,Hapoel Kiryat Malakhi,English Wikipedia
1965/1966,1965,Liga Bet,South Division B,8,Hapoel Ashdod,English Wikipedia
1965/1966,1965,Liga Bet,South Division B,9,Hapoel Dorot Sha'ar HaNegev,English Wikipedia
1965/1966,1965,Liga Bet,South Division B,10,Hapoel Ramla,English Wikipedia
1965/1966,1965,Liga Bet,South Division B,11,Hapoel Dimona,English Wikipedia
1965/1966,1965,Liga Bet,South Division B,12,Hapoel Eilat,English Wikipedia
1965/1966,1965,Liga Bet,South Division B,13,Hapoel Ofakim,English Wikipedia
1965/1966,1965,Liga Bet,South Division B,14,Hapoel Sderot,English Wikipedia
1965/1966,1965,Liga Bet,South Division B,15,Beitar Rehovot,English Wikipedia
1965/1966,1965,Liga Bet,South Division B,16,Beitar Kiryat Ekron,English Wikipedia
1965/1966,1965,Liga Gimel,Central,1,Beitar Beit Dagan,English Wikipedia
1965/1966,1965,Liga Gimel,Central,2,Hapoel Gedera,English Wikipedia
1965/1966,1965,Liga Gimel,Central,3,Maccabi Yavne,English Wikipedia
1965/1966,1965,Liga Gimel,Central,4,Beitar Rishon LeZion,English Wikipedia
1965/1966,1965,Liga Gimel,Central,5,Maccabi Kfar Gvirol,English Wikipedia
1965/1966,1965,Liga Gimel,Central,6,Maccabi Haim Rehovot,English Wikipedia
1965/1966,1965,Liga Gimel,Central,7,Hapoel Hatzav,English Wikipedia
1965/1966,1965,Liga Gimel,Central,8,Maccabi Kiryat Malakhi,English Wikipedia
1965/1966,1965,Liga Gimel,Central,9,Maccabi Ezra UBitzaron,English Wikipedia
1965/1966,1965,Liga Gimel,Central,10,Beitar Gedera,English Wikipedia
1965/1966,1965,Liga Gimel,Central,11,Hapoel Ezra UBitzaron,English Wikipedia
1965/1966,1965,Liga Gimel,Central,12,Beitar Tirat Shalom,English Wikipedia
1965/1966,1965,Liga Gimel,Central,13,Maccabi Kiryat Ekron,English Wikipedia
1965/1966,1965,Liga Gimel,Central,14,Maccabi Gan Yavne,English Wikipedia
1965/1966,1965,Liga Gimel,Haifa,1,Hapoel Atlit,English Wikipedia
1965/1966,1965,Liga Gimel,Haifa,2,Beitar Kiryat Binyamin,English Wikipedia
1965/1966,1965,Liga Gimel,Haifa,3,Maccabi Neve Sha'anan Eldad,English Wikipedia
1965/1966,1965,Liga Gimel,Haifa,4,Hapoel Ahva Haifa,English Wikipedia
1965/1966,1965,Liga Gimel,Haifa,5,Hapoel Geva HaCarmel,English Wikipedia
1965/1966,1965,Liga Gimel,Haifa,6,Beitar Tel Hanan,English Wikipedia
1965/1966,1965,Liga Gimel,Haifa,7,Hapoel HaTzair Haifa,English Wikipedia
1965/1966,1965,Liga Gimel,Haifa,8,Maccabi Tel Hanan,English Wikipedia
1965/1966,1965,Liga Gimel,Haifa,9,Hapoel Kiryat Yam,English Wikipedia
1965/1966,1965,Liga Gimel,Haifa,10,Hapoel Ein HaMifratz,English Wikipedia
1965/1966,1965,Liga Gimel,Haifa,11,Hapoel Kiryat Binyamin,English Wikipedia
1965/1966,1965,Liga Gimel,Haifa,12,Hapoel Tzrufa,English Wikipedia
1965/1966,1965,Liga Gimel,Haifa,13,Hapoel Yokneam,English Wikipedia
1965/1966,1965,Liga Gimel,Jaffa,1,Maccabi Ramla,English Wikipedia
1965/1966,1965,Liga Gimel,Jaffa,2,Hapoel Bnei Ramla,English Wikipedia
1965/1966,1965,Liga Gimel,Jaffa,3,Hapoel Kireon,English Wikipedia
1965/1966,1965,Liga Gimel,Jaffa,4,Hapoel Ihud Tzeirei Jaffa,English Wikipedia
1965/1966,1965,Liga Gimel,Jaffa,5,Hapoel Neve Monosson,English Wikipedia
1965/1966,1965,Liga Gimel,Jaffa,6,Beitar Eli Kireon,English Wikipedia
1965/1966,1965,Liga Gimel,Jaffa,7,Beitar Yehud,English Wikipedia
1965/1966,1965,Liga Gimel,Jaffa,8,Beitar Jaffa,English Wikipedia
1965/1966,1965,Liga Gimel,Jaffa,9,Maccabi Yehud,English Wikipedia
1965/1966,1965,Liga Gimel,Jaffa,10,Hapoel Rakevet Lod,English Wikipedia
1965/1966,1965,Liga Gimel,Jaffa,11,Moadon Shabab Jaffa,English Wikipedia
1965/1966,1965,Liga Gimel,Jerusalem,1,Maccabi Kiryat Gat,English Wikipedia
1965/1966,1965,Liga Gimel,Jerusalem,2,Beitar Beit Shemesh,English Wikipedia
1965/1966,1965,Liga Gimel,Jerusalem,3,Hapoel Beit Safafa,English Wikipedia
1965/1966,1965,Liga Gimel,Jerusalem,4,ASA Jerusalem,English Wikipedia
1965/1966,1965,Liga Gimel,Jerusalem,5,Maccabi Beit Shemesh,English Wikipedia
1965/1966,1965,Liga Gimel,Jerusalem,6,Hapoel Katamonim,English Wikipedia
1965/1966,1965,Liga Gimel,Jerusalem,7,Hapoel Kiryat Gat,English Wikipedia
1965/1966,1965,Liga Gimel,Jerusalem,8,Beitar Katamonim,English Wikipedia
1965/1966,1965,Liga Gimel,Jerusalem,9,Hapoel Beit Shemesh,English Wikipedia
1965/1966,1965,Liga Gimel,Jerusalem,10,Beitar Ein Karem,English Wikipedia
1965/1966,1965,Liga Gimel,Nazareth,1,Hapoel Shefa-'Amr,English Wikipedia
1965/1966,1965,Liga Gimel,Nazareth,2,Hapoel Kiryat Tiv'on,English Wikipedia
1965/1966,1965,Liga Gimel,Nazareth,3,Hapoel Nof HaGalil,English Wikipedia
1965/1966,1965,Liga Gimel,Nazareth,4,Beitar Migdal HaEmek,English Wikipedia
1965/1966,1965,Liga Gimel,Nazareth,5,Al Ahly Nazareth,English Wikipedia
1965/1966,1965,Liga Gimel,Nazareth,6,Moadon HaPiryon Shefa-'Amr,English Wikipedia
1965/1966,1965,Liga Gimel,Nazareth,7,Moadon Tzeirei HaDruzim,English Wikipedia
1965/1966,1965,Liga Gimel,Nazareth,8,Hapoel Reineh,English Wikipedia
1965/1966,1965,Liga Gimel,Nazareth,9,Hapoel Rekhasim,English Wikipedia
1965/1966,1965,Liga Gimel,Nazareth,10,Moadon Al-Amal HaKatoli,English Wikipedia
1965/1966,1965,Liga Gimel,Nazareth,11,Al-Salam Nazareth,English Wikipedia
1965/1966,1965,Liga Gimel,Nazareth,12,Hapoel Daburiyya,English Wikipedia
1965/1966,1965,Liga Gimel,Negev,1,Hapoel Yeruham,English Wikipedia
1965/1966,1965,Liga Gimel,Negev,2,Beitar Dimona,English Wikipedia
1965/1966,1965,Liga Gimel,Negev,3,Maccabi Be'er Sheva,English Wikipedia
1965/1966,1965,Liga Gimel,Negev,4,Beitar Ofakim,English Wikipedia
1965/1966,1965,Liga Gimel,Negev,5,Hapoel Mitzpe Ramon,English Wikipedia
1965/1966,1965,Liga Gimel,Negev,6,Shimshon Yeruham,English Wikipedia
1965/1966,1965,Liga Gimel,Negev,7,Maccabi Dimona,English Wikipedia
1965/1966,1965,Liga Gimel,Negev,8,Hapoel Mashabei Sadeh,English Wikipedia
1965/1966,1965,Liga Gimel,Negev,9,Beitar Yeruham,English Wikipedia
1965/1966,1965,Liga Gimel,Petah Tikva,1,Hapoel Rosh HaAyin,English Wikipedia
1965/1966,1965,Liga Gimel,Petah Tikva,2,F.C. Ein Ya'akov,English Wikipedia
1965/1966,1965,Liga Gimel,Petah Tikva,3,Hapoel Kafr Qasim,English Wikipedia
1965/1966,1965,Liga Gimel,Petah Tikva,4,Shimshon Rosh HaAyin,English Wikipedia
1965/1966,1965,Liga Gimel,Petah Tikva,5,Beitar Magdiel,English Wikipedia
1965/1966,1965,Liga Gimel,Petah Tikva,6,Hapoel Peretz Ra'anana,English Wikipedia
1965/1966,1965,Liga Gimel,Petah Tikva,7,Hapoel Jaljulia,English Wikipedia
1965/1966,1965,Liga Gimel,Petah Tikva,8,Hapoel Hod HaSharon,English Wikipedia
1965/1966,1965,Liga Gimel,Petah Tikva,9,Beitar Mahane Yehuda,English Wikipedia
1965/1966,1965,Liga Gimel,Petah Tikva,10,Hapoel Eliyahu Ra'anana,English Wikipedia
1965/1966,1965,Liga Gimel,Petah Tikva,11,Beitar Rosh HaAyin,English Wikipedia
1965/1966,1965,Liga Gimel,Petah Tikva,12,Beitar Fajja Petah Tikva,English Wikipedia
1965/1966,1965,Liga Gimel,Petah Tikva,13,Beitar Amishav Petah Tikva,English Wikipedia
1965/1966,1965,Liga Gimel,Petah Tikva,14,Maccabi Rosh HaAyin,English Wikipedia
1965/1966,1965,Liga Gimel,Samaria,1,Hapoel Zikhron Ya'akov,English Wikipedia
1965/1966,1965,Liga Gimel,Samaria,2,Hapoel Beit Yitzhak,English Wikipedia
1965/1966,1965,Liga Gimel,Samaria,3,Beitar Zvi Netanya,English Wikipedia
1965/1966,1965,Liga Gimel,Samaria,4,Maccabi Amidar Netanya,English Wikipedia
1965/1966,1965,Liga Gimel,Samaria,5,Maccabi Fureidis,English Wikipedia
1965/1966,1965,Liga Gimel,Samaria,6,Beitar Binyamina,English Wikipedia
1965/1966,1965,Liga Gimel,Samaria,7,Beitar Hadera,English Wikipedia
1965/1966,1965,Liga Gimel,Samaria,8,Hapoel Or Akiva,English Wikipedia
1965/1966,1965,Liga Gimel,Samaria,9,Maccabi HaSharon Netanya,English Wikipedia
1965/1966,1965,Liga Gimel,Samaria,10,Maccabi Kafr Qasim,English Wikipedia
1965/1966,1965,Liga Gimel,Samaria,11,Hapoel Lehavot Haviva,English Wikipedia
1965/1966,1965,Liga Gimel,Samaria,12,Beitar Or Akiva,English Wikipedia
1965/1966,1965,Liga Gimel,Samaria,13,Hapoel Kafr Qara,English Wikipedia
1965/1966,1965,Liga Gimel,Samaria,14,Beitar Zikhron Ya'akov,English Wikipedia
1965/1966,1965,Liga Gimel,Samaria,15,Hapoel 'Ara,English Wikipedia
1965/1966,1965,Liga Gimel,Sharon,1,Hapoel Kfar Yona,English Wikipedia
1965/1966,1965,Liga Gimel,Sharon,2,Hapoel Ein HaTchelet,English Wikipedia
1965/1966,1965,Liga Gimel,Sharon,3,Hapoel Tel Mond,English Wikipedia
1965/1966,1965,Liga Gimel,Sharon,4,Hapoel Yanuv,English Wikipedia
1965/1966,1965,Liga Gimel,Sharon,5,Hapoel Burgata,English Wikipedia
1965/1966,1965,Liga Gimel,Sharon,6,Hapoel Tira,English Wikipedia
1965/1966,1965,Liga Gimel,Sharon,7,Hapoel Taibe,English Wikipedia
1965/1966,1965,Liga Gimel,Sharon,8,Hapoel Elyakhin,English Wikipedia
1965/1966,1965,Liga Gimel,Sharon,9,Hapoel Qalansawe,English Wikipedia
1965/1966,1965,Liga Gimel,Sharon,10,Maccabi Bnei Tira,English Wikipedia
1965/1966,1965,Liga Gimel,Sharon,11,Hapoel Tnuvot,English Wikipedia
1965/1966,1965,Liga Gimel,Sharon,12,Maccabi Kfar Yona,English Wikipedia
1965/1966,1965,Liga Gimel,Sharon,13,Maccabi Tayibe,English Wikipedia
1965/1966,1965,Liga Gimel,South,1,Beitar Ashdod,English Wikipedia
1965/1966,1965,Liga Gimel,South,2,Hapoel Be'eri,English Wikipedia
1965/1966,1965,Liga Gimel,South,3,Maccabi Ashkelon,English Wikipedia
1965/1966,1965,Liga Gimel,South,4,Maccabi Ashdod,English Wikipedia
1965/1966,1965,Liga Gimel,South,5,Hapoel Gvar'am Yad Mordechai,English Wikipedia
1965/1966,1965,Liga Gimel,South,6,Beitar Ashkelon,English Wikipedia
1965/1966,1965,Liga Gimel,South,7,Hapoel Merhavim,English Wikipedia
1965/1966,1965,Liga Gimel,South,8,Hapoel Sde Uziyahu,English Wikipedia
1965/1966,1965,Liga Gimel,South,9,Hapoel Shimshon Ashkelon,English Wikipedia
1965/1966,1965,Liga Gimel,South,10,Hapoel Or HaNer,English Wikipedia
1965/1966,1965,Liga Gimel,South,11,Hapoel Shtulim,English Wikipedia
1965/1966,1965,Liga Gimel,South,12,Hapoel Beit Ezra,English Wikipedia
1965/1966,1965,Liga Gimel,Tel Aviv,1,A.S. David Tel Aviv,English Wikipedia
1965/1966,1965,Liga Gimel,Tel Aviv,2,Hapoel Ramat HaSharon,English Wikipedia
1965/1966,1965,Liga Gimel,Tel Aviv,3,Beitar Herzliya,English Wikipedia
1965/1966,1965,Liga Gimel,Tel Aviv,4,Hapoel Kiryat Shalom,English Wikipedia
1965/1966,1965,Liga Gimel,Tel Aviv,5,Hapoel Ezra,English Wikipedia
1965/1966,1965,Liga Gimel,Tel Aviv,6,Beitar HaTzafon Tel Aviv,English Wikipedia
1965/1966,1965,Liga Gimel,Tel Aviv,7,Maccabi Darom Tel Aviv,English Wikipedia
1965/1966,1965,Liga Gimel,Tel Aviv,8,Hapoel Afeka,English Wikipedia
1965/1966,1965,Liga Gimel,Tel Aviv,9,Beitar Kiryat Matalon,English Wikipedia
1965/1966,1965,Liga Gimel,Tel Aviv,10,Beitar Sheikh Munis,English Wikipedia
1965/1966,1965,Liga Gimel,Tel Aviv,11,Hapoel Bavli Tel Aviv,English Wikipedia
1965/1966,1965,Liga Gimel,Tel Aviv,12,Maccabi Ever HaYarkon,English Wikipedia
1965/1966,1965,Liga Gimel,Tel Aviv,13,Beitar Ganei Tikva,English Wikipedia
1965/1966,1965,Liga Gimel,Upper Galilee,1,Hapoel Hatzor,English Wikipedia
1965/1966,1965,Liga Gimel,Upper Galilee,2,Beitar Tiberias,English Wikipedia
1965/1966,1965,Liga Gimel,Upper Galilee,3,Hapoel Dan,English Wikipedia
1965/1966,1965,Liga Gimel,Upper Galilee,4,Beitar Safed,English Wikipedia
1965/1966,1965,Liga Gimel,Upper Galilee,5,Hapoel Ayelet HaShahar,English Wikipedia
1965/1966,1965,Liga Gimel,Upper Galilee,6,Hapoel Yir'on,English Wikipedia
1965/1966,1965,Liga Gimel,Upper Galilee,7,Hapoel Neot Mordechai,English Wikipedia
1965/1966,1965,Liga Gimel,Upper Galilee,8,Maccabi Rosh Pinna,English Wikipedia
1965/1966,1965,Liga Gimel,Upper Galilee,9,Hapoel Bnei HaGalil,English Wikipedia
1965/1966,1965,Liga Gimel,Upper Galilee,10,Hapoel Dishon,English Wikipedia
1965/1966,1965,Liga Gimel,Upper Galilee,11,Beitar Yosef Kiryat Shmona,English Wikipedia
1965/1966,1965,Liga Gimel,Valleys,1,Hapoel Beit She'an,English Wikipedia
1965/1966,1965,Liga Gimel,Valleys,2,Hapoel Beit HaShita,English Wikipedia
1965/1966,1965,Liga Gimel,Valleys,3,Maccabi Afula,English Wikipedia
1965/1966,1965,Liga Gimel,Valleys,4,Beitar Beit She'an,English Wikipedia
1965/1966,1965,Liga Gimel,Valleys,5,Hapoel Tel Yosef,English Wikipedia
1965/1966,1965,Liga Gimel,Valleys,6,Hapoel Kafr Sulam,English Wikipedia
1965/1966,1965,Liga Gimel,Valleys,7,Hapoel Geva,English Wikipedia
1965/1966,1965,Liga Gimel,Valleys,8,Hapoel Hever,English Wikipedia
1965/1966,1965,Liga Gimel,Valleys,9,Hapoel Vatikei Balfouria,English Wikipedia
1965/1966,1965,Liga Gimel,Valleys,10,Maccabi Beit She'an,English Wikipedia
1965/1966,1965,Liga Gimel,Western Galilee,1,Beitar Acre,English Wikipedia
1965/1966,1965,Liga Gimel,Western Galilee,2,Al-Amal Acre,English Wikipedia
1965/1966,1965,Liga Gimel,Western Galilee,3,Hapoel Kafr Yasif,English Wikipedia
1965/1966,1965,Liga Gimel,Western Galilee,4,Al Ahly Majd al-Krum,English Wikipedia
1965/1966,1965,Liga Gimel,Western Galilee,5,Shimshon Nahariya,English Wikipedia
1965/1966,1965,Liga Gimel,Western Galilee,6,Hapoel Shlomi,English Wikipedia
1965/1966,1965,Liga Gimel,Western Galilee,7,Hapoel Bnei Tamra,English Wikipedia
1965/1966,1965,Liga Gimel,Western Galilee,8,Maccabi Nahariya,English Wikipedia
1965/1966,1965,Liga Gimel,Western Galilee,9,Hapoel Tamra,English Wikipedia
1965/1966,1965,Liga Gimel,Western Galilee,10,Maccabi Tamra,English Wikipedia
1965/1966,1965,Liga Gimel,Western Galilee,11,Hapoel Mi'ilya,English Wikipedia
1965/1966,1965,Liga Gimel,Western Galilee,12,Hapoel Sakhnin,English Wikipedia
1965/1966,1965,Liga Gimel,Western Galilee,13,Hapoel I'billin,English Wikipedia
1965/1966,1965,Liga Gimel,Western Galilee,14,Hapoel Tarshiha,English Wikipedia
1965/1966,1965,Liga Leumit,,1,Hapoel Tel Aviv,RSSSF
1965/1966,1965,Liga Leumit,,2,Maccabi Tel Aviv,RSSSF
1965/1966,1965,Liga Leumit,,3,Hapoel Petah Tikva,RSSSF
1965/1966,1965,Liga Leumit,,4,Maccabi Netanya,RSSSF
1965/1966,1965,Liga Leumit,,5,Hapoel Ramat Gan,RSSSF
1965/1966,1965,Liga Leumit,,6,Shimshon Tel Aviv,RSSSF
1965/1966,1965,Liga Leumit,,7,Hapoel Haifa,RSSSF
1965/1966,1965,Liga Leumit,,8,Hapoel Mahane Yehuda,RSSSF
1965/1966,1965,Liga Leumit,,9,Hakoah Ramat Gan,RSSSF
1965/1966,1965,Liga Leumit,,10,Bnei Yehuda Tel Aviv,RSSSF
1965/1966,1965,Liga Leumit,,11,Maccabi Jaffa,RSSSF
1965/1966,1965,Liga Leumit,,12,Hapoel Jerusalem,RSSSF
1965/1966,1965,Liga Leumit,,13,Hapoel Be'er Sheva,RSSSF
1965/1966,1965,Liga Leumit,,14,Maccabi Sha'arayim,RSSSF
1965/1966,1965,Liga Leumit,,15,Maccabi Petah Tikva,RSSSF
1965/1966,1965,Liga Leumit,,16,Beitar Tel Aviv,RSSSF
1966/1968,1966,Liga Alef,North,1,Hapoel Kfar Saba,Hebrew Wikipedia
1966/1968,1966,Liga Alef,North,2,Maccabi Petah Tikva,Hebrew Wikipedia
1966/1968,1966,Liga Alef,North,3,Hapoel Kiryat Haim,Hebrew Wikipedia
1966/1968,1966,Liga Alef,North,4,Hapoel Hadera,Hebrew Wikipedia
1966/1968,1966,Liga Alef,North,5,Hapoel Tiberias,Hebrew Wikipedia
1966/1968,1966,Liga Alef,North,6,Hapoel Ironi Herzliya,Hebrew Wikipedia
1966/1968,1966,Liga Alef,North,7,Beitar Netanya,Hebrew Wikipedia
1966/1968,1966,Liga Alef,North,7,Beitar Nes Tubruk,English Wikipedia
1966/1968,1966,Liga Alef,North,8,Hapoel Acre,Hebrew Wikipedia
1966/1968,1966,Liga Alef,North,9,Hapoel Kfar Blum,Hebrew Wikipedia
1966/1968,1966,Liga Alef,North,10,Hapoel Ra'anana,Hebrew Wikipedia
1966/1968,1966,Liga Alef,North,11,Hapoel Nahliel,Hebrew Wikipedia
1966/1968,1966,Liga Alef,North,12,Hapoel Bnei Nazareth,Hebrew Wikipedia
1966/1968,1966,Liga Alef,North,13,Hapoel Netanya,Hebrew Wikipedia
1966/1968,1966,Liga Alef,North,14,Maccabi Hadera,Hebrew Wikipedia
1966/1968,1966,Liga Alef,North,15,Hapoel Nahariya,Hebrew Wikipedia
1966/1968,1966,Liga Alef,North,16,Hapoel Safed,Hebrew Wikipedia
1966/1968,1966,Liga Alef,South,1,Beitar Jerusalem,Hebrew Wikipedia
1966/1968,1966,Liga Alef,South,2,Maccabi Ramat Amidar,Hebrew Wikipedia
1966/1968,1966,Liga Alef,South,3,Hapoel Marmorek,Hebrew Wikipedia
1966/1968,1966,Liga Alef,South,4,Beitar Tel Aviv,Hebrew Wikipedia
1966/1968,1966,Liga Alef,South,5,Hapoel Lod,Hebrew Wikipedia
1966/1968,1966,Liga Alef,South,6,Hapoel Holon,Hebrew Wikipedia
1966/1968,1966,Liga Alef,South,7,Beitar Ramla,Hebrew Wikipedia
1966/1968,1966,Liga Alef,South,8,Hapoel Kiryat Ono,Hebrew Wikipedia
1966/1968,1966,Liga Alef,South,9,Hapoel Rishon LeZion,Hebrew Wikipedia
1966/1968,1966,Liga Alef,South,10,Hapoel Ashkelon,Hebrew Wikipedia
1966/1968,1966,Liga Alef,South,11,Beitar Be'er Sheva,Hebrew Wikipedia
1966/1968,1966,Liga Alef,South,12,Hapoel Be'er Ya'akov,Hebrew Wikipedia
1966/1968,1966,Liga Alef,South,13,Beitar Lod,Hebrew Wikipedia
1966/1968,1966,Liga Alef,South,14,Maccabi Holon,Hebrew Wikipedia
1966/1968,1966,Liga Alef,South,15,Beitar Kiryat Ono,Hebrew Wikipedia
1966/1968,1966,Liga Alef,South,16,Hapoel Kfar Shalem,Hebrew Wikipedia
1966/1968,1966,Liga Bet,North Division A,1,Hapoel Kiryat Shmona,English Wikipedia
1966/1968,1966,Liga Bet,North Division A,2,Hapoel Kiryat Ata,English Wikipedia
1966/1968,1966,Liga Bet,North Division A,3,Hapoel Sde Nahum,English Wikipedia
1966/1968,1966,Liga Bet,North Division A,4,Hapoel Migdal HaEmek,English Wikipedia
1966/1968,1966,Liga Bet,North Division A,5,Hapoel Tirat Carmel,English Wikipedia
1966/1968,1966,Liga Bet,North Division A,6,Beitar Kiryat Tiv'on,English Wikipedia
1966/1968,1966,Liga Bet,North Division A,7,Hapoel Afula,English Wikipedia
1966/1968,1966,Liga Bet,North Division A,8,Hapoel Tel Hanan,English Wikipedia
1966/1968,1966,Liga Bet,North Division A,9,Hapoel Afikim,English Wikipedia
1966/1968,1966,Liga Bet,North Division A,10,Beitar Tirat HaCarmel,English Wikipedia
1966/1968,1966,Liga Bet,North Division A,11,Beitar Kiryat Shmona,English Wikipedia
1966/1968,1966,Liga Bet,North Division A,12,Hapoel Ramat David,English Wikipedia
1966/1968,1966,Liga Bet,North Division A,13,Beitar Acre,English Wikipedia
1966/1968,1966,Liga Bet,North Division A,14,Hapoel Beit She'an,English Wikipedia
1966/1968,1966,Liga Bet,North Division A,15,Beitar Nahariya,English Wikipedia
1966/1968,1966,Liga Bet,North Division B,1,Maccabi Herzliya,English Wikipedia
1966/1968,1966,Liga Bet,North Division B,2,Hapoel Beit Eliezer,English Wikipedia
1966/1968,1966,Liga Bet,North Division B,3,Sport Club Even Yehuda,English Wikipedia
1966/1968,1966,Liga Bet,North Division B,4,Maccabi Pardes Hanna,English Wikipedia
1966/1968,1966,Liga Bet,North Division B,5,Hapoel Givat Olga,English Wikipedia
1966/1968,1966,Liga Bet,North Division B,6,Hapoel Givat Haim,English Wikipedia
1966/1968,1966,Liga Bet,North Division B,7,Maccabi Zichron Ya'akov,English Wikipedia
1966/1968,1966,Liga Bet,North Division B,8,Hapoel Zikhron Ya'akov,English Wikipedia
1966/1968,1966,Liga Bet,North Division B,9,Hapoel Ya'akov Kfar Saba,English Wikipedia
1966/1968,1966,Liga Bet,North Division B,10,Hapoel Binyamina,English Wikipedia
1966/1968,1966,Liga Bet,North Division B,11,Hapoel Shefayim,English Wikipedia
1966/1968,1966,Liga Bet,North Division B,12,Beitar Dov Netanya,English Wikipedia
1966/1968,1966,Liga Bet,North Division B,13,Beitar Petah Tikva,English Wikipedia
1966/1968,1966,Liga Bet,North Division B,14,Hapoel Atlit,English Wikipedia
1966/1968,1966,Liga Bet,North Division B,15,Beitar Haifa,English Wikipedia
1966/1968,1966,Liga Bet,North Division B,16,Hapoel Dora Netanya,English Wikipedia
1966/1968,1966,Liga Bet,South Division A,1,Hapoel Yehud,English Wikipedia
1966/1968,1966,Liga Bet,South Division A,2,Hapoel Bat Yam,English Wikipedia
1966/1968,1966,Liga Bet,South Division A,3,Hapoel Rosh HaAyin,English Wikipedia
1966/1968,1966,Liga Bet,South Division A,4,Beitar Ramat Gan,English Wikipedia
1966/1968,1966,Liga Bet,South Division A,5,Beitar Holon,English Wikipedia
1966/1968,1966,Liga Bet,South Division A,6,Maccabi Shmuel Tel Aviv,English Wikipedia
1966/1968,1966,Liga Bet,South Division A,7,Beitar Bat Yam,English Wikipedia
1966/1968,1966,Liga Bet,South Division A,8,Hapoel Ganei Tikva,English Wikipedia
1966/1968,1966,Liga Bet,South Division A,9,Maccabi Ironi Bat Yam,English Wikipedia
1966/1968,1966,Liga Bet,South Division A,10,Maccabi Ramat Gan,English Wikipedia
1966/1968,1966,Liga Bet,South Division A,11,Hapoel Or Yehuda,English Wikipedia
1966/1968,1966,Liga Bet,South Division A,12,Hapoel HaTzafon Tel Aviv,English Wikipedia
1966/1968,1966,Liga Bet,South Division A,13,Shikun HaMizrah,English Wikipedia
1966/1968,1966,Liga Bet,South Division A,14,A.S. David Tel Aviv,English Wikipedia
1966/1968,1966,Liga Bet,South Division A,15,Hapoel Sha'ariya,English Wikipedia
1966/1968,1966,Liga Bet,South Division A,16,Hapoel Giv'atayim,English Wikipedia
1966/1968,1966,Liga Bet,South Division B,1,Hapoel Sderot,English Wikipedia
1966/1968,1966,Liga Bet,South Division B,2,Maccabi Rehovot,English Wikipedia
1966/1968,1966,Liga Bet,South Division B,3,Hapoel Eilat,English Wikipedia
1966/1968,1966,Liga Bet,South Division B,4,Hapoel Dimona,English Wikipedia
1966/1968,1966,Liga Bet,South Division B,5,Hapoel Ashdod,English Wikipedia
1966/1968,1966,Liga Bet,South Division B,6,Hapoel Kiryat Malakhi,English Wikipedia
1966/1968,1966,Liga Bet,South Division B,7,Hapoel Ramla,English Wikipedia
1966/1968,1966,Liga Bet,South Division B,8,HaBira Jerusalem,English Wikipedia
1966/1968,1966,Liga Bet,South Division B,9,Hapoel Bnei Zion,English Wikipedia
1966/1968,1966,Liga Bet,South Division B,10,Hapoel Beit Shemesh,English Wikipedia
1966/1968,1966,Liga Bet,South Division B,11,Maccabi Ramla,English Wikipedia
1966/1968,1966,Liga Bet,South Division B,12,Hapoel Ofakim,English Wikipedia
1966/1968,1966,Liga Bet,South Division B,13,Hapoel Be'eri,English Wikipedia
1966/1968,1966,Liga Bet,South Division B,14,Hapoel Rehovot,English Wikipedia
1966/1968,1966,Liga Bet,South Division B,15,Beitar Beit Dagan,English Wikipedia
1966/1968,1966,Liga Gimel,Ashdod,1,Maccabi Ashdod,English Wikipedia
1966/1968,1966,Liga Gimel,Ashdod,2,Beitar Ashkelon,English Wikipedia
1966/1968,1966,Liga Gimel,Ashdod,3,Hapoel Merhavim,English Wikipedia
1966/1968,1966,Liga Gimel,Ashdod,4,Maccabi Ashkelon,English Wikipedia
1966/1968,1966,Liga Gimel,Ashdod,5,Hapoel Gvar'am,English Wikipedia
1966/1968,1966,Liga Gimel,Ashdod,6,Beitar Ashdod,English Wikipedia
1966/1968,1966,Liga Gimel,Ashdod,7,Hapoel Shimshon Ashkelon,English Wikipedia
1966/1968,1966,Liga Gimel,Ashdod,8,Hapoel Shtulim,English Wikipedia
1966/1968,1966,Liga Gimel,Ashdod,9,Hapoel Azrikam,English Wikipedia
1966/1968,1966,Liga Gimel,Ashdod,10,Hapoel Mefalsim,English Wikipedia
1966/1968,1966,Liga Gimel,Ashdod,11,Hapoel Beit Ezra,English Wikipedia
1966/1968,1966,Liga Gimel,Bay,1,Hapoel Kiryat Yam,English Wikipedia
1966/1968,1966,Liga Gimel,Bay,2,Beitar Migdal HaEmek,English Wikipedia
1966/1968,1966,Liga Gimel,Bay,3,HaNoar HaOved Acre,English Wikipedia
1966/1968,1966,Liga Gimel,Bay,4,Shimshon Nahariya,English Wikipedia
1966/1968,1966,Liga Gimel,Bay,5,Beitar Kiryat Binyamin,English Wikipedia
1966/1968,1966,Liga Gimel,Bay,6,Hapoel Kiryat Binyamin,English Wikipedia
1966/1968,1966,Liga Gimel,Bay,7,Maccabi Nahariya,English Wikipedia
1966/1968,1966,Liga Gimel,Bay,8,Hapoel Rekhasim,English Wikipedia
1966/1968,1966,Liga Gimel,Bay,9,Al-Amal Acre,English Wikipedia
1966/1968,1966,Liga Gimel,Bay,10,Hapoel Ein HaMifratz,English Wikipedia
1966/1968,1966,Liga Gimel,Bay,11,Youth Club I'billin,English Wikipedia
1966/1968,1966,Liga Gimel,Bay,12,Hapoel Netiv HaShayara,English Wikipedia
1966/1968,1966,Liga Gimel,Bay,13,Hapoel I'billin,English Wikipedia
1966/1968,1966,Liga Gimel,Central,1,Beitar Rehovot,English Wikipedia
1966/1968,1966,Liga Gimel,Central,2,A.S. Or Yehuda,English Wikipedia
1966/1968,1966,Liga Gimel,Central,3,Hapoel Ramat Eliyahu,English Wikipedia
1966/1968,1966,Liga Gimel,Central,4,Maccabi Kfar Gvirol,English Wikipedia
1966/1968,1966,Liga Gimel,Central,5,Beitar Yehud,English Wikipedia
1966/1968,1966,Liga Gimel,Central,6,Maccabi Yehud,English Wikipedia
1966/1968,1966,Liga Gimel,Central,7,Maccabi Haim Rehovot,English Wikipedia
1966/1968,1966,Liga Gimel,Central,8,Maccabi Ramat Eliyahu,English Wikipedia
1966/1968,1966,Liga Gimel,Haifa,1,Maccabi Neve Sha'anan Eldad,English Wikipedia
1966/1968,1966,Liga Gimel,Haifa,2,Hapoel HaTzair Haifa,English Wikipedia
1966/1968,1966,Liga Gimel,Haifa,3,Hapoel Geva HaCarmel,English Wikipedia
1966/1968,1966,Liga Gimel,Haifa,4,Maccabi Fureidis,English Wikipedia
1966/1968,1966,Liga Gimel,Haifa,5,Rafi Bat Galim F.S.,English Wikipedia
1966/1968,1966,Liga Gimel,Haifa,6,Hapoel Yagur,English Wikipedia
1966/1968,1966,Liga Gimel,Haifa,7,Beitar Tel Hanan,English Wikipedia
1966/1968,1966,Liga Gimel,Haifa,8,Hapoel Ahva Haifa,English Wikipedia
1966/1968,1966,Liga Gimel,Haifa,9,Maccabi Tel Hanan,English Wikipedia
1966/1968,1966,Liga Gimel,Haifa,10,Beitar Zikhron Ya'akov,English Wikipedia
1966/1968,1966,Liga Gimel,Haifa,11,Hapoel Tzrufa,English Wikipedia
1966/1968,1966,Liga Gimel,Jaffa,1,Maccabi HaShikma Hen,English Wikipedia
1966/1968,1966,Liga Gimel,Jaffa,2,Hapoel Azor,English Wikipedia
1966/1968,1966,Liga Gimel,Jaffa,3,Hapoel Kiryat Shalom,English Wikipedia
1966/1968,1966,Liga Gimel,Jaffa,4,Hapoel Ezra,English Wikipedia
1966/1968,1966,Liga Gimel,Jaffa,5,Beitar Jaffa,English Wikipedia
1966/1968,1966,Liga Gimel,Jaffa,6,Beitar Giv'at Shmuel,English Wikipedia
1966/1968,1966,Liga Gimel,Jaffa,7,Hapoel Ihud Tzeirei Jaffa,English Wikipedia
1966/1968,1966,Liga Gimel,Jaffa,8,Maccabi Montefiore,English Wikipedia
1966/1968,1966,Liga Gimel,Jaffa,10,F.C. Bnei Shaltiel,English Wikipedia
1966/1968,1966,Liga Gimel,Jaffa,11,Beitar Ezra,English Wikipedia
1966/1968,1966,Liga Gimel,Jaffa,12,A.S. Hershim,English Wikipedia
1966/1968,1966,Liga Gimel,Jaffa,13,ASA Bar Ilan,English Wikipedia
1966/1968,1966,Liga Gimel,Jerusalem,1,Maccabi Dror Lod,English Wikipedia
1966/1968,1966,Liga Gimel,Jerusalem,2,Beitar Beit Shemesh,English Wikipedia
1966/1968,1966,Liga Gimel,Jerusalem,3,Hapoel Zikhronot,English Wikipedia
1966/1968,1966,Liga Gimel,Jerusalem,4,Hapoel Bnei Ramla,English Wikipedia
1966/1968,1966,Liga Gimel,Jerusalem,5,ASA Jerusalem,English Wikipedia
1966/1968,1966,Liga Gimel,Jerusalem,6,Maccabi Beit Shemesh,English Wikipedia
1966/1968,1966,Liga Gimel,Jerusalem,7,Hakoah Lod,English Wikipedia
1966/1968,1966,Liga Gimel,Jerusalem,8,Beitar Katamonim,English Wikipedia
1966/1968,1966,Liga Gimel,Jerusalem,9,Hapoel Katamonim,English Wikipedia
1966/1968,1966,Liga Gimel,Jerusalem,10,Hapoel Rakevet Lod,English Wikipedia
1966/1968,1966,Liga Gimel,Jerusalem,11,Hapoel Beit Safafa,English Wikipedia
1966/1968,1966,Liga Gimel,Jerusalem,12,Hapoel Bik'a,English Wikipedia
1966/1968,1966,Liga Gimel,Jerusalem,13,Hapoel Mevaseret Zion,English Wikipedia
1966/1968,1966,Liga Gimel,Nazareth,1,Hapoel Shefa-'Amr,English Wikipedia
1966/1968,1966,Liga Gimel,Nazareth,2,Hapoel Nof HaGalil,English Wikipedia
1966/1968,1966,Liga Gimel,Nazareth,3,Al Ahly Nazareth,English Wikipedia
1966/1968,1966,Liga Gimel,Nazareth,4,Hapoel Kiryat Tiv'on,English Wikipedia
1966/1968,1966,Liga Gimel,Nazareth,5,Moadon HaPiryon Shefa-'Amr,English Wikipedia
1966/1968,1966,Liga Gimel,Nazareth,6,Al-Salam Nazareth,English Wikipedia
1966/1968,1966,Liga Gimel,Nazareth,7,Beitar al-Amal Nazareth,English Wikipedia
1966/1968,1966,Liga Gimel,Nazareth,8,Hapoel Ein Mahil,English Wikipedia
1966/1968,1966,Liga Gimel,Nazareth,9,Hapoel Daburiyya,English Wikipedia
1966/1968,1966,Liga Gimel,Nazareth,10,Hapoel Reineh,English Wikipedia
1966/1968,1966,Liga Gimel,Nazareth,11,Hapoel Bnei Iksal,English Wikipedia
1966/1968,1966,Liga Gimel,Nazareth,12,Hapoel Bu'eine,English Wikipedia
1966/1968,1966,Liga Gimel,Nazareth,13,Hapoel Eilabun,English Wikipedia
1966/1968,1966,Liga Gimel,Nazareth,14,Moadon Tzeirei HaDruzim,English Wikipedia
1966/1968,1966,Liga Gimel,Negev,1,Maccabi Be'er Sheva,English Wikipedia
1966/1968,1966,Liga Gimel,Negev,2,Shimshon Yeruham,English Wikipedia
1966/1968,1966,Liga Gimel,Negev,3,Hapoel Yeruham,English Wikipedia
1966/1968,1966,Liga Gimel,Negev,4,F.S. Be'er Sheva,English Wikipedia
1966/1968,1966,Liga Gimel,Negev,5,Hapoel Arad,English Wikipedia
1966/1968,1966,Liga Gimel,Negev,6,Beitar Ofakim,English Wikipedia
1966/1968,1966,Liga Gimel,Negev,7,Beitar Dimona,English Wikipedia
1966/1968,1966,Liga Gimel,Negev,8,Hapoel Mitzpe Ramon,English Wikipedia
1966/1968,1966,Liga Gimel,Negev,9,Hapoel Bnei Shimon,English Wikipedia
1966/1968,1966,Liga Gimel,Negev,10,Maccabi Dimona,English Wikipedia
1966/1968,1966,Liga Gimel,Negev,11,Hapoel Mashabei Sadeh,English Wikipedia
1966/1968,1966,Liga Gimel,Petah Tikva,1,Hapoel Kafr Qasim,English Wikipedia
1966/1968,1966,Liga Gimel,Petah Tikva,2,Beitar Herzliya,English Wikipedia
1966/1968,1966,Liga Gimel,Petah Tikva,3,Hapoel Qalansawe,English Wikipedia
1966/1968,1966,Liga Gimel,Petah Tikva,4,Hapoel Tira,English Wikipedia
1966/1968,1966,Liga Gimel,Petah Tikva,5,Hapoel Hod HaSharon,English Wikipedia
1966/1968,1966,Liga Gimel,Petah Tikva,6,Hapoel Jaljulia,English Wikipedia
1966/1968,1966,Liga Gimel,Petah Tikva,7,Maccabi Bnei Tira,English Wikipedia
1966/1968,1966,Liga Gimel,Petah Tikva,8,Hapoel Peretz Ra'anana,English Wikipedia
1966/1968,1966,Liga Gimel,Petah Tikva,9,F.C. Ein Ya'akov,English Wikipedia
1966/1968,1966,Liga Gimel,Petah Tikva,10,Maccabi Kafr Qasim,English Wikipedia
1966/1968,1966,Liga Gimel,Petah Tikva,11,Hapoel Pardesiya,English Wikipedia
1966/1968,1966,Liga Gimel,Petah Tikva,12,Hapoel Eliyahu Ra'anana,English Wikipedia
1966/1968,1966,Liga Gimel,Petah Tikva,13,Beitar Qalansawe,English Wikipedia
1966/1968,1966,Liga Gimel,Samaria,1,Beitar Binyamina,English Wikipedia
1966/1968,1966,Liga Gimel,Samaria,2,Hapoel Beit Yitzhak,English Wikipedia
1966/1968,1966,Liga Gimel,Samaria,3,Hapoel Elyakhin,English Wikipedia
1966/1968,1966,Liga Gimel,Samaria,4,Hapoel 'Ara,English Wikipedia
1966/1968,1966,Liga Gimel,Samaria,5,Hapoel Kafr Qara,English Wikipedia
1966/1968,1966,Liga Gimel,Samaria,6,Beitar Hadera,English Wikipedia
1966/1968,1966,Liga Gimel,Samaria,7,Hapoel Umm al-Fahm,English Wikipedia
1966/1968,1966,Liga Gimel,Samaria,8,Beitar Or Akiva,English Wikipedia
1966/1968,1966,Liga Gimel,Samaria,9,Maccabi Or Akiva,English Wikipedia
1966/1968,1966,Liga Gimel,Samaria,10,Hapoel Jisr az-Zarqa,English Wikipedia
1966/1968,1966,Liga Gimel,Samaria,11,Hapoel Baqa al-Gharbiyye,English Wikipedia
1966/1968,1966,Liga Gimel,Samaria,12,Hapoel Caesarea,English Wikipedia
1966/1968,1966,Liga Gimel,Sharon,1,Hapoel Tel Mond,English Wikipedia
1966/1968,1966,Liga Gimel,Sharon,2,Hapoel Taibe,English Wikipedia
1966/1968,1966,Liga Gimel,Sharon,3,Maccabi Amidar Netanya,English Wikipedia
1966/1968,1966,Liga Gimel,Sharon,4,Hapoel Kadima,English Wikipedia
1966/1968,1966,Liga Gimel,Sharon,5,Maccabi HaSharon Netanya,English Wikipedia
1966/1968,1966,Liga Gimel,Sharon,6,Hapoel Ein HaTchelet,English Wikipedia
1966/1968,1966,Liga Gimel,Sharon,7,Hapoel Yanuv,English Wikipedia
1966/1968,1966,Liga Gimel,Sharon,8,Hapoel Kfar Yona,English Wikipedia
1966/1968,1966,Liga Gimel,Sharon,9,Hapoel Tnuvot,English Wikipedia
1966/1968,1966,Liga Gimel,Sharon,10,Hapoel Burgata,English Wikipedia
1966/1968,1966,Liga Gimel,Sharon,11,Maccabi Kfar Yona,English Wikipedia
1966/1968,1966,Liga Gimel,South,1,Maccabi Yavne,English Wikipedia
1966/1968,1966,Liga Gimel,South,2,Maccabi Kiryat Gat,English Wikipedia
1966/1968,1966,Liga Gimel,South,3,Hapoel Gedera,English Wikipedia
1966/1968,1966,Liga Gimel,South,4,Hapoel Kiryat Gat,English Wikipedia
1966/1968,1966,Liga Gimel,South,5,Maccabi Kiryat Malakhi,English Wikipedia
1966/1968,1966,Liga Gimel,South,6,Beitar Gedera,English Wikipedia
1966/1968,1966,Liga Gimel,South,7,Hapoel Yavne,English Wikipedia
1966/1968,1966,Liga Gimel,South,8,Hapoel Hatzav,English Wikipedia
1966/1968,1966,Liga Gimel,South,9,Maccabi Sderot,English Wikipedia
1966/1968,1966,Liga Gimel,South,10,Maccabi Gan Yavne,English Wikipedia
1966/1968,1966,Liga Gimel,South,11,Hapoel Sde Uziyahu,English Wikipedia
1966/1968,1966,Liga Gimel,South,12,Hapoel Dorot,English Wikipedia
1966/1968,1966,Liga Gimel,South,13,Maccabi Kiryat Ekron,English Wikipedia
1966/1968,1966,Liga Gimel,Tel Aviv,1,Hapoel Ramat HaSharon,English Wikipedia
1966/1968,1966,Liga Gimel,Tel Aviv,2,Hapoel Givat HaShlosha,English Wikipedia
1966/1968,1966,Liga Gimel,Tel Aviv,3,Beitar Amishav Petah Tikva,English Wikipedia
1966/1968,1966,Liga Gimel,Tel Aviv,4,Beitar Mahane Yehuda,English Wikipedia
1966/1968,1966,Liga Gimel,Tel Aviv,5,Hapoel Bavli Tel Aviv,English Wikipedia
1966/1968,1966,Liga Gimel,Tel Aviv,6,Maccabi Ever HaYarkon,English Wikipedia
1966/1968,1966,Liga Gimel,Tel Aviv,7,Beitar Ganei Tikva,English Wikipedia
1966/1968,1966,Liga Gimel,Tel Aviv,8,Beitar Kiryat Matalon,English Wikipedia
1966/1968,1966,Liga Gimel,Tel Aviv,9,Beitar HaTzafon Tel Aviv,English Wikipedia
1966/1968,1966,Liga Gimel,Tel Aviv,10,Beitar Rosh HaAyin,English Wikipedia
1966/1968,1966,Liga Gimel,Tel Aviv,11,Maccabi Rosh HaAyin,English Wikipedia
1966/1968,1966,Liga Gimel,Tel Aviv,12,Hapoel Afeka,English Wikipedia
1966/1968,1966,Liga Gimel,Upper Galilee,1,Beitar Tiberias,English Wikipedia
1966/1968,1966,Liga Gimel,Upper Galilee,2,Hapoel Hatzor,English Wikipedia
1966/1968,1966,Liga Gimel,Upper Galilee,3,Hapoel Ayelet HaShahar,English Wikipedia
1966/1968,1966,Liga Gimel,Upper Galilee,4,Hapoel Dan,English Wikipedia
1966/1968,1966,Liga Gimel,Upper Galilee,5,Hapoel Kfar HaNassi,English Wikipedia
1966/1968,1966,Liga Gimel,Upper Galilee,6,Hapoel Yir'on,English Wikipedia
1966/1968,1966,Liga Gimel,Upper Galilee,7,Hapoel Neot Mordechai,English Wikipedia
1966/1968,1966,Liga Gimel,Upper Galilee,8,Hapoel Kfar Giladi,English Wikipedia
1966/1968,1966,Liga Gimel,Upper Galilee,9,Beitar Hatzor,English Wikipedia
1966/1968,1966,Liga Gimel,Upper Galilee,10,Maccabi Rosh Pinna,English Wikipedia
1966/1968,1966,Liga Gimel,Upper Galilee,11,Hapoel Tiberias Illit,English Wikipedia
1966/1968,1966,Liga Gimel,Upper Galilee,12,Hapoel Dishon,English Wikipedia
1966/1968,1966,Liga Gimel,Valleys,1,Maccabi Afula,English Wikipedia
1966/1968,1966,Liga Gimel,Valleys,2,Beitar Beit She'an,English Wikipedia
1966/1968,1966,Liga Gimel,Valleys,3,Hapoel Beit HaShita,English Wikipedia
1966/1968,1966,Liga Gimel,Valleys,4,Hapoel Kfar Kama,English Wikipedia
1966/1968,1966,Liga Gimel,Valleys,5,Hapoel Geva,English Wikipedia
1966/1968,1966,Liga Gimel,Valleys,6,Hapoel Mesilot,English Wikipedia
1966/1968,1966,Liga Gimel,Valleys,7,Hapoel Hever,English Wikipedia
1966/1968,1966,Liga Gimel,Valleys,8,Hapoel Tel Yosef,English Wikipedia
1966/1968,1966,Liga Gimel,Valleys,9,Hapoel Yardena,English Wikipedia
1966/1968,1966,Liga Gimel,Valleys,10,Maccabi Beit She'an,English Wikipedia
1966/1968,1966,Liga Gimel,Valleys,11,Beitar Afula,English Wikipedia
1966/1968,1966,Liga Gimel,Valleys,12,Hapoel Menahemia,English Wikipedia
1966/1968,1966,Liga Gimel,Valleys,13,Hapoel Vatikei Balfouria,English Wikipedia
1966/1968,1966,Liga Gimel,Western Galilee,1,Hapoel Jadeidi,English Wikipedia
1966/1968,1966,Liga Gimel,Western Galilee,2,Al Ahly Majd al-Krum,English Wikipedia
1966/1968,1966,Liga Gimel,Western Galilee,3,Hapoel Majd al-Krum,English Wikipedia
1966/1968,1966,Liga Gimel,Western Galilee,4,Hapoel Abu Snan,English Wikipedia
1966/1968,1966,Liga Gimel,Western Galilee,5,Hapoel Kafr Yasif,English Wikipedia
1966/1968,1966,Liga Gimel,Western Galilee,6,Hapoel Bnei Tamra,English Wikipedia
1966/1968,1966,Liga Gimel,Western Galilee,7,Hapoel Ma'alot,English Wikipedia
1966/1968,1966,Liga Gimel,Western Galilee,8,Hapoel Sakhnin,English Wikipedia
1966/1968,1966,Liga Gimel,Western Galilee,9,Maccabi Tamra,English Wikipedia
1966/1968,1966,Liga Gimel,Western Galilee,10,Hapoel Shlomi,English Wikipedia
1966/1968,1966,Liga Gimel,Western Galilee,11,Hapoel Mi'ilya,English Wikipedia
1966/1968,1966,Liga Gimel,Western Galilee,12,Hapoel Kabul,English Wikipedia
1966/1968,1966,Liga Leumit,,1,Maccabi Tel Aviv,RSSSF
1966/1968,1966,Liga Leumit,,2,Hapoel Petah Tikva,RSSSF
1966/1968,1966,Liga Leumit,,3,Hapoel Haifa,RSSSF
1966/1968,1966,Liga Leumit,,4,Hapoel Tel Aviv,RSSSF
1966/1968,1966,Liga Leumit,,5,Maccabi Haifa,RSSSF
1966/1968,1966,Liga Leumit,,6,Hapoel Jerusalem,RSSSF
1966/1968,1966,Liga Leumit,,7,Bnei Yehuda Tel Aviv,RSSSF
1966/1968,1966,Liga Leumit,,8,Maccabi Netanya,RSSSF
1966/1968,1966,Liga Leumit,,9,Hapoel Be'er Sheva,RSSSF
1966/1968,1966,Liga Leumit,,10,Hakoah Ramat Gan,RSSSF
1966/1968,1966,Liga Leumit,,11,Hapoel Ramat Gan,RSSSF
1966/1968,1966,Liga Leumit,,12,Maccabi Jaffa,RSSSF
1966/1968,1966,Liga Leumit,,13,Maccabi Sha'arayim,RSSSF
1966/1968,1966,Liga Leumit,,14,Shimshon Tel Aviv,RSSSF
1966/1968,1966,Liga Leumit,,15,Hapoel Mahane Yehuda,RSSSF
1966/1968,1966,Liga Leumit,,16,Sektzia Nes Tziona,RSSSF
1968/1969,1968,Liga Alef,North,1,Maccabi Petah Tikva,Hebrew Wikipedia
1968/1969,1968,Liga Alef,North,2,Hapoel Hadera,Hebrew Wikipedia
1968/1969,1968,Liga Alef,North,3,Hapoel Ironi Herzliya,Hebrew Wikipedia
1968/1969,1968,Liga Alef,North,4,Hapoel Nahliel,Hebrew Wikipedia
1968/1969,1968,Liga Alef,North,5,Hapoel Acre,Hebrew Wikipedia
1968/1969,1968,Liga Alef,North,6,Beitar Netanya,Hebrew Wikipedia
1968/1969,1968,Liga Alef,North,6,Beitar Nes Tubruk,English Wikipedia
1968/1969,1968,Liga Alef,North,7,Hapoel Tiberias,Hebrew Wikipedia
1968/1969,1968,Liga Alef,North,8,Hapoel Netanya,Hebrew Wikipedia
1968/1969,1968,Liga Alef,North,9,Hapoel Bnei Nazareth,Hebrew Wikipedia
1968/1969,1968,Liga Alef,North,10,Maccabi Herzliya,Hebrew Wikipedia
1968/1969,1968,Liga Alef,North,11,Hapoel Kiryat Shmona,Hebrew Wikipedia
1968/1969,1968,Liga Alef,North,12,Maccabi Hadera,Hebrew Wikipedia
1968/1969,1968,Liga Alef,North,13,Hapoel Mahane Yehuda,Hebrew Wikipedia
1968/1969,1968,Liga Alef,North,14,Hapoel Kiryat Haim,Hebrew Wikipedia
1968/1969,1968,Liga Alef,North,15,Hapoel Ra'anana,Hebrew Wikipedia
1968/1969,1968,Liga Alef,North,16,Hapoel Kfar Blum,Hebrew Wikipedia
1968/1969,1968,Liga Alef,South,1,Beitar Tel Aviv,Hebrew Wikipedia
1968/1969,1968,Liga Alef,South,2,Maccabi Ramat Amidar,Hebrew Wikipedia
1968/1969,1968,Liga Alef,South,3,Hapoel Marmorek,Hebrew Wikipedia
1968/1969,1968,Liga Alef,South,4,Hapoel Holon,Hebrew Wikipedia
1968/1969,1968,Liga Alef,South,5,Hapoel Rishon LeZion,Hebrew Wikipedia
1968/1969,1968,Liga Alef,South,6,Hapoel Lod,Hebrew Wikipedia
1968/1969,1968,Liga Alef,South,7,Hapoel Be'er Ya'akov,Hebrew Wikipedia
1968/1969,1968,Liga Alef,South,8,Beitar Ramla,Hebrew Wikipedia
1968/1969,1968,Liga Alef,South,9,Hapoel Kiryat Ono,Hebrew Wikipedia
1968/1969,1968,Liga Alef,South,10,Sektzia Nes Tziona,Hebrew Wikipedia
1968/1969,1968,Liga Alef,South,11,Hapoel Ashkelon,Hebrew Wikipedia
1968/1969,1968,Liga Alef,South,12,Beitar Lod,Hebrew Wikipedia
1968/1969,1968,Liga Alef,South,13,Beitar Be'er Sheva,Hebrew Wikipedia
1968/1969,1968,Liga Alef,South,14,Hapoel Sderot,Hebrew Wikipedia
1968/1969,1968,Liga Alef,South,15,Hapoel Yehud,Hebrew Wikipedia
1968/1969,1968,Liga Alef,South,16,Maccabi Holon,Hebrew Wikipedia
1968/1969,1968,Liga Bet,North Division A,1,Beitar Kiryat Tiv'on,English Wikipedia
1968/1969,1968,Liga Bet,North Division A,2,Beitar Kiryat Shmona,English Wikipedia
1968/1969,1968,Liga Bet,North Division A,3,Hapoel Safed,English Wikipedia
1968/1969,1968,Liga Bet,North Division A,4,Hapoel Migdal HaEmek,English Wikipedia
1968/1969,1968,Liga Bet,North Division A,5,Hapoel Nahariya,English Wikipedia
1968/1969,1968,Liga Bet,North Division A,6,Hapoel Ramat David,English Wikipedia
1968/1969,1968,Liga Bet,North Division A,7,Hapoel Kiryat Ata,English Wikipedia
1968/1969,1968,Liga Bet,North Division A,8,Hapoel Shefa-'Amr,English Wikipedia
1968/1969,1968,Liga Bet,North Division A,9,Hapoel Kiryat Yam,English Wikipedia
1968/1969,1968,Liga Bet,North Division A,10,Hapoel Tel Hanan,English Wikipedia
1968/1969,1968,Liga Bet,North Division A,11,Hapoel Afikim,English Wikipedia
1968/1969,1968,Liga Bet,North Division A,12,Hapoel Sde Nahum,English Wikipedia
1968/1969,1968,Liga Bet,North Division A,13,Beitar Tiberias,English Wikipedia
1968/1969,1968,Liga Bet,North Division A,14,Hapoel Afula,English Wikipedia
1968/1969,1968,Liga Bet,North Division A,15,Beitar Acre,English Wikipedia
1968/1969,1968,Liga Bet,North Division A,16,Hapoel Beit She'an,English Wikipedia
1968/1969,1968,Liga Bet,North Division B,1,Hapoel Tirat Carmel,English Wikipedia
1968/1969,1968,Liga Bet,North Division B,2,Hapoel Zikhron Ya'akov,English Wikipedia
1968/1969,1968,Liga Bet,North Division B,3,Hapoel Givat Haim,English Wikipedia
1968/1969,1968,Liga Bet,North Division B,4,Hapoel Tel Mond,English Wikipedia
1968/1969,1968,Liga Bet,North Division B,5,Maccabi Pardes Hanna,English Wikipedia
1968/1969,1968,Liga Bet,North Division B,6,Hapoel Beit Eliezer,English Wikipedia
1968/1969,1968,Liga Bet,North Division B,7,Maccabi Zichron Ya'akov,English Wikipedia
1968/1969,1968,Liga Bet,North Division B,8,Beitar Tirat HaCarmel,English Wikipedia
1968/1969,1968,Liga Bet,North Division B,9,Maccabi Neve Sha'anan Eldad,English Wikipedia
1968/1969,1968,Liga Bet,North Division B,10,Beitar Dov Netanya,English Wikipedia
1968/1969,1968,Liga Bet,North Division B,11,Hapoel Givat Olga,English Wikipedia
1968/1969,1968,Liga Bet,North Division B,12,Sport Club Even Yehuda,English Wikipedia
1968/1969,1968,Liga Bet,North Division B,13,Hapoel Atlit,English Wikipedia
1968/1969,1968,Liga Bet,North Division B,14,Hapoel Binyamina,English Wikipedia
1968/1969,1968,Liga Bet,North Division B,15,Beitar Petah Tikva,English Wikipedia
1968/1969,1968,Liga Bet,South Division A,1,Hapoel Bat Yam,English Wikipedia
1968/1969,1968,Liga Bet,South Division A,2,Hapoel Kfar Shalem,English Wikipedia
1968/1969,1968,Liga Bet,South Division A,3,Beitar Holon,English Wikipedia
1968/1969,1968,Liga Bet,South Division A,4,Beitar Ramat Gan,English Wikipedia
1968/1969,1968,Liga Bet,South Division A,5,Maccabi HaShikma Hen,English Wikipedia
1968/1969,1968,Liga Bet,South Division A,6,Hapoel HaTzafon Tel Aviv,English Wikipedia
1968/1969,1968,Liga Bet,South Division A,7,Maccabi Ironi Bat Yam,English Wikipedia
1968/1969,1968,Liga Bet,South Division A,8,Hapoel Rosh HaAyin,English Wikipedia
1968/1969,1968,Liga Bet,South Division A,9,Hapoel Kiryat Shalom,English Wikipedia
1968/1969,1968,Liga Bet,South Division A,10,Shikun HaMizrah,English Wikipedia
1968/1969,1968,Liga Bet,South Division A,11,Maccabi Shmuel Tel Aviv,English Wikipedia
1968/1969,1968,Liga Bet,South Division A,12,Hapoel Ramat HaSharon,English Wikipedia
1968/1969,1968,Liga Bet,South Division A,13,Hapoel Ganei Tikva,English Wikipedia
1968/1969,1968,Liga Bet,South Division A,14,Hapoel Or Yehuda,English Wikipedia
1968/1969,1968,Liga Bet,South Division A,15,Beitar Bat Yam,English Wikipedia
1968/1969,1968,Liga Bet,South Division A,16,Beitar Kiryat Ono,English Wikipedia
1968/1969,1968,Liga Bet,South Division B,1,Hapoel Eilat,English Wikipedia
1968/1969,1968,Liga Bet,South Division B,2,Beitar Rehovot,English Wikipedia
1968/1969,1968,Liga Bet,South Division B,3,Hapoel Ashdod,English Wikipedia
1968/1969,1968,Liga Bet,South Division B,4,Maccabi Rehovot,English Wikipedia
1968/1969,1968,Liga Bet,South Division B,5,Hapoel Beit Shemesh,English Wikipedia
1968/1969,1968,Liga Bet,South Division B,6,Maccabi Ramla,English Wikipedia
1968/1969,1968,Liga Bet,South Division B,7,Maccabi Be'er Sheva,English Wikipedia
1968/1969,1968,Liga Bet,South Division B,8,Hapoel Dimona,English Wikipedia
1968/1969,1968,Liga Bet,South Division B,9,Hapoel Kiryat Malakhi,English Wikipedia
1968/1969,1968,Liga Bet,South Division B,10,Hapoel Ramla,English Wikipedia
1968/1969,1968,Liga Bet,South Division B,11,HaBira Jerusalem,English Wikipedia
1968/1969,1968,Liga Bet,South Division B,12,Hapoel Kiryat Gat,English Wikipedia
1968/1969,1968,Liga Bet,South Division B,13,Maccabi Dror Lod,English Wikipedia
1968/1969,1968,Liga Bet,South Division B,14,Hapoel Ofakim,English Wikipedia
1968/1969,1968,Liga Bet,South Division B,15,Hapoel Bnei Zion,English Wikipedia
1968/1969,1968,Liga Bet,South Division B,16,Hapoel Be'eri,English Wikipedia
1968/1969,1968,Liga Leumit,,1,Hapoel Tel Aviv,RSSSF
1968/1969,1968,Liga Leumit,,2,Maccabi Tel Aviv,RSSSF
1968/1969,1968,Liga Leumit,,3,Maccabi Netanya,RSSSF
1968/1969,1968,Liga Leumit,,4,Hapoel Haifa,RSSSF
1968/1969,1968,Liga Leumit,,5,Maccabi Haifa,RSSSF
1968/1969,1968,Liga Leumit,,6,Hapoel Jerusalem,RSSSF
1968/1969,1968,Liga Leumit,,7,Hapoel Kfar Saba,RSSSF
1968/1969,1968,Liga Leumit,,8,Bnei Yehuda Tel Aviv,RSSSF
1968/1969,1968,Liga Leumit,,9,Hapoel Petah Tikva,RSSSF
1968/1969,1968,Liga Leumit,,10,Hakoah Ramat Gan,RSSSF
1968/1969,1968,Liga Leumit,,11,Maccabi Jaffa,RSSSF
1968/1969,1968,Liga Leumit,,12,Shimshon Tel Aviv,RSSSF
1968/1969,1968,Liga Leumit,,13,Beitar Jerusalem,RSSSF
1968/1969,1968,Liga Leumit,,14,Hapoel Be'er Sheva,RSSSF
1968/1969,1968,Liga Leumit,,15,Maccabi Sha'arayim,RSSSF
1968/1969,1968,Liga Leumit,,16,Hapoel Ramat Gan,RSSSF
1969/1970,1969,Liga Alef,North,1,Hapoel Hadera,Hebrew Wikipedia
1969/1970,1969,Liga Alef,North,2,Hapoel Ironi Herzliya,Hebrew Wikipedia
1969/1970,1969,Liga Alef,North,3,Hapoel Acre,Hebrew Wikipedia
1969/1970,1969,Liga Alef,North,4,Beitar Netanya,Hebrew Wikipedia
1969/1970,1969,Liga Alef,North,4,Beitar Nes Tubruk,English Wikipedia
1969/1970,1969,Liga Alef,North,5,Hapoel Mahane Yehuda,Hebrew Wikipedia
1969/1970,1969,Liga Alef,North,6,Hapoel Netanya,Hebrew Wikipedia
1969/1970,1969,Liga Alef,North,7,Hapoel Tiberias,Hebrew Wikipedia
1969/1970,1969,Liga Alef,North,8,Hapoel Nahliel,Hebrew Wikipedia
1969/1970,1969,Liga Alef,North,9,Hapoel Kiryat Shmona,Hebrew Wikipedia
1969/1970,1969,Liga Alef,North,10,Hapoel Bnei Nazareth,Hebrew Wikipedia
1969/1970,1969,Liga Alef,North,11,Maccabi Herzliya,Hebrew Wikipedia
1969/1970,1969,Liga Alef,North,12,Maccabi Hadera,Hebrew Wikipedia
1969/1970,1969,Liga Alef,North,13,Hapoel Ramat Gan,Hebrew Wikipedia
1969/1970,1969,Liga Alef,North,14,Hapoel Tirat Carmel,Hebrew Wikipedia
1969/1970,1969,Liga Alef,North,15,Hapoel Kiryat Haim,Hebrew Wikipedia
1969/1970,1969,Liga Alef,North,16,Beitar Kiryat Tiv'on,Hebrew Wikipedia
1969/1970,1969,Liga Alef,South,1,Hapoel Holon,Hebrew Wikipedia
1969/1970,1969,Liga Alef,South,2,Maccabi Ramat Amidar,Hebrew Wikipedia
1969/1970,1969,Liga Alef,South,3,Maccabi Sha'arayim,Hebrew Wikipedia
1969/1970,1969,Liga Alef,South,4,Hapoel Rishon LeZion,Hebrew Wikipedia
1969/1970,1969,Liga Alef,South,5,Hapoel Kiryat Ono,Hebrew Wikipedia
1969/1970,1969,Liga Alef,South,6,Hapoel Bat Yam,Hebrew Wikipedia
1969/1970,1969,Liga Alef,South,7,Hapoel Eilat,Hebrew Wikipedia
1969/1970,1969,Liga Alef,South,8,Hapoel Ashkelon,Hebrew Wikipedia
1969/1970,1969,Liga Alef,South,9,Hapoel Lod,Hebrew Wikipedia
1969/1970,1969,Liga Alef,South,10,Beitar Lod,Hebrew Wikipedia
1969/1970,1969,Liga Alef,South,11,Beitar Ramla,Hebrew Wikipedia
1969/1970,1969,Liga Alef,South,12,Sektzia Nes Tziona,Hebrew Wikipedia
1969/1970,1969,Liga Alef,South,13,Hapoel Be'er Ya'akov,Hebrew Wikipedia
1969/1970,1969,Liga Alef,South,14,Hapoel Marmorek,Hebrew Wikipedia
1969/1970,1969,Liga Alef,South,15,Beitar Be'er Sheva,Hebrew Wikipedia
1969/1970,1969,Liga Alef,South,16,Hapoel Sderot,Hebrew Wikipedia
1969/1970,1969,Liga Bet,North Division A,1,Hapoel Nahariya,English Wikipedia
1969/1970,1969,Liga Bet,North Division A,2,Hapoel Migdal HaEmek,English Wikipedia
1969/1970,1969,Liga Bet,North Division A,3,Hapoel Afikim,English Wikipedia
1969/1970,1969,Liga Bet,North Division A,4,Hapoel Beit She'an,English Wikipedia
1969/1970,1969,Liga Bet,North Division A,5,Hapoel Safed,English Wikipedia
1969/1970,1969,Liga Bet,North Division A,6,Beitar Tel Hanan,English Wikipedia
1969/1970,1969,Liga Bet,North Division A,7,Hapoel Tel Hanan,English Wikipedia
1969/1970,1969,Liga Bet,North Division A,8,Beitar Tiberias,English Wikipedia
1969/1970,1969,Liga Bet,North Division A,9,Hapoel Afula,English Wikipedia
1969/1970,1969,Liga Bet,North Division A,10,Hapoel Kiryat Yam,English Wikipedia
1969/1970,1969,Liga Bet,North Division A,11,Beitar Kiryat Shmona,English Wikipedia
1969/1970,1969,Liga Bet,North Division A,12,Hapoel Kiryat Ata,English Wikipedia
1969/1970,1969,Liga Bet,North Division A,13,Hapoel Shefa-'Amr,English Wikipedia
1969/1970,1969,Liga Bet,North Division A,14,Beitar Nahariya,English Wikipedia
1969/1970,1969,Liga Bet,North Division A,15,Hapoel Ramat David,English Wikipedia
1969/1970,1969,Liga Bet,North Division B,1,Hapoel Zikhron Ya'akov,English Wikipedia
1969/1970,1969,Liga Bet,North Division B,2,Hapoel Givat Haim,English Wikipedia
1969/1970,1969,Liga Bet,North Division B,3,Hapoel Beit Eliezer,English Wikipedia
1969/1970,1969,Liga Bet,North Division B,4,Hapoel Caesarea,English Wikipedia
1969/1970,1969,Liga Bet,North Division B,5,Hapoel Tel Mond,English Wikipedia
1969/1970,1969,Liga Bet,North Division B,6,Hapoel Ra'anana,English Wikipedia
1969/1970,1969,Liga Bet,North Division B,7,Maccabi Pardes Hanna,English Wikipedia
1969/1970,1969,Liga Bet,North Division B,8,Beitar Dov Netanya,English Wikipedia
1969/1970,1969,Liga Bet,North Division B,9,Hapoel Binyamina,English Wikipedia
1969/1970,1969,Liga Bet,North Division B,10,Beitar Binyamina,English Wikipedia
1969/1970,1969,Liga Bet,North Division B,11,Hapoel Givat Olga,English Wikipedia
1969/1970,1969,Liga Bet,North Division B,12,Beitar Tirat HaCarmel,English Wikipedia
1969/1970,1969,Liga Bet,North Division B,13,Maccabi Zichron Ya'akov,English Wikipedia
1969/1970,1969,Liga Bet,North Division B,14,Sport Club Even Yehuda,English Wikipedia
1969/1970,1969,Liga Bet,North Division B,15,Hapoel Atlit,English Wikipedia
1969/1970,1969,Liga Bet,North Division B,16,Maccabi Neve Sha'anan Eldad,English Wikipedia
1969/1970,1969,Liga Bet,South Division A,1,Hapoel Yehud,English Wikipedia
1969/1970,1969,Liga Bet,South Division A,2,Hapoel Kfar Shalem,English Wikipedia
1969/1970,1969,Liga Bet,South Division A,3,Beitar Holon,English Wikipedia
1969/1970,1969,Liga Bet,South Division A,4,Maccabi Ironi Bat Yam,English Wikipedia
1969/1970,1969,Liga Bet,South Division A,5,Maccabi Holon,English Wikipedia
1969/1970,1969,Liga Bet,South Division A,6,Beitar Ramat Gan,English Wikipedia
1969/1970,1969,Liga Bet,South Division A,7,Hapoel Rosh HaAyin,English Wikipedia
1969/1970,1969,Liga Bet,South Division A,8,Shikun HaMizrah,English Wikipedia
1969/1970,1969,Liga Bet,South Division A,9,Hapoel Ganei Tikva,English Wikipedia
1969/1970,1969,Liga Bet,South Division A,10,Maccabi HaShikma Hen,English Wikipedia
1969/1970,1969,Liga Bet,South Division A,11,Hapoel Kiryat Shalom,English Wikipedia
1969/1970,1969,Liga Bet,South Division A,12,Hapoel Or Yehuda,English Wikipedia
1969/1970,1969,Liga Bet,South Division A,13,Hapoel HaTzafon Tel Aviv,English Wikipedia
1969/1970,1969,Liga Bet,South Division A,14,Hapoel Ramat HaSharon,English Wikipedia
1969/1970,1969,Liga Bet,South Division A,15,Hapoel Qalansawe,English Wikipedia
1969/1970,1969,Liga Bet,South Division A,16,Maccabi Shmuel Tel Aviv,English Wikipedia
1969/1970,1969,Liga Bet,South Division B,1,Hapoel Ramla,English Wikipedia
1969/1970,1969,Liga Bet,South Division B,2,Hapoel Ashdod,English Wikipedia
1969/1970,1969,Liga Bet,South Division B,3,Hapoel Beit Shemesh,English Wikipedia
1969/1970,1969,Liga Bet,South Division B,4,Maccabi Ashkelon,English Wikipedia
1969/1970,1969,Liga Bet,South Division B,5,Maccabi Rehovot,English Wikipedia
1969/1970,1969,Liga Bet,South Division B,6,Hapoel Ofakim,English Wikipedia
1969/1970,1969,Liga Bet,South Division B,7,Hapoel Kiryat Malakhi,English Wikipedia
1969/1970,1969,Liga Bet,South Division B,8,Hapoel Dimona,English Wikipedia
1969/1970,1969,Liga Bet,South Division B,9,Maccabi Be'er Sheva,English Wikipedia
1969/1970,1969,Liga Bet,South Division B,10,Beitar Rehovot,English Wikipedia
1969/1970,1969,Liga Bet,South Division B,11,HaBira Jerusalem,English Wikipedia
1969/1970,1969,Liga Bet,South Division B,12,Maccabi Ramla,English Wikipedia
1969/1970,1969,Liga Bet,South Division B,13,Maccabi Kfar Gvirol,English Wikipedia
1969/1970,1969,Liga Bet,South Division B,14,Hapoel Merhavim,English Wikipedia
1969/1970,1969,Liga Bet,South Division B,15,Hapoel Kiryat Gat,English Wikipedia
1969/1970,1969,Liga Bet,South Division B,16,Maccabi Dror Lod,English Wikipedia
1969/1970,1969,Liga Leumit,,1,Maccabi Tel Aviv,RSSSF
1969/1970,1969,Liga Leumit,,2,Hapoel Tel Aviv,RSSSF
1969/1970,1969,Liga Leumit,,3,Maccabi Haifa,RSSSF
1969/1970,1969,Liga Leumit,,4,Shimshon Tel Aviv,RSSSF
1969/1970,1969,Liga Leumit,,5,Beitar Jerusalem,RSSSF
1969/1970,1969,Liga Leumit,,6,Hapoel Jerusalem,RSSSF
1969/1970,1969,Liga Leumit,,7,Hapoel Petah Tikva,RSSSF
1969/1970,1969,Liga Leumit,,8,Hakoah Ramat Gan,RSSSF
1969/1970,1969,Liga Leumit,,9,Beitar Tel Aviv,RSSSF
1969/1970,1969,Liga Leumit,,10,Hapoel Haifa,RSSSF
1969/1970,1969,Liga Leumit,,11,Maccabi Netanya,RSSSF
1969/1970,1969,Liga Leumit,,12,Maccabi Petah Tikva,RSSSF
1969/1970,1969,Liga Leumit,,13,Hapoel Kfar Saba,RSSSF
1969/1970,1969,Liga Leumit,,14,Bnei Yehuda Tel Aviv,RSSSF
1969/1970,1969,Liga Leumit,,15,Maccabi Jaffa,RSSSF
1969/1970,1969,Liga Leumit,,16,Hapoel Be'er Sheva,RSSSF
1970/1971,1970,Liga Alef,North,1,Maccabi Jaffa,Hebrew Wikipedia
1970/1971,1970,Liga Alef,North,2,Hapoel Ramat Gan,Hebrew Wikipedia
1970/1971,1970,Liga Alef,North,3,Hapoel Kiryat Shmona,Hebrew Wikipedia
1970/1971,1970,Liga Alef,North,4,Hapoel Acre,Hebrew Wikipedia
1970/1971,1970,Liga Alef,North,5,Hapoel Nahariya,Hebrew Wikipedia
1970/1971,1970,Liga Alef,North,6,Beitar Netanya,Hebrew Wikipedia
1970/1971,1970,Liga Alef,North,6,Beitar Nes Tubruk,English Wikipedia
1970/1971,1970,Liga Alef,North,7,Hapoel Tiberias,Hebrew Wikipedia
1970/1971,1970,Liga Alef,North,8,Hapoel Ironi Herzliya,Hebrew Wikipedia
1970/1971,1970,Liga Alef,North,9,Hapoel Bnei Nazareth,Hebrew Wikipedia
1970/1971,1970,Liga Alef,North,10,Maccabi Herzliya,Hebrew Wikipedia
1970/1971,1970,Liga Alef,North,11,Hapoel Netanya,Hebrew Wikipedia
1970/1971,1970,Liga Alef,North,12,Hapoel Nahliel,Hebrew Wikipedia
1970/1971,1970,Liga Alef,North,13,Hapoel Tirat Carmel,Hebrew Wikipedia
1970/1971,1970,Liga Alef,North,14,Hapoel Mahane Yehuda,Hebrew Wikipedia
1970/1971,1970,Liga Alef,North,15,Hapoel Zichron Ya'akov,Hebrew Wikipedia
1970/1971,1970,Liga Alef,North,15,Hapoel Zikhron Ya'akov,English Wikipedia
1970/1971,1970,Liga Alef,North,16,Maccabi Hadera,Hebrew Wikipedia
1970/1971,1970,Liga Alef,South,1,Hapoel Be'er Sheva,Hebrew Wikipedia
1970/1971,1970,Liga Alef,South,2,Hapoel Yehud,Hebrew Wikipedia
1970/1971,1970,Liga Alef,South,3,Maccabi Ramat Amidar,Hebrew Wikipedia
1970/1971,1970,Liga Alef,South,4,Hapoel Kiryat Ono,Hebrew Wikipedia
1970/1971,1970,Liga Alef,South,5,Maccabi Sha'arayim,Hebrew Wikipedia
1970/1971,1970,Liga Alef,South,6,Hapoel Marmorek,Hebrew Wikipedia
1970/1971,1970,Liga Alef,South,7,Hapoel Bat Yam,Hebrew Wikipedia
1970/1971,1970,Liga Alef,South,8,Hapoel Rishon LeZion,Hebrew Wikipedia
1970/1971,1970,Liga Alef,South,9,Hapoel Be'er Ya'akov,Hebrew Wikipedia
1970/1971,1970,Liga Alef,South,10,Hapoel Lod,Hebrew Wikipedia
1970/1971,1970,Liga Alef,South,11,Hapoel Eilat,Hebrew Wikipedia
1970/1971,1970,Liga Alef,South,12,Hapoel Ashkelon,Hebrew Wikipedia
1970/1971,1970,Liga Alef,South,13,Hapoel Beit Shemesh,Hebrew Wikipedia
1970/1971,1970,Liga Alef,South,14,Beitar Ramla,Hebrew Wikipedia
1970/1971,1970,Liga Alef,South,15,Sektzia Nes Tziona,Hebrew Wikipedia
1970/1971,1970,Liga Alef,South,16,Beitar Lod,Hebrew Wikipedia
1970/1971,1970,Liga Bet,North Division A,1,Hapoel Migdal HaEmek,English Wikipedia
1970/1971,1970,Liga Bet,North Division A,2,Hapoel Afikim,English Wikipedia
1970/1971,1970,Liga Bet,North Division A,3,Hapoel Kiryat Ata,English Wikipedia
1970/1971,1970,Liga Bet,North Division A,4,Beitar Tiberias,English Wikipedia
1970/1971,1970,Liga Bet,North Division A,5,Hapoel Safed,English Wikipedia
1970/1971,1970,Liga Bet,North Division A,6,Hapoel Hatzor,English Wikipedia
1970/1971,1970,Liga Bet,North Division A,7,Hapoel Tel Hanan,English Wikipedia
1970/1971,1970,Liga Bet,North Division A,8,Hapoel Beit She'an,English Wikipedia
1970/1971,1970,Liga Bet,North Division A,9,Beitar Tel Hanan,English Wikipedia
1970/1971,1970,Liga Bet,North Division A,10,Hapoel Kiryat Yam,English Wikipedia
1970/1971,1970,Liga Bet,North Division A,11,Beitar Kiryat Shmona,English Wikipedia
1970/1971,1970,Liga Bet,North Division A,12,Beitar Acre,English Wikipedia
1970/1971,1970,Liga Bet,North Division A,13,Beitar Migdal HaEmek,English Wikipedia
1970/1971,1970,Liga Bet,North Division A,14,Beitar Nahariya,English Wikipedia
1970/1971,1970,Liga Bet,North Division A,15,Beitar Kiryat Tiv'on,English Wikipedia
1970/1971,1970,Liga Bet,North Division A,16,Hapoel Shefa-'Amr,English Wikipedia
1970/1971,1970,Liga Bet,North Division B,1,Hapoel Kiryat Haim,English Wikipedia
1970/1971,1970,Liga Bet,North Division B,2,Hapoel Ra'anana,English Wikipedia
1970/1971,1970,Liga Bet,North Division B,3,Hapoel Afula,English Wikipedia
1970/1971,1970,Liga Bet,North Division B,4,Maccabi Zichron Ya'akov,English Wikipedia
1970/1971,1970,Liga Bet,North Division B,5,Hapoel Givat Olga,English Wikipedia
1970/1971,1970,Liga Bet,North Division B,6,Hapoel Givat Haim,English Wikipedia
1970/1971,1970,Liga Bet,North Division B,7,Maccabi HaSharon Netanya,English Wikipedia
1970/1971,1970,Liga Bet,North Division B,8,Hapoel Tel Mond,English Wikipedia
1970/1971,1970,Liga Bet,North Division B,9,Hapoel Beit Eliezer,English Wikipedia
1970/1971,1970,Liga Bet,North Division B,10,Beitar Binyamina,English Wikipedia
1970/1971,1970,Liga Bet,North Division B,11,Maccabi Pardes Hanna,English Wikipedia
1970/1971,1970,Liga Bet,North Division B,12,Sport Club Even Yehuda,English Wikipedia
1970/1971,1970,Liga Bet,North Division B,13,Hapoel Binyamina,English Wikipedia
1970/1971,1970,Liga Bet,North Division B,14,Beitar Dov Netanya,English Wikipedia
1970/1971,1970,Liga Bet,North Division B,15,Hapoel Caesarea,English Wikipedia
1970/1971,1970,Liga Bet,South Division A,1,Maccabi Ironi Bat Yam,English Wikipedia
1970/1971,1970,Liga Bet,South Division A,2,Hapoel Ramla,English Wikipedia
1970/1971,1970,Liga Bet,South Division A,3,Hapoel Kfar Shalem,English Wikipedia
1970/1971,1970,Liga Bet,South Division A,4,Hapoel Or Yehuda,English Wikipedia
1970/1971,1970,Liga Bet,South Division A,5,Hapoel Ganei Tikva,English Wikipedia
1970/1971,1970,Liga Bet,South Division A,6,Maccabi HaShikma Hen,English Wikipedia
1970/1971,1970,Liga Bet,South Division A,7,Hapoel Rosh HaAyin,English Wikipedia
1970/1971,1970,Liga Bet,South Division A,8,Hapoel Ramat HaSharon,English Wikipedia
1970/1971,1970,Liga Bet,South Division A,9,Hapoel Giv'at Shmuel,English Wikipedia
1970/1971,1970,Liga Bet,South Division A,10,Beitar Ramat Gan,English Wikipedia
1970/1971,1970,Liga Bet,South Division A,11,Maccabi Holon,English Wikipedia
1970/1971,1970,Liga Bet,South Division A,12,Beitar Holon,English Wikipedia
1970/1971,1970,Liga Bet,South Division A,13,Hapoel HaTzafon Tel Aviv,English Wikipedia
1970/1971,1970,Liga Bet,South Division A,14,Beitar Bat Yam,English Wikipedia
1970/1971,1970,Liga Bet,South Division A,15,Shikun HaMizrah,English Wikipedia
1970/1971,1970,Liga Bet,South Division A,16,Hapoel Kiryat Shalom,English Wikipedia
1970/1971,1970,Liga Bet,South Division B,1,Hapoel Ashdod,English Wikipedia
1970/1971,1970,Liga Bet,South Division B,2,Hapoel Dimona,English Wikipedia
1970/1971,1970,Liga Bet,South Division B,3,Beitar Be'er Sheva,English Wikipedia
1970/1971,1970,Liga Bet,South Division B,4,Maccabi Be'er Sheva,English Wikipedia
1970/1971,1970,Liga Bet,South Division B,5,Hapoel Kiryat Malakhi,English Wikipedia
1970/1971,1970,Liga Bet,South Division B,6,Beitar Ashkelon,English Wikipedia
1970/1971,1970,Liga Bet,South Division B,7,Hapoel Ofakim,English Wikipedia
1970/1971,1970,Liga Bet,South Division B,8,Maccabi Kiryat Gat,English Wikipedia
1970/1971,1970,Liga Bet,South Division B,9,HaBira Jerusalem,English Wikipedia
1970/1971,1970,Liga Bet,South Division B,10,Maccabi Ashkelon,English Wikipedia
1970/1971,1970,Liga Bet,South Division B,11,Maccabi Rehovot,English Wikipedia
1970/1971,1970,Liga Bet,South Division B,12,Hapoel Ginaton,English Wikipedia
1970/1971,1970,Liga Bet,South Division B,13,Beitar Ashdod,English Wikipedia
1970/1971,1970,Liga Bet,South Division B,14,Hapoel Sderot,English Wikipedia
1970/1971,1970,Liga Bet,South Division B,15,Hapoel Merhavim,English Wikipedia
1970/1971,1970,Liga Bet,South Division B,16,Maccabi Ramla,English Wikipedia
1970/1971,1970,Liga Leumit,,1,Maccabi Netanya,RSSSF
1970/1971,1970,Liga Leumit,,2,Shimshon Tel Aviv,RSSSF
1970/1971,1970,Liga Leumit,,3,Hapoel Tel Aviv,RSSSF
1970/1971,1970,Liga Leumit,,4,Hapoel Petah Tikva,RSSSF
1970/1971,1970,Liga Leumit,,5,Beitar Tel Aviv,RSSSF
1970/1971,1970,Liga Leumit,,6,Hapoel Haifa,RSSSF
1970/1971,1970,Liga Leumit,,7,Hapoel Jerusalem,RSSSF
1970/1971,1970,Liga Leumit,,8,Hakoah Ramat Gan,RSSSF
1970/1971,1970,Liga Leumit,,9,Hapoel Kfar Saba,RSSSF
1970/1971,1970,Liga Leumit,,10,Maccabi Tel Aviv,RSSSF
1970/1971,1970,Liga Leumit,,11,Beitar Jerusalem,RSSSF
1970/1971,1970,Liga Leumit,,12,Maccabi Haifa,RSSSF
1970/1971,1970,Liga Leumit,,13,Bnei Yehuda Tel Aviv,RSSSF
1970/1971,1970,Liga Leumit,,14,Hapoel Hadera,RSSSF
1970/1971,1970,Liga Leumit,,15,Maccabi Petah Tikva,RSSSF
1970/1971,1970,Liga Leumit,,16,Hapoel Holon,RSSSF
1971/1972,1971,Liga Alef,North,1,Maccabi Petah Tikva,Hebrew Wikipedia
1971/1972,1971,Liga Alef,North,2,Hapoel Acre,Hebrew Wikipedia
1971/1972,1971,Liga Alef,North,3,Hapoel Ramat Gan,Hebrew Wikipedia
1971/1972,1971,Liga Alef,North,4,Hapoel Tirat Carmel,Hebrew Wikipedia
1971/1972,1971,Liga Alef,North,5,Hapoel Migdal HaEmek,Hebrew Wikipedia
1971/1972,1971,Liga Alef,North,6,Hapoel Kiryat Shmona,Hebrew Wikipedia
1971/1972,1971,Liga Alef,North,7,Hapoel Mahane Yehuda,Hebrew Wikipedia
1971/1972,1971,Liga Alef,North,8,Hapoel Nahliel,Hebrew Wikipedia
1971/1972,1971,Liga Alef,North,9,Beitar Netanya,Hebrew Wikipedia
1971/1972,1971,Liga Alef,North,9,Beitar Nes Tubruk,English Wikipedia
1971/1972,1971,Liga Alef,North,10,Maccabi Herzliya,Hebrew Wikipedia
1971/1972,1971,Liga Alef,North,11,Hapoel Bnei Nazareth,Hebrew Wikipedia
1971/1972,1971,Liga Alef,North,12,Hapoel Nahariya,Hebrew Wikipedia
1971/1972,1971,Liga Alef,North,13,Hapoel Tiberias,Hebrew Wikipedia
1971/1972,1971,Liga Alef,North,14,Hapoel Ironi Herzliya,Hebrew Wikipedia
1971/1972,1971,Liga Alef,North,15,Hapoel Netanya,Hebrew Wikipedia
1971/1972,1971,Liga Alef,North,16,Hapoel Kiryat Haim,Hebrew Wikipedia
1971/1972,1971,Liga Alef,South,1,Hapoel Marmorek,Hebrew Wikipedia
1971/1972,1971,Liga Alef,South,2,Hapoel Holon,Hebrew Wikipedia
1971/1972,1971,Liga Alef,South,3,Maccabi Sha'arayim,Hebrew Wikipedia
1971/1972,1971,Liga Alef,South,4,Hapoel Yehud,Hebrew Wikipedia
1971/1972,1971,Liga Alef,South,5,Hapoel Be'er Ya'akov,Hebrew Wikipedia
1971/1972,1971,Liga Alef,South,6,Hapoel Beit Shemesh,Hebrew Wikipedia
1971/1972,1971,Liga Alef,South,7,Hapoel Lod,Hebrew Wikipedia
1971/1972,1971,Liga Alef,South,8,Hapoel Rishon LeZion,Hebrew Wikipedia
1971/1972,1971,Liga Alef,South,9,Beitar Ramla,Hebrew Wikipedia
1971/1972,1971,Liga Alef,South,10,Hapoel Ashdod,Hebrew Wikipedia
1971/1972,1971,Liga Alef,South,11,Hapoel Bat Yam,Hebrew Wikipedia
1971/1972,1971,Liga Alef,South,12,Hapoel Kiryat Ono,Hebrew Wikipedia
1971/1972,1971,Liga Alef,South,13,Maccabi Ramat Amidar,Hebrew Wikipedia
1971/1972,1971,Liga Alef,South,14,Hapoel Eilat,Hebrew Wikipedia
1971/1972,1971,Liga Alef,South,15,Hapoel Ashkelon,Hebrew Wikipedia
1971/1972,1971,Liga Alef,South,16,Maccabi Ironi Bat Yam,Hebrew Wikipedia
1971/1972,1971,Liga Bet,North Division A,1,Hapoel Safed,English Wikipedia
1971/1972,1971,Liga Bet,North Division A,2,Hapoel Beit She'an,English Wikipedia
1971/1972,1971,Liga Bet,North Division A,3,Beitar Tiberias,English Wikipedia
1971/1972,1971,Liga Bet,North Division A,4,Hapoel Kiryat Ata,English Wikipedia
1971/1972,1971,Liga Bet,North Division A,5,Beitar Kiryat Shmona,English Wikipedia
1971/1972,1971,Liga Bet,North Division A,6,Beitar Acre,English Wikipedia
1971/1972,1971,Liga Bet,North Division A,7,Hapoel Afikim,English Wikipedia
1971/1972,1971,Liga Bet,North Division A,8,Hapoel Tel Hanan,English Wikipedia
1971/1972,1971,Liga Bet,North Division A,9,Hapoel Kfar Ruppin,English Wikipedia
1971/1972,1971,Liga Bet,North Division A,10,Maccabi Kiryat Bialik,English Wikipedia
1971/1972,1971,Liga Bet,North Division A,11,Hapoel Kiryat Yam,English Wikipedia
1971/1972,1971,Liga Bet,North Division A,12,Hapoel Hatzor,English Wikipedia
1971/1972,1971,Liga Bet,North Division A,13,Hapoel Afula,English Wikipedia
1971/1972,1971,Liga Bet,North Division A,14,Beitar Tel Hanan,English Wikipedia
1971/1972,1971,Liga Bet,North Division A,15,Beitar Nahariya,English Wikipedia
1971/1972,1971,Liga Bet,North Division A,16,Beitar Migdal HaEmek,English Wikipedia
1971/1972,1971,Liga Bet,North Division B,1,Hapoel Givat Haim,English Wikipedia
1971/1972,1971,Liga Bet,North Division B,2,Hapoel Ra'anana,English Wikipedia
1971/1972,1971,Liga Bet,North Division B,3,Hapoel Givat Olga,English Wikipedia
1971/1972,1971,Liga Bet,North Division B,4,Maccabi Hadera,English Wikipedia
1971/1972,1971,Liga Bet,North Division B,5,Hapoel Binyamina,English Wikipedia
1971/1972,1971,Liga Bet,North Division B,6,Maccabi Pardes Hanna,English Wikipedia
1971/1972,1971,Liga Bet,North Division B,7,Sport Club Even Yehuda,English Wikipedia
1971/1972,1971,Liga Bet,North Division B,8,Beitar Dov Netanya,English Wikipedia
1971/1972,1971,Liga Bet,North Division B,9,Hapoel Ahva Haifa,English Wikipedia
1971/1972,1971,Liga Bet,North Division B,10,Maccabi Zichron Ya'akov,English Wikipedia
1971/1972,1971,Liga Bet,North Division B,11,Hapoel Beit Eliezer,English Wikipedia
1971/1972,1971,Liga Bet,North Division B,12,Beitar Binyamina,English Wikipedia
1971/1972,1971,Liga Bet,North Division B,13,Hapoel Zikhron Ya'akov,English Wikipedia
1971/1972,1971,Liga Bet,North Division B,14,Maccabi HaSharon Netanya,English Wikipedia
1971/1972,1971,Liga Bet,North Division B,15,Hapoel Tel Mond,English Wikipedia
1971/1972,1971,Liga Bet,North Division B,16,Hapoel Pardes Hanna,English Wikipedia
1971/1972,1971,Liga Bet,South Division A,1,Hapoel Ramla,English Wikipedia
1971/1972,1971,Liga Bet,South Division A,2,Hapoel Rosh HaAyin,English Wikipedia
1971/1972,1971,Liga Bet,South Division A,3,Hapoel HaTzafon Tel Aviv,English Wikipedia
1971/1972,1971,Liga Bet,South Division A,4,Hapoel Kafr Qasim,English Wikipedia
1971/1972,1971,Liga Bet,South Division A,5,Beitar Bat Yam,English Wikipedia
1971/1972,1971,Liga Bet,South Division A,6,Beitar Ramat Gan,English Wikipedia
1971/1972,1971,Liga Bet,South Division A,7,Beitar Holon,English Wikipedia
1971/1972,1971,Liga Bet,South Division A,8,Beitar Jaffa,English Wikipedia
1971/1972,1971,Liga Bet,South Division A,9,Maccabi Holon,English Wikipedia
1971/1972,1971,Liga Bet,South Division A,10,Hapoel Kfar Shalem,English Wikipedia
1971/1972,1971,Liga Bet,South Division A,11,Hapoel Ganei Tikva,English Wikipedia
1971/1972,1971,Liga Bet,South Division A,12,Maccabi HaShikma Hen,English Wikipedia
1971/1972,1971,Liga Bet,South Division A,13,Hapoel Or Yehuda,English Wikipedia
1971/1972,1971,Liga Bet,South Division A,14,Hapoel Ramat HaSharon,English Wikipedia
1971/1972,1971,Liga Bet,South Division A,15,Hapoel Giv'at Shmuel,English Wikipedia
1971/1972,1971,Liga Bet,South Division A,16,Hapoel Ginaton,English Wikipedia
1971/1972,1971,Liga Bet,South Division B,1,Hapoel Dimona,English Wikipedia
1971/1972,1971,Liga Bet,South Division B,2,Beitar Be'er Sheva,English Wikipedia
1971/1972,1971,Liga Bet,South Division B,3,Maccabi Yavne,English Wikipedia
1971/1972,1971,Liga Bet,South Division B,4,Sektzia Nes Tziona,English Wikipedia
1971/1972,1971,Liga Bet,South Division B,5,Hapoel Kiryat Malakhi,English Wikipedia
1971/1972,1971,Liga Bet,South Division B,6,HaBira Jerusalem,English Wikipedia
1971/1972,1971,Liga Bet,South Division B,7,Hapoel Ofakim,English Wikipedia
1971/1972,1971,Liga Bet,South Division B,8,Beitar Ashkelon,English Wikipedia
1971/1972,1971,Liga Bet,South Division B,9,Maccabi Kiryat Gat,English Wikipedia
1971/1972,1971,Liga Bet,South Division B,10,Maccabi Be'er Sheva,English Wikipedia
1971/1972,1971,Liga Bet,South Division B,11,Beitar Ashdod,English Wikipedia
1971/1972,1971,Liga Bet,South Division B,12,Beitar Lod,English Wikipedia
1971/1972,1971,Liga Bet,South Division B,13,Maccabi Rehovot,English Wikipedia
1971/1972,1971,Liga Bet,South Division B,14,Hapoel Yeruham,English Wikipedia
1971/1972,1971,Liga Bet,South Division B,15,Maccabi Ashkelon,English Wikipedia
1971/1972,1971,Liga Bet,South Division B,16,Hapoel Sderot,English Wikipedia
1971/1972,1971,Liga Leumit,,1,Maccabi Tel Aviv,RSSSF
1971/1972,1971,Liga Leumit,,2,Beitar Jerusalem,RSSSF
1971/1972,1971,Liga Leumit,,3,Hakoah Ramat Gan,RSSSF
1971/1972,1971,Liga Leumit,,4,Maccabi Netanya,RSSSF
1971/1972,1971,Liga Leumit,,5,Maccabi Jaffa,RSSSF
1971/1972,1971,Liga Leumit,,6,Hapoel Haifa,RSSSF
1971/1972,1971,Liga Leumit,,7,Maccabi Haifa,RSSSF
1971/1972,1971,Liga Leumit,,8,Hapoel Jerusalem,RSSSF
1971/1972,1971,Liga Leumit,,9,Hapoel Kfar Saba,RSSSF
1971/1972,1971,Liga Leumit,,10,Beitar Tel Aviv,RSSSF
1971/1972,1971,Liga Leumit,,11,Hapoel Petah Tikva,RSSSF
1971/1972,1971,Liga Leumit,,12,Hapoel Be'er Sheva,RSSSF
1971/1972,1971,Liga Leumit,,13,Hapoel Tel Aviv,RSSSF
1971/1972,1971,Liga Leumit,,14,Shimshon Tel Aviv,RSSSF
1971/1972,1971,Liga Leumit,,15,Bnei Yehuda Tel Aviv,RSSSF
1971/1972,1971,Liga Leumit,,16,Hapoel Hadera,RSSSF
1972/1973,1972,Liga Alef,North,1,Hapoel Hadera,Hebrew Wikipedia
1972/1973,1972,Liga Alef,North,2,Hapoel Acre,Hebrew Wikipedia
1972/1973,1972,Liga Alef,North,3,Hapoel Ramat Gan,Hebrew Wikipedia
1972/1973,1972,Liga Alef,North,4,Hapoel Tirat Carmel,Hebrew Wikipedia
1972/1973,1972,Liga Alef,North,5,Maccabi Herzliya,Hebrew Wikipedia
1972/1973,1972,Liga Alef,North,6,Hapoel Tiberias,Hebrew Wikipedia
1972/1973,1972,Liga Alef,North,7,Hapoel Ironi Herzliya,Hebrew Wikipedia
1972/1973,1972,Liga Alef,North,8,Beitar Netanya,Hebrew Wikipedia
1972/1973,1972,Liga Alef,North,8,Beitar Nes Tubruk,English Wikipedia
1972/1973,1972,Liga Alef,North,9,Hapoel Nahliel,Hebrew Wikipedia
1972/1973,1972,Liga Alef,North,10,Hapoel Kiryat Shmona,Hebrew Wikipedia
1972/1973,1972,Liga Alef,North,11,Hapoel Safed,Hebrew Wikipedia
1972/1973,1972,Liga Alef,North,12,Hapoel Nahariya,Hebrew Wikipedia
1972/1973,1972,Liga Alef,North,13,Hapoel Bnei Nazareth,Hebrew Wikipedia
1972/1973,1972,Liga Alef,North,14,Hapoel Migdal HaEmek,Hebrew Wikipedia
1972/1973,1972,Liga Alef,North,15,Hapoel Mahane Yehuda,Hebrew Wikipedia
1972/1973,1972,Liga Alef,North,16,Hapoel Givat Haim,Hebrew Wikipedia
1972/1973,1972,Liga Alef,South,1,Bnei Yehuda Tel Aviv,Hebrew Wikipedia
1972/1973,1972,Liga Alef,South,2,Hapoel Holon,Hebrew Wikipedia
1972/1973,1972,Liga Alef,South,3,Maccabi Sha'arayim,Hebrew Wikipedia
1972/1973,1972,Liga Alef,South,4,Hapoel Yehud,Hebrew Wikipedia
1972/1973,1972,Liga Alef,South,5,Hapoel Dimona,Hebrew Wikipedia
1972/1973,1972,Liga Alef,South,6,Hapoel Ashdod,Hebrew Wikipedia
1972/1973,1972,Liga Alef,South,7,Hapoel Rishon LeZion,Hebrew Wikipedia
1972/1973,1972,Liga Alef,South,8,Beitar Ramla,Hebrew Wikipedia
1972/1973,1972,Liga Alef,South,9,Hapoel Be'er Ya'akov,Hebrew Wikipedia
1972/1973,1972,Liga Alef,South,10,Maccabi Ramat Amidar,Hebrew Wikipedia
1972/1973,1972,Liga Alef,South,11,Hapoel Ramla,Hebrew Wikipedia
1972/1973,1972,Liga Alef,South,12,Hapoel Bat Yam,Hebrew Wikipedia
1972/1973,1972,Liga Alef,South,13,Hapoel Lod,Hebrew Wikipedia
1972/1973,1972,Liga Alef,South,14,Hapoel Beit Shemesh,Hebrew Wikipedia
1972/1973,1972,Liga Alef,South,15,Hapoel Eilat,Hebrew Wikipedia
1972/1973,1972,Liga Alef,South,16,Hapoel Kiryat Ono,Hebrew Wikipedia
1972/1973,1972,Liga Bet,North Division A,1,Hapoel Kiryat Ata,English Wikipedia
1972/1973,1972,Liga Bet,North Division A,2,Hapoel Beit She'an,English Wikipedia
1972/1973,1972,Liga Bet,North Division A,3,Hapoel Kiryat Nazareth,English Wikipedia
1972/1973,1972,Liga Bet,North Division A,4,Hapoel Tel Hanan,English Wikipedia
1972/1973,1972,Liga Bet,North Division A,5,Hapoel Kfar Ruppin,English Wikipedia
1972/1973,1972,Liga Bet,North Division A,6,Hapoel Kiryat Yam,English Wikipedia
1972/1973,1972,Liga Bet,North Division A,7,Beitar Tiberias,English Wikipedia
1972/1973,1972,Liga Bet,North Division A,8,Hapoel Hatzor,English Wikipedia
1972/1973,1972,Liga Bet,North Division A,9,Beitar Kiryat Shmona,English Wikipedia
1972/1973,1972,Liga Bet,North Division A,10,Hapoel Kiryat Haim,English Wikipedia
1972/1973,1972,Liga Bet,North Division A,11,Beitar Acre,English Wikipedia
1972/1973,1972,Liga Bet,North Division A,12,Maccabi Kiryat Bialik,English Wikipedia
1972/1973,1972,Liga Bet,North Division A,13,Hapoel Afikim,English Wikipedia
1972/1973,1972,Liga Bet,North Division A,14,Hapoel Bnei Acre,English Wikipedia
1972/1973,1972,Liga Bet,North Division A,15,Beitar Hatzor,English Wikipedia
1972/1973,1972,Liga Bet,North Division A,16,Beitar Tel Hanan,English Wikipedia
1972/1973,1972,Liga Bet,North Division B,1,Hapoel Netanya,English Wikipedia
1972/1973,1972,Liga Bet,North Division B,2,Maccabi Hadera,English Wikipedia
1972/1973,1972,Liga Bet,North Division B,3,Beitar Dov Netanya,English Wikipedia
1972/1973,1972,Liga Bet,North Division B,4,Hapoel Ra'anana,English Wikipedia
1972/1973,1972,Liga Bet,North Division B,5,Hapoel Afula,English Wikipedia
1972/1973,1972,Liga Bet,North Division B,6,Maccabi Pardes Hanna,English Wikipedia
1972/1973,1972,Liga Bet,North Division B,7,Hapoel Geva HaCarmel,English Wikipedia
1972/1973,1972,Liga Bet,North Division B,8,Hapoel Givat Olga,English Wikipedia
1972/1973,1972,Liga Bet,North Division B,9,Maccabi Zichron Ya'akov,English Wikipedia
1972/1973,1972,Liga Bet,North Division B,10,Beitar Binyamina,English Wikipedia
1972/1973,1972,Liga Bet,North Division B,11,Hapoel Zikhron Ya'akov,English Wikipedia
1972/1973,1972,Liga Bet,North Division B,12,Hapoel Beit Eliezer,English Wikipedia
1972/1973,1972,Liga Bet,North Division B,13,Maccabi HaSharon Netanya,English Wikipedia
1972/1973,1972,Liga Bet,North Division B,14,Hapoel Binyamina,English Wikipedia
1972/1973,1972,Liga Bet,North Division B,15,Hapoel Ahva Haifa,English Wikipedia
1972/1973,1972,Liga Bet,North Division B,16,Sport Club Even Yehuda,English Wikipedia
1972/1973,1972,Liga Bet,South Division A,1,Maccabi Holon,English Wikipedia
1972/1973,1972,Liga Bet,South Division A,2,Hapoel Rosh HaAyin,English Wikipedia
1972/1973,1972,Liga Bet,South Division A,3,Hapoel Kfar Shalem,English Wikipedia
1972/1973,1972,Liga Bet,South Division A,4,Beitar Ramat Gan,English Wikipedia
1972/1973,1972,Liga Bet,South Division A,5,Hapoel Kafr Qasim,English Wikipedia
1972/1973,1972,Liga Bet,South Division A,6,Beitar Lod,English Wikipedia
1972/1973,1972,Liga Bet,South Division A,7,Hapoel HaTzafon Tel Aviv,English Wikipedia
1972/1973,1972,Liga Bet,South Division A,8,Maccabi HaShikma Hen,English Wikipedia
1972/1973,1972,Liga Bet,South Division A,9,Beitar Holon,English Wikipedia
1972/1973,1972,Liga Bet,South Division A,10,Beitar Jaffa,English Wikipedia
1972/1973,1972,Liga Bet,South Division A,11,Hapoel Ramat HaSharon,English Wikipedia
1972/1973,1972,Liga Bet,South Division A,12,Hapoel Or Yehuda,English Wikipedia
1972/1973,1972,Liga Bet,South Division A,13,Hapoel Giv'atayim,English Wikipedia
1972/1973,1972,Liga Bet,South Division A,14,Beitar Bat Yam,English Wikipedia
1972/1973,1972,Liga Bet,South Division A,15,Hapoel Ganei Tikva,English Wikipedia
1972/1973,1972,Liga Bet,South Division A,16,Maccabi Ironi Bat Yam,English Wikipedia
1972/1973,1972,Liga Bet,South Division B,1,Sektzia Nes Tziona,English Wikipedia
1972/1973,1972,Liga Bet,South Division B,2,Maccabi Yavne,English Wikipedia
1972/1973,1972,Liga Bet,South Division B,3,Hapoel Ashkelon,English Wikipedia
1972/1973,1972,Liga Bet,South Division B,4,Hapoel Merhavim,English Wikipedia
1972/1973,1972,Liga Bet,South Division B,5,Beitar Be'er Sheva,English Wikipedia
1972/1973,1972,Liga Bet,South Division B,6,Hapoel Ofakim,English Wikipedia
1972/1973,1972,Liga Bet,South Division B,7,Maccabi Be'er Sheva,English Wikipedia
1972/1973,1972,Liga Bet,South Division B,8,Maccabi Ramla,English Wikipedia
1972/1973,1972,Liga Bet,South Division B,9,Shikun HaMizrah,English Wikipedia
1972/1973,1972,Liga Bet,South Division B,10,Maccabi Rehovot,English Wikipedia
1972/1973,1972,Liga Bet,South Division B,11,HaBira Jerusalem,English Wikipedia
1972/1973,1972,Liga Bet,South Division B,12,Hapoel Kiryat Malakhi,English Wikipedia
1972/1973,1972,Liga Bet,South Division B,13,Hapoel Yeruham,English Wikipedia
1972/1973,1972,Liga Bet,South Division B,14,Beitar Ashdod,English Wikipedia
1972/1973,1972,Liga Bet,South Division B,15,Beitar Ashkelon,English Wikipedia
1972/1973,1972,Liga Bet,South Division B,16,Maccabi Kiryat Gat,English Wikipedia
1972/1973,1972,Liga Leumit,,1,Hakoah Ramat Gan,RSSSF
1972/1973,1972,Liga Leumit,,2,Hapoel Tel Aviv,RSSSF
1972/1973,1972,Liga Leumit,,3,Hapoel Jerusalem,RSSSF
1972/1973,1972,Liga Leumit,,4,Maccabi Tel Aviv,RSSSF
1972/1973,1972,Liga Leumit,,5,Hapoel Be'er Sheva,RSSSF
1972/1973,1972,Liga Leumit,,6,Hapoel Kfar Saba,RSSSF
1972/1973,1972,Liga Leumit,,7,Hapoel Haifa,RSSSF
1972/1973,1972,Liga Leumit,,8,Beitar Tel Aviv,RSSSF
1972/1973,1972,Liga Leumit,,9,Maccabi Petah Tikva,RSSSF
1972/1973,1972,Liga Leumit,,10,Maccabi Jaffa,RSSSF
1972/1973,1972,Liga Leumit,,11,Maccabi Haifa,RSSSF
1972/1973,1972,Liga Leumit,,12,Hapoel Petah Tikva,RSSSF
1972/1973,1972,Liga Leumit,,13,Maccabi Netanya,RSSSF
1972/1973,1972,Liga Leumit,,14,Beitar Jerusalem,RSSSF
1972/1973,1972,Liga Leumit,,15,Shimshon Tel Aviv,RSSSF
1972/1973,1972,Liga Leumit,,16,Hapoel Marmorek,RSSSF
1973/1974,1973,Liga Alef,North,1,Hapoel Acre,Hebrew Wikipedia
1973/1974,1973,Liga Alef,North,2,Shimshon Tel Aviv,Hebrew Wikipedia
1973/1974,1973,Liga Alef,North,3,Hapoel Ramat Gan,Hebrew Wikipedia
1973/1974,1973,Liga Alef,North,4,Hapoel Tiberias,Hebrew Wikipedia
1973/1974,1973,Liga Alef,North,5,Hapoel Tirat Carmel,Hebrew Wikipedia
1973/1974,1973,Liga Alef,North,6,Beitar Netanya,Hebrew Wikipedia
1973/1974,1973,Liga Alef,North,6,Beitar Nes Tubruk,English Wikipedia
1973/1974,1973,Liga Alef,North,7,Hapoel Safed,Hebrew Wikipedia
1973/1974,1973,Liga Alef,North,8,Hapoel Nahariya,Hebrew Wikipedia
1973/1974,1973,Liga Alef,North,9,Hapoel Nahliel,Hebrew Wikipedia
1973/1974,1973,Liga Alef,North,10,Hapoel Netanya,Hebrew Wikipedia
1973/1974,1973,Liga Alef,North,11,Hapoel Kiryat Ata,Hebrew Wikipedia
1973/1974,1973,Liga Alef,North,12,Hapoel Bnei Nazareth,Hebrew Wikipedia
1973/1974,1973,Liga Alef,North,13,Hapoel Ironi Herzliya,Hebrew Wikipedia
1973/1974,1973,Liga Alef,North,14,Hapoel Kiryat Shmona,Hebrew Wikipedia
1973/1974,1973,Liga Alef,North,15,Maccabi Herzliya,Hebrew Wikipedia
1973/1974,1973,Liga Alef,North,16,Hapoel Migdal HaEmek,Hebrew Wikipedia
1973/1974,1973,Liga Alef,South,1,Maccabi Sha'arayim,Hebrew Wikipedia
1973/1974,1973,Liga Alef,South,2,Hapoel Marmorek,Hebrew Wikipedia
1973/1974,1973,Liga Alef,South,3,Hapoel Holon,Hebrew Wikipedia
1973/1974,1973,Liga Alef,South,4,Hapoel Yehud,Hebrew Wikipedia
1973/1974,1973,Liga Alef,South,5,Hapoel Rishon LeZion,Hebrew Wikipedia
1973/1974,1973,Liga Alef,South,6,Beitar Ramla,Hebrew Wikipedia
1973/1974,1973,Liga Alef,South,7,Hapoel Dimona,Hebrew Wikipedia
1973/1974,1973,Liga Alef,South,8,Hapoel Lod,Hebrew Wikipedia
1973/1974,1973,Liga Alef,South,9,Hapoel Be'er Ya'akov,Hebrew Wikipedia
1973/1974,1973,Liga Alef,South,10,Maccabi Ramat Amidar,Hebrew Wikipedia
1973/1974,1973,Liga Alef,South,11,Hapoel Ashdod,Hebrew Wikipedia
1973/1974,1973,Liga Alef,South,12,Hapoel Beit Shemesh,Hebrew Wikipedia
1973/1974,1973,Liga Alef,South,13,Hapoel Bat Yam,Hebrew Wikipedia
1973/1974,1973,Liga Alef,South,14,Sektzia Nes Tziona,Hebrew Wikipedia
1973/1974,1973,Liga Alef,South,15,Hapoel Ramla,Hebrew Wikipedia
1973/1974,1973,Liga Alef,South,16,Maccabi Holon,Hebrew Wikipedia
1973/1974,1973,Liga Bet,North Division A,1,Hapoel Beit She'an,English Wikipedia
1973/1974,1973,Liga Bet,North Division A,2,Beitar Tiberias,English Wikipedia
1973/1974,1973,Liga Bet,North Division A,3,Hapoel Kiryat Haim,English Wikipedia
1973/1974,1973,Liga Bet,North Division A,4,Hapoel Kiryat Yam,English Wikipedia
1973/1974,1973,Liga Bet,North Division A,5,Hapoel Tel Hanan,English Wikipedia
1973/1974,1973,Liga Bet,North Division A,6,Hapoel Nof HaGalil,English Wikipedia
1973/1974,1973,Liga Bet,North Division A,7,Beitar Nahariya,English Wikipedia
1973/1974,1973,Liga Bet,North Division A,8,Maccabi Kiryat Bialik,English Wikipedia
1973/1974,1973,Liga Bet,North Division A,9,Hapoel Kfar Ruppin,English Wikipedia
1973/1974,1973,Liga Bet,North Division A,10,Beitar Kiryat Shmona,English Wikipedia
1973/1974,1973,Liga Bet,North Division A,11,Hapoel Afikim,English Wikipedia
1973/1974,1973,Liga Bet,North Division A,12,Hapoel Hatzor,English Wikipedia
1973/1974,1973,Liga Bet,North Division A,13,Maccabi Tiberias,English Wikipedia
1973/1974,1973,Liga Bet,North Division A,14,Hapoel Kiryat Tiv'on,English Wikipedia
1973/1974,1973,Liga Bet,North Division A,15,Hapoel Bnei Acre,English Wikipedia
1973/1974,1973,Liga Bet,North Division A,16,Beitar Acre,English Wikipedia
1973/1974,1973,Liga Bet,North Division B,1,Maccabi Hadera,English Wikipedia
1973/1974,1973,Liga Bet,North Division B,2,Hapoel Mahane Yehuda,English Wikipedia
1973/1974,1973,Liga Bet,North Division B,3,Hapoel Givat Olga,English Wikipedia
1973/1974,1973,Liga Bet,North Division B,4,Hapoel Afula,English Wikipedia
1973/1974,1973,Liga Bet,North Division B,5,Beitar Dov Netanya,English Wikipedia
1973/1974,1973,Liga Bet,North Division B,6,Hapoel Ra'anana,English Wikipedia
1973/1974,1973,Liga Bet,North Division B,7,Hapoel Givat Haim,English Wikipedia
1973/1974,1973,Liga Bet,North Division B,8,Maccabi Pardes Hanna,English Wikipedia
1973/1974,1973,Liga Bet,North Division B,9,Hapoel Taibe,English Wikipedia
1973/1974,1973,Liga Bet,North Division B,10,Maccabi Zichron Ya'akov,English Wikipedia
1973/1974,1973,Liga Bet,North Division B,11,Hapoel Geva HaCarmel,English Wikipedia
1973/1974,1973,Liga Bet,North Division B,12,Beitar Binyamina,English Wikipedia
1973/1974,1973,Liga Bet,North Division B,13,Maccabi HaSharon Netanya,English Wikipedia
1973/1974,1973,Liga Bet,North Division B,14,Hapoel Beit Eliezer,English Wikipedia
1973/1974,1973,Liga Bet,North Division B,15,Hapoel Binyamina,English Wikipedia
1973/1974,1973,Liga Bet,North Division B,16,Hapoel Zikhron Ya'akov,English Wikipedia
1973/1974,1973,Liga Bet,South Division A,1,Beitar Jaffa,English Wikipedia
1973/1974,1973,Liga Bet,South Division A,2,Hapoel Kfar Shalem,English Wikipedia
1973/1974,1973,Liga Bet,South Division A,3,Hapoel Or Yehuda,English Wikipedia
1973/1974,1973,Liga Bet,South Division A,4,Hapoel Rosh HaAyin,English Wikipedia
1973/1974,1973,Liga Bet,South Division A,5,Maccabi HaShikma Hen,English Wikipedia
1973/1974,1973,Liga Bet,South Division A,6,Beitar Holon,English Wikipedia
1973/1974,1973,Liga Bet,South Division A,7,Hapoel Kafr Qasim,English Wikipedia
1973/1974,1973,Liga Bet,South Division A,8,Beitar Lod,English Wikipedia
1973/1974,1973,Liga Bet,South Division A,9,Hapoel Kiryat Ono,English Wikipedia
1973/1974,1973,Liga Bet,South Division A,10,Beitar Bat Yam,English Wikipedia
1973/1974,1973,Liga Bet,South Division A,11,Beitar Ramat Gan,English Wikipedia
1973/1974,1973,Liga Bet,South Division A,12,Hapoel Giv'atayim,English Wikipedia
1973/1974,1973,Liga Bet,South Division A,13,Beitar Herzliya,English Wikipedia
1973/1974,1973,Liga Bet,South Division A,14,Maccabi Yehud,English Wikipedia
1973/1974,1973,Liga Bet,South Division A,15,Hapoel HaTzafon Tel Aviv,English Wikipedia
1973/1974,1973,Liga Bet,South Division A,16,Hapoel Ramat HaSharon,English Wikipedia
1973/1974,1973,Liga Bet,South Division B,1,Hapoel Ashkelon,English Wikipedia
1973/1974,1973,Liga Bet,South Division B,2,Maccabi Yavne,English Wikipedia
1973/1974,1973,Liga Bet,South Division B,3,Hapoel Eilat,English Wikipedia
1973/1974,1973,Liga Bet,South Division B,4,Beitar Be'er Sheva,English Wikipedia
1973/1974,1973,Liga Bet,South Division B,5,Hapoel Ofakim,English Wikipedia
1973/1974,1973,Liga Bet,South Division B,6,Hapoel Kiryat Gat,English Wikipedia
1973/1974,1973,Liga Bet,South Division B,7,Hapoel Merhavim,English Wikipedia
1973/1974,1973,Liga Bet,South Division B,8,Shikun HaMizrah,English Wikipedia
1973/1974,1973,Liga Bet,South Division B,9,Hapoel Yeruham,English Wikipedia
1973/1974,1973,Liga Bet,South Division B,10,Beitar Ashdod,English Wikipedia
1973/1974,1973,Liga Bet,South Division B,11,Maccabi Be'er Sheva,English Wikipedia
1973/1974,1973,Liga Bet,South Division B,12,Maccabi Jerusalem,English Wikipedia
1973/1974,1973,Liga Bet,South Division B,13,Maccabi Ramla,English Wikipedia
1973/1974,1973,Liga Bet,South Division B,14,Hapoel Kiryat Malakhi,English Wikipedia
1973/1974,1973,Liga Bet,South Division B,15,Maccabi Rehovot,English Wikipedia
1973/1974,1973,Liga Bet,South Division B,16,HaBira Jerusalem,English Wikipedia
1973/1974,1973,Liga Leumit,,1,Maccabi Netanya,RSSSF
1973/1974,1973,Liga Leumit,,2,Maccabi Tel Aviv,RSSSF
1973/1974,1973,Liga Leumit,,3,Beitar Jerusalem,RSSSF
1973/1974,1973,Liga Leumit,,4,Hapoel Petah Tikva,RSSSF
1973/1974,1973,Liga Leumit,,5,Beitar Tel Aviv,RSSSF
1973/1974,1973,Liga Leumit,,6,Hapoel Haifa,RSSSF
1973/1974,1973,Liga Leumit,,7,Hapoel Be'er Sheva,RSSSF
1973/1974,1973,Liga Leumit,,8,Hapoel Kfar Saba,RSSSF
1973/1974,1973,Liga Leumit,,9,Maccabi Jaffa,RSSSF
1973/1974,1973,Liga Leumit,,10,Bnei Yehuda Tel Aviv,RSSSF
1973/1974,1973,Liga Leumit,,11,Hapoel Jerusalem,RSSSF
1973/1974,1973,Liga Leumit,,12,Maccabi Petah Tikva,RSSSF
1973/1974,1973,Liga Leumit,,13,Hapoel Hadera,RSSSF
1973/1974,1973,Liga Leumit,,14,Hapoel Tel Aviv,RSSSF
1973/1974,1973,Liga Leumit,,15,Hakoah Ramat Gan,RSSSF
1973/1974,1973,Liga Leumit,,16,Maccabi Haifa,RSSSF
1974/1975,1974,Liga Alef,North,1,Maccabi Haifa,Hebrew Wikipedia
1974/1975,1974,Liga Alef,North,2,Hapoel Acre,Hebrew Wikipedia
1974/1975,1974,Liga Alef,North,3,Hapoel Ramat Gan,Hebrew Wikipedia
1974/1975,1974,Liga Alef,North,4,Hapoel Netanya,Hebrew Wikipedia
1974/1975,1974,Liga Alef,North,5,Maccabi Hadera,Hebrew Wikipedia
1974/1975,1974,Liga Alef,North,6,Hapoel Nahliel,Hebrew Wikipedia
1974/1975,1974,Liga Alef,North,7,Maccabi Herzliya,Hebrew Wikipedia
1974/1975,1974,Liga Alef,North,8,Hapoel Tirat Carmel,Hebrew Wikipedia
1974/1975,1974,Liga Alef,North,9,Beitar Netanya,Hebrew Wikipedia
1974/1975,1974,Liga Alef,North,9,Beitar Nes Tubruk,English Wikipedia
1974/1975,1974,Liga Alef,North,10,Hapoel Bnei Nazareth,Hebrew Wikipedia
1974/1975,1974,Liga Alef,North,11,Hapoel Tiberias,Hebrew Wikipedia
1974/1975,1974,Liga Alef,North,12,Hapoel Nahariya,Hebrew Wikipedia
1974/1975,1974,Liga Alef,North,13,Hapoel Ironi Herzliya,Hebrew Wikipedia
1974/1975,1974,Liga Alef,North,14,Hapoel Kiryat Ata,Hebrew Wikipedia
1974/1975,1974,Liga Alef,North,15,Hapoel Kiryat Shmona,Hebrew Wikipedia
1974/1975,1974,Liga Alef,North,16,Hapoel Safed,Hebrew Wikipedia
1974/1975,1974,Liga Alef,South,1,Maccabi Ramat Amidar,Hebrew Wikipedia
1974/1975,1974,Liga Alef,South,2,Hapoel Yehud,Hebrew Wikipedia
1974/1975,1974,Liga Alef,South,3,Hapoel Rishon LeZion,Hebrew Wikipedia
1974/1975,1974,Liga Alef,South,4,Hapoel Bat Yam,Hebrew Wikipedia
1974/1975,1974,Liga Alef,South,5,Hapoel Dimona,Hebrew Wikipedia
1974/1975,1974,Liga Alef,South,6,Hapoel Be'er Ya'akov,Hebrew Wikipedia
1974/1975,1974,Liga Alef,South,7,Maccabi Sha'arayim,Hebrew Wikipedia
1974/1975,1974,Liga Alef,South,8,Beitar Ramla,Hebrew Wikipedia
1974/1975,1974,Liga Alef,South,9,Hapoel Beit Shemesh,Hebrew Wikipedia
1974/1975,1974,Liga Alef,South,10,Hapoel Marmorek,Hebrew Wikipedia
1974/1975,1974,Liga Alef,South,11,Hapoel Ashdod,Hebrew Wikipedia
1974/1975,1974,Liga Alef,South,12,Hapoel Lod,Hebrew Wikipedia
1974/1975,1974,Liga Alef,South,13,Hapoel Holon,Hebrew Wikipedia
1974/1975,1974,Liga Alef,South,14,Hapoel Ramla,Hebrew Wikipedia
1974/1975,1974,Liga Alef,South,15,Sektzia Nes Tziona,Hebrew Wikipedia
1974/1975,1974,Liga Alef,South,16,Beitar Jaffa,Hebrew Wikipedia
1974/1975,1974,Liga Bet,North Division A,1,Hapoel Tel Hanan,English Wikipedia
1974/1975,1974,Liga Bet,North Division A,2,Hapoel Nof HaGalil,English Wikipedia
1974/1975,1974,Liga Bet,North Division A,3,Beitar Nahariya,English Wikipedia
1974/1975,1974,Liga Bet,North Division A,4,Hapoel Afikim,English Wikipedia
1974/1975,1974,Liga Bet,North Division A,5,Hapoel Migdal HaEmek,English Wikipedia
1974/1975,1974,Liga Bet,North Division A,6,Hapoel Beit She'an,English Wikipedia
1974/1975,1974,Liga Bet,North Division A,7,Maccabi Ahi Nazareth,English Wikipedia
1974/1975,1974,Liga Bet,North Division A,8,Hapoel Majd al-Krum,English Wikipedia
1974/1975,1974,Liga Bet,North Division A,9,Beitar Tiberias,English Wikipedia
1974/1975,1974,Liga Bet,North Division A,10,Beitar Kiryat Shmona,English Wikipedia
1974/1975,1974,Liga Bet,North Division A,11,Hapoel Kiryat Tiv'on,English Wikipedia
1974/1975,1974,Liga Bet,North Division A,12,Maccabi Tiberias,English Wikipedia
1974/1975,1974,Liga Bet,North Division A,13,Hapoel Hatzor,English Wikipedia
1974/1975,1974,Liga Bet,North Division A,14,Hapoel Kfar Ruppin,English Wikipedia
1974/1975,1974,Liga Bet,North Division A,15,Hapoel Kiryat Haim,English Wikipedia
1974/1975,1974,Liga Bet,North Division A,16,Maccabi Hatzor,English Wikipedia
1974/1975,1974,Liga Bet,North Division B,1,Hapoel Mahane Yehuda,English Wikipedia
1974/1975,1974,Liga Bet,North Division B,2,Hapoel Givat Haim,English Wikipedia
1974/1975,1974,Liga Bet,North Division B,3,Hapoel Ra'anana,English Wikipedia
1974/1975,1974,Liga Bet,North Division B,4,Maccabi Zichron Ya'akov,English Wikipedia
1974/1975,1974,Liga Bet,North Division B,5,Hapoel Kiryat Yam,English Wikipedia
1974/1975,1974,Liga Bet,North Division B,6,Hapoel Binyamina,English Wikipedia
1974/1975,1974,Liga Bet,North Division B,7,Hapoel Givat Olga,English Wikipedia
1974/1975,1974,Liga Bet,North Division B,8,Beitar Dov Netanya,English Wikipedia
1974/1975,1974,Liga Bet,North Division B,9,Maccabi Kiryat Bialik,English Wikipedia
1974/1975,1974,Liga Bet,North Division B,10,Hapoel Taibe,English Wikipedia
1974/1975,1974,Liga Bet,North Division B,11,Hapoel Geva HaCarmel,English Wikipedia
1974/1975,1974,Liga Bet,North Division B,12,Hapoel Afula,English Wikipedia
1974/1975,1974,Liga Bet,North Division B,13,Maccabi HaSharon Netanya,English Wikipedia
1974/1975,1974,Liga Bet,North Division B,14,Hapoel Beit Eliezer,English Wikipedia
1974/1975,1974,Liga Bet,North Division B,15,Maccabi Pardes Hanna,English Wikipedia
1974/1975,1974,Liga Bet,North Division B,16,Beitar Binyamina,English Wikipedia
1974/1975,1974,Liga Bet,South Division A,1,Maccabi HaShikma Hen,English Wikipedia
1974/1975,1974,Liga Bet,South Division A,2,Hapoel Or Yehuda,English Wikipedia
1974/1975,1974,Liga Bet,South Division A,3,Hapoel Aliyah Kfar Saba,English Wikipedia
1974/1975,1974,Liga Bet,South Division A,4,Hapoel Kiryat Ono,English Wikipedia
1974/1975,1974,Liga Bet,South Division A,5,Hapoel Kfar Shalem,English Wikipedia
1974/1975,1974,Liga Bet,South Division A,6,Hapoel Rosh HaAyin,English Wikipedia
1974/1975,1974,Liga Bet,South Division A,7,Hapoel Kafr Qasim,English Wikipedia
1974/1975,1974,Liga Bet,South Division A,8,Beitar Herzliya,English Wikipedia
1974/1975,1974,Liga Bet,South Division A,9,Beitar Ramat Gan,English Wikipedia
1974/1975,1974,Liga Bet,South Division A,10,Hapoel Giv'atayim,English Wikipedia
1974/1975,1974,Liga Bet,South Division A,11,Beitar Bat Yam,English Wikipedia
1974/1975,1974,Liga Bet,South Division A,12,Beitar Holon,English Wikipedia
1974/1975,1974,Liga Bet,South Division A,13,Beitar Lod,English Wikipedia
1974/1975,1974,Liga Bet,South Division A,14,Maccabi Yehud,English Wikipedia
1974/1975,1974,Liga Bet,South Division A,15,Hapoel HaTzafon Tel Aviv,English Wikipedia
1974/1975,1974,Liga Bet,South Division A,16,Maccabi Holon,English Wikipedia
1974/1975,1974,Liga Bet,South Division B,1,Beitar Ashdod,English Wikipedia
1974/1975,1974,Liga Bet,South Division B,2,Maccabi Yavne,English Wikipedia
1974/1975,1974,Liga Bet,South Division B,3,Hapoel Merhavim,English Wikipedia
1974/1975,1974,Liga Bet,South Division B,4,Hapoel Ashkelon,English Wikipedia
1974/1975,1974,Liga Bet,South Division B,5,Beitar Be'er Sheva,English Wikipedia
1974/1975,1974,Liga Bet,South Division B,6,Hapoel Eilat,English Wikipedia
1974/1975,1974,Liga Bet,South Division B,7,Maccabi Be'er Sheva,English Wikipedia
1974/1975,1974,Liga Bet,South Division B,8,Hapoel Kiryat Gat,English Wikipedia
1974/1975,1974,Liga Bet,South Division B,9,Maccabi Jerusalem,English Wikipedia
1974/1975,1974,Liga Bet,South Division B,10,Hapoel Ofakim,English Wikipedia
1974/1975,1974,Liga Bet,South Division B,11,Maccabi Ramla,English Wikipedia
1974/1975,1974,Liga Bet,South Division B,12,Beitar Ashkelon,English Wikipedia
1974/1975,1974,Liga Bet,South Division B,13,Shikun HaMizrah,English Wikipedia
1974/1975,1974,Liga Bet,South Division B,14,Maccabi Kiryat Gat,English Wikipedia
1974/1975,1974,Liga Bet,South Division B,15,Hapoel Yeruham,English Wikipedia
1974/1975,1974,Liga Bet,South Division B,16,Hapoel Kiryat Malakhi,English Wikipedia
1974/1975,1974,Liga Leumit,,1,Hapoel Be'er Sheva,RSSSF
1974/1975,1974,Liga Leumit,,2,Maccabi Netanya,RSSSF
1974/1975,1974,Liga Leumit,,3,Hapoel Haifa,RSSSF
1974/1975,1974,Liga Leumit,,4,Maccabi Tel Aviv,RSSSF
1974/1975,1974,Liga Leumit,,5,Hapoel Jerusalem,RSSSF
1974/1975,1974,Liga Leumit,,6,Shimshon Tel Aviv,RSSSF
1974/1975,1974,Liga Leumit,,7,Hapoel Hadera,RSSSF
1974/1975,1974,Liga Leumit,,8,Hapoel Tel Aviv,RSSSF
1974/1975,1974,Liga Leumit,,9,Hapoel Petah Tikva,RSSSF
1974/1975,1974,Liga Leumit,,10,Hapoel Kfar Saba,RSSSF
1974/1975,1974,Liga Leumit,,11,Bnei Yehuda Tel Aviv,RSSSF
1974/1975,1974,Liga Leumit,,12,Beitar Tel Aviv,RSSSF
1974/1975,1974,Liga Leumit,,13,Maccabi Jaffa,RSSSF
1974/1975,1974,Liga Leumit,,14,Hakoah Ramat Gan,RSSSF
1974/1975,1974,Liga Leumit,,15,Beitar Jerusalem,RSSSF
1974/1975,1974,Liga Leumit,,16,Maccabi Petah Tikva,RSSSF
1975/1976,1975,Liga Alef,North,1,Hapoel Acre,Hebrew Wikipedia
1975/1976,1975,Liga Alef,North,2,Beitar Netanya,Hebrew Wikipedia
1975/1976,1975,Liga Alef,North,2,Beitar Nes Tubruk,English Wikipedia
1975/1976,1975,Liga Alef,North,3,Hapoel Ramat Gan,Hebrew Wikipedia
1975/1976,1975,Liga Alef,North,4,Maccabi Hadera,Hebrew Wikipedia
1975/1976,1975,Liga Alef,North,5,Hapoel Netanya,Hebrew Wikipedia
1975/1976,1975,Liga Alef,North,6,Maccabi Herzliya,Hebrew Wikipedia
1975/1976,1975,Liga Alef,North,7,Hapoel Nahliel,Hebrew Wikipedia
1975/1976,1975,Liga Alef,North,8,Hapoel Mahane Yehuda,Hebrew Wikipedia
1975/1976,1975,Liga Alef,North,9,Hapoel Tirat Carmel,Hebrew Wikipedia
1975/1976,1975,Liga Alef,North,10,Hapoel Bnei Nazareth,Hebrew Wikipedia
1975/1976,1975,Liga Alef,North,11,Hapoel Safed,Hebrew Wikipedia
1975/1976,1975,Liga Alef,North,12,Hapoel Kiryat Shmona,Hebrew Wikipedia
1975/1976,1975,Liga Alef,North,13,Hapoel Nahariya,Hebrew Wikipedia
1975/1976,1975,Liga Alef,North,14,Hapoel Tel Hanan,Hebrew Wikipedia
1975/1976,1975,Liga Alef,North,15,Hapoel Ironi Herzliya,Hebrew Wikipedia
1975/1976,1975,Liga Alef,North,16,Hapoel Tiberias,Hebrew Wikipedia
1975/1976,1975,Liga Alef,North,17,Hapoel Kiryat Ata,Hebrew Wikipedia
1975/1976,1975,Liga Alef,South,1,Hapoel Yehud,Hebrew Wikipedia
1975/1976,1975,Liga Alef,South,2,Hapoel Holon,Hebrew Wikipedia
1975/1976,1975,Liga Alef,South,3,Maccabi Sha'arayim,Hebrew Wikipedia
1975/1976,1975,Liga Alef,South,4,Hapoel Rishon LeZion,Hebrew Wikipedia
1975/1976,1975,Liga Alef,South,5,Hapoel Ashdod,Hebrew Wikipedia
1975/1976,1975,Liga Alef,South,6,Hapoel Beit Shemesh,Hebrew Wikipedia
1975/1976,1975,Liga Alef,South,7,Beitar Ramla,Hebrew Wikipedia
1975/1976,1975,Liga Alef,South,8,Hapoel Bat Yam,Hebrew Wikipedia
1975/1976,1975,Liga Alef,South,9,Maccabi HaShikma Hen,Hebrew Wikipedia
1975/1976,1975,Liga Alef,South,10,Beitar Ashdod,Hebrew Wikipedia
1975/1976,1975,Liga Alef,South,11,Sektzia Nes Tziona,Hebrew Wikipedia
1975/1976,1975,Liga Alef,South,12,Hapoel Dimona,Hebrew Wikipedia
1975/1976,1975,Liga Alef,South,13,Hapoel Marmorek,Hebrew Wikipedia
1975/1976,1975,Liga Alef,South,14,Hapoel Ramla,Hebrew Wikipedia
1975/1976,1975,Liga Alef,South,15,Hapoel Be'er Ya'akov,Hebrew Wikipedia
1975/1976,1975,Liga Alef,South,16,Beitar Jaffa,Hebrew Wikipedia
1975/1976,1975,Liga Alef,South,17,Hapoel Lod,Hebrew Wikipedia
1975/1976,1975,Liga Bet,North Division A,1,Hapoel Beit She'an,English Wikipedia
1975/1976,1975,Liga Bet,North Division A,2,Hapoel Afikim,English Wikipedia
1975/1976,1975,Liga Bet,North Division A,3,Beitar Nahariya,English Wikipedia
1975/1976,1975,Liga Bet,North Division A,4,Hapoel Kiryat Yam,English Wikipedia
1975/1976,1975,Liga Bet,North Division A,5,Hapoel Majd al-Krum,English Wikipedia
1975/1976,1975,Liga Bet,North Division A,6,Maccabi Ahi Nazareth,English Wikipedia
1975/1976,1975,Liga Bet,North Division A,7,Maccabi Kiryat Bialik,English Wikipedia
1975/1976,1975,Liga Bet,North Division A,8,Maccabi Neve Sha'anan Eldad,English Wikipedia
1975/1976,1975,Liga Bet,North Division A,9,Hapoel Hatzor,English Wikipedia
1975/1976,1975,Liga Bet,North Division A,10,Hapoel HaTzair Haifa,English Wikipedia
1975/1976,1975,Liga Bet,North Division A,11,Beitar Kiryat Shmona,English Wikipedia
1975/1976,1975,Liga Bet,North Division A,12,Maccabi Tiberias,English Wikipedia
1975/1976,1975,Liga Bet,North Division A,13,Beitar Tiberias,English Wikipedia
1975/1976,1975,Liga Bet,North Division A,14,Hapoel Ein Harod,English Wikipedia
1975/1976,1975,Liga Bet,North Division A,15,Hapoel Karmiel,English Wikipedia
1975/1976,1975,Liga Bet,North Division B,1,Hapoel Nof HaGalil,English Wikipedia
1975/1976,1975,Liga Bet,North Division B,2,Hapoel Ra'anana,English Wikipedia
1975/1976,1975,Liga Bet,North Division B,3,Hapoel Taibe,English Wikipedia
1975/1976,1975,Liga Bet,North Division B,4,Maccabi Zichron Ya'akov,English Wikipedia
1975/1976,1975,Liga Bet,North Division B,5,Hapoel Migdal HaEmek,English Wikipedia
1975/1976,1975,Liga Bet,North Division B,6,Hapoel Givat Olga,English Wikipedia
1975/1976,1975,Liga Bet,North Division B,7,Hapoel Kafr Qara,English Wikipedia
1975/1976,1975,Liga Bet,North Division B,8,Hapoel Beit Eliezer,English Wikipedia
1975/1976,1975,Liga Bet,North Division B,9,Hapoel Geva HaCarmel,English Wikipedia
1975/1976,1975,Liga Bet,North Division B,10,Hapoel Afula,English Wikipedia
1975/1976,1975,Liga Bet,North Division B,11,Hapoel Binyamina,English Wikipedia
1975/1976,1975,Liga Bet,North Division B,12,Maccabi HaSharon Netanya,English Wikipedia
1975/1976,1975,Liga Bet,North Division B,13,Beitar Dov Netanya,English Wikipedia
1975/1976,1975,Liga Bet,North Division B,14,Hapoel Givat Haim,English Wikipedia
1975/1976,1975,Liga Bet,North Division B,15,Hapoel Kiryat Tiv'on,English Wikipedia
1975/1976,1975,Liga Bet,South Division A,1,Hapoel Or Yehuda,English Wikipedia
1975/1976,1975,Liga Bet,South Division A,2,Hapoel Rosh HaAyin,English Wikipedia
1975/1976,1975,Liga Bet,South Division A,3,Hapoel Kiryat Ono,English Wikipedia
1975/1976,1975,Liga Bet,South Division A,4,Hapoel Aliyah Kfar Saba,English Wikipedia
1975/1976,1975,Liga Bet,South Division A,5,Beitar Holon,English Wikipedia
1975/1976,1975,Liga Bet,South Division A,6,Hapoel Holon,English Wikipedia
1975/1976,1975,Liga Bet,South Division A,7,Hapoel Kfar Shalem,English Wikipedia
1975/1976,1975,Liga Bet,South Division A,8,Hapoel Kafr Qasim,English Wikipedia
1975/1976,1975,Liga Bet,South Division A,9,Beitar Bat Yam,English Wikipedia
1975/1976,1975,Liga Bet,South Division A,10,Maccabi Yehud,English Wikipedia
1975/1976,1975,Liga Bet,South Division A,11,Hapoel Giv'atayim,English Wikipedia
1975/1976,1975,Liga Bet,South Division A,12,Beitar Herzliya,English Wikipedia
1975/1976,1975,Liga Bet,South Division A,13,Beitar Ramat Gan,English Wikipedia
1975/1976,1975,Liga Bet,South Division A,14,Hapoel Hod HaSharon,English Wikipedia
1975/1976,1975,Liga Bet,South Division A,15,Beitar Lod,English Wikipedia
1975/1976,1975,Liga Bet,South Division B,1,Maccabi Yavne,English Wikipedia
1975/1976,1975,Liga Bet,South Division B,2,Hapoel Ashkelon,English Wikipedia
1975/1976,1975,Liga Bet,South Division B,3,Beitar Be'er Sheva,English Wikipedia
1975/1976,1975,Liga Bet,South Division B,4,Hapoel Ofakim,English Wikipedia
1975/1976,1975,Liga Bet,South Division B,5,Maccabi Kiryat Gat,English Wikipedia
1975/1976,1975,Liga Bet,South Division B,6,Maccabi Ramla,English Wikipedia
1975/1976,1975,Liga Bet,South Division B,7,Hapoel Kiryat Gat,English Wikipedia
1975/1976,1975,Liga Bet,South Division B,8,Hapoel Gedera,English Wikipedia
1975/1976,1975,Liga Bet,South Division B,9,Maccabi Ashkelon,English Wikipedia
1975/1976,1975,Liga Bet,South Division B,10,Beitar Ashkelon,English Wikipedia
1975/1976,1975,Liga Bet,South Division B,11,Hapoel Merhavim,English Wikipedia
1975/1976,1975,Liga Bet,South Division B,12,Shikun HaMizrah,English Wikipedia
1975/1976,1975,Liga Bet,South Division B,13,Hapoel Eilat,English Wikipedia
1975/1976,1975,Liga Bet,South Division B,14,Maccabi Jerusalem,English Wikipedia
1975/1976,1975,Liga Bet,South Division B,15,Maccabi Be'er Sheva,English Wikipedia
1975/1976,1975,Liga Leumit,,1,Hapoel Be'er Sheva,RSSSF
1975/1976,1975,Liga Leumit,,2,Beitar Jerusalem,RSSSF
1975/1976,1975,Liga Leumit,,3,Hapoel Haifa,RSSSF
1975/1976,1975,Liga Leumit,,4,Maccabi Netanya,RSSSF
1975/1976,1975,Liga Leumit,,5,Hapoel Kfar Saba,RSSSF
1975/1976,1975,Liga Leumit,,6,Shimshon Tel Aviv,RSSSF
1975/1976,1975,Liga Leumit,,7,Maccabi Tel Aviv,RSSSF
1975/1976,1975,Liga Leumit,,8,Maccabi Petah Tikva,RSSSF
1975/1976,1975,Liga Leumit,,9,Maccabi Haifa,RSSSF
1975/1976,1975,Liga Leumit,,10,Hapoel Tel Aviv,RSSSF
1975/1976,1975,Liga Leumit,,11,Maccabi Jaffa,RSSSF
1975/1976,1975,Liga Leumit,,12,Beitar Tel Aviv,RSSSF
1975/1976,1975,Liga Leumit,,13,Hapoel Jerusalem,RSSSF
1975/1976,1975,Liga Leumit,,14,Hakoah Ramat Gan,RSSSF
1975/1976,1975,Liga Leumit,,15,Hapoel Petah Tikva,RSSSF
1975/1976,1975,Liga Leumit,,16,Hapoel Hadera,RSSSF
1975/1976,1975,Liga Leumit,,17,Bnei Yehuda Tel Aviv,RSSSF
1975/1976,1975,Liga Leumit,,18,Maccabi Ramat Amidar,RSSSF
1976/1977,1976,Liga Alef,North,1,Hapoel Tirat Carmel,English Wikipedia
1976/1977,1976,Liga Alef,North,2,Hapoel Kiryat Shmona,English Wikipedia
1976/1977,1976,Liga Alef,North,3,Hapoel Ironi Herzliya,English Wikipedia
1976/1977,1976,Liga Alef,North,4,Hapoel Beit She'an,English Wikipedia
1976/1977,1976,Liga Alef,North,5,Maccabi Herzliya,English Wikipedia
1976/1977,1976,Liga Alef,North,6,Hapoel Afikim,English Wikipedia
1976/1977,1976,Liga Alef,North,7,Hapoel Tel Hanan,English Wikipedia
1976/1977,1976,Liga Alef,North,8,Hapoel Bnei Nazareth,English Wikipedia
1976/1977,1976,Liga Alef,North,9,Hapoel Nahariya,English Wikipedia
1976/1977,1976,Liga Alef,North,10,Hapoel Ra'anana,English Wikipedia
1976/1977,1976,Liga Alef,North,11,Hapoel Nof HaGalil,English Wikipedia
1976/1977,1976,Liga Alef,North,12,Hapoel Nahliel,English Wikipedia
1976/1977,1976,Liga Alef,North,13,Hapoel Mahane Yehuda,English Wikipedia
1976/1977,1976,Liga Alef,North,14,Hapoel Safed,English Wikipedia
1976/1977,1976,Liga Alef,South,1,Hapoel Beit Shemesh,English Wikipedia
1976/1977,1976,Liga Alef,South,2,Maccabi Yavne,English Wikipedia
1976/1977,1976,Liga Alef,South,3,Hapoel Bat Yam,English Wikipedia
1976/1977,1976,Liga Alef,South,4,Sektzia Nes Tziona,English Wikipedia
1976/1977,1976,Liga Alef,South,5,Hapoel Marmorek,English Wikipedia
1976/1977,1976,Liga Alef,South,6,Hapoel Ashkelon,English Wikipedia
1976/1977,1976,Liga Alef,South,7,Beitar Ramla,English Wikipedia
1976/1977,1976,Liga Alef,South,8,Beitar Ashdod,English Wikipedia
1976/1977,1976,Liga Alef,South,9,Hapoel Ramla,English Wikipedia
1976/1977,1976,Liga Alef,South,10,Maccabi HaShikma Hen,English Wikipedia
1976/1977,1976,Liga Alef,South,11,Hapoel Or Yehuda,English Wikipedia
1976/1977,1976,Liga Alef,South,12,Hapoel Rosh HaAyin,English Wikipedia
1976/1977,1976,Liga Alef,South,13,Hapoel Dimona,English Wikipedia
1976/1977,1976,Liga Alef,South,14,Hapoel Be'er Ya'akov,English Wikipedia
1976/1977,1976,Liga Artzit,,1,Hapoel Hadera,Hebrew Wikipedia
1976/1977,1976,Liga Artzit,,2,Bnei Yehuda Tel Aviv,Hebrew Wikipedia
1976/1977,1976,Liga Artzit,,3,Hapoel Ramat Gan,Hebrew Wikipedia
1976/1977,1976,Liga Artzit,,4,Maccabi Sha'arayim,Hebrew Wikipedia
1976/1977,1976,Liga Artzit,,5,Hapoel Petah Tikva,Hebrew Wikipedia
1976/1977,1976,Liga Artzit,,6,Hapoel Holon,Hebrew Wikipedia
1976/1977,1976,Liga Artzit,,7,Hapoel Netanya,Hebrew Wikipedia
1976/1977,1976,Liga Artzit,,8,Hapoel Rishon LeZion,Hebrew Wikipedia
1976/1977,1976,Liga Artzit,,9,Maccabi Ramat Amidar,Hebrew Wikipedia
1976/1977,1976,Liga Artzit,,10,Hapoel Ashdod,Hebrew Wikipedia
1976/1977,1976,Liga Artzit,,11,Beitar Netanya,Hebrew Wikipedia
1976/1977,1976,Liga Artzit,,11,Beitar Nes Tubruk,English Wikipedia
1976/1977,1976,Liga Artzit,,12,Maccabi Hadera,Hebrew Wikipedia
1976/1977,1976,Liga Bet,North Division A,1,Hapoel Tiberias,English Wikipedia
1976/1977,1976,Liga Bet,North Division A,2,Hapoel Kiryat Ata,English Wikipedia
1976/1977,1976,Liga Bet,North Division A,3,Hapoel Kiryat Yam,English Wikipedia
1976/1977,1976,Liga Bet,North Division A,4,Maccabi Neve Sha'anan Eldad,English Wikipedia
1976/1977,1976,Liga Bet,North Division A,5,Hapoel Hatzor,English Wikipedia
1976/1977,1976,Liga Bet,North Division A,6,Beitar Kiryat Shmona,English Wikipedia
1976/1977,1976,Liga Bet,North Division A,7,Beitar Nahariya,English Wikipedia
1976/1977,1976,Liga Bet,North Division A,8,Maccabi Ahi Nazareth,English Wikipedia
1976/1977,1976,Liga Bet,North Division A,9,Maccabi Hatzor,English Wikipedia
1976/1977,1976,Liga Bet,North Division A,10,Maccabi Tiberias,English Wikipedia
1976/1977,1976,Liga Bet,North Division A,11,Maccabi Kiryat Bialik,English Wikipedia
1976/1977,1976,Liga Bet,North Division A,12,Hapoel Majd al-Krum,English Wikipedia
1976/1977,1976,Liga Bet,North Division A,13,Hapoel Bnei Acre,English Wikipedia
1976/1977,1976,Liga Bet,North Division A,14,Beitar Tiberias,English Wikipedia
1976/1977,1976,Liga Bet,North Division B,1,Hapoel Beit Eliezer,English Wikipedia
1976/1977,1976,Liga Bet,North Division B,2,Maccabi Zichron Ya'akov,English Wikipedia
1976/1977,1976,Liga Bet,North Division B,3,Hapoel Migdal HaEmek,English Wikipedia
1976/1977,1976,Liga Bet,North Division B,4,Hapoel Kafr Sulam,English Wikipedia
1976/1977,1976,Liga Bet,North Division B,5,Maccabi HaSharon Netanya,English Wikipedia
1976/1977,1976,Liga Bet,North Division B,6,Hapoel Umm al-Fahm,English Wikipedia
1976/1977,1976,Liga Bet,North Division B,7,Hapoel Givat Olga,English Wikipedia
1976/1977,1976,Liga Bet,North Division B,8,Hapoel Geva HaCarmel,English Wikipedia
1976/1977,1976,Liga Bet,North Division B,9,Hapoel Kafr Qara,English Wikipedia
1976/1977,1976,Liga Bet,North Division B,10,Hapoel HaTzair Haifa,English Wikipedia
1976/1977,1976,Liga Bet,North Division B,11,Hapoel Binyamina,English Wikipedia
1976/1977,1976,Liga Bet,North Division B,12,Hapoel Taibe,English Wikipedia
1976/1977,1976,Liga Bet,North Division B,13,Beitar Dov Netanya,English Wikipedia
1976/1977,1976,Liga Bet,North Division B,14,Hapoel Afula,English Wikipedia
1976/1977,1976,Liga Bet,South Division A,1,Hapoel Kiryat Ono,English Wikipedia
1976/1977,1976,Liga Bet,South Division A,2,Hapoel Ramat HaSharon,English Wikipedia
1976/1977,1976,Liga Bet,South Division A,3,Hapoel Holon,English Wikipedia
1976/1977,1976,Liga Bet,South Division A,4,Beitar Herzliya,English Wikipedia
1976/1977,1976,Liga Bet,South Division A,5,Beitar Mahane Yehuda,English Wikipedia
1976/1977,1976,Liga Bet,South Division A,6,Beitar Holon,English Wikipedia
1976/1977,1976,Liga Bet,South Division A,7,Hapoel Aliyah Kfar Saba,English Wikipedia
1976/1977,1976,Liga Bet,South Division A,8,Hapoel Kafr Qasim,English Wikipedia
1976/1977,1976,Liga Bet,South Division A,9,Beitar Jaffa,English Wikipedia
1976/1977,1976,Liga Bet,South Division A,10,Hapoel Kfar Shalem,English Wikipedia
1976/1977,1976,Liga Bet,South Division A,11,Beitar Bat Yam,English Wikipedia
1976/1977,1976,Liga Bet,South Division A,12,Beitar Ramat Gan,English Wikipedia
1976/1977,1976,Liga Bet,South Division A,13,Maccabi Yehud,English Wikipedia
1976/1977,1976,Liga Bet,South Division A,14,Hapoel Giv'atayim,English Wikipedia
1976/1977,1976,Liga Bet,South Division B,1,Hapoel Lod,English Wikipedia
1976/1977,1976,Liga Bet,South Division B,2,Maccabi Kiryat Gat,English Wikipedia
1976/1977,1976,Liga Bet,South Division B,3,Maccabi Ramla,English Wikipedia
1976/1977,1976,Liga Bet,South Division B,4,Maccabi Ashkelon,English Wikipedia
1976/1977,1976,Liga Bet,South Division B,5,Beitar Be'er Sheva,English Wikipedia
1976/1977,1976,Liga Bet,South Division B,6,Hapoel Merhavim,English Wikipedia
1976/1977,1976,Liga Bet,South Division B,7,Hapoel Kiryat Malakhi,English Wikipedia
1976/1977,1976,Liga Bet,South Division B,8,Hapoel Eilat,English Wikipedia
1976/1977,1976,Liga Bet,South Division B,9,Hapoel Ofakim,English Wikipedia
1976/1977,1976,Liga Bet,South Division B,10,Hapoel Kiryat Gat,English Wikipedia
1976/1977,1976,Liga Bet,South Division B,11,Hapoel Gedera,English Wikipedia
1976/1977,1976,Liga Bet,South Division B,12,Maccabi Rehovot,English Wikipedia
1976/1977,1976,Liga Bet,South Division B,13,Beitar Ashkelon,English Wikipedia
1976/1977,1976,Liga Bet,South Division B,14,F.C. Shikun HaMizrah,English Wikipedia
1976/1977,1976,Liga Gimel,Bay,1,Hapoel Sakhnin,English Wikipedia
1976/1977,1976,Liga Gimel,Bay,2,Hapoel Shefa-'Amr,English Wikipedia
1976/1977,1976,Liga Gimel,Bay,3,Maccabi Sakhnin,English Wikipedia
1976/1977,1976,Liga Gimel,Bay,4,Maccabi Acre,English Wikipedia
1976/1977,1976,Liga Gimel,Bay,5,Maccabi Tzur Shalom,English Wikipedia
1976/1977,1976,Liga Gimel,Bay,6,Maccabi Ben Ami,English Wikipedia
1976/1977,1976,Liga Gimel,Bay,7,Hapoel Abu Snan,English Wikipedia
1976/1977,1976,Liga Gimel,Bay,8,Hapoel Makr,English Wikipedia
1976/1977,1976,Liga Gimel,Bay,9,Maccabi Shefa-'Amr,English Wikipedia
1976/1977,1976,Liga Gimel,Bay,10,Hapoel Kiryat Tiv'on,English Wikipedia
1976/1977,1976,Liga Gimel,Bay,11,Hapoel Rechasim,English Wikipedia
1976/1977,1976,Liga Gimel,Bay,12,Maccabi Tel Hanan,English Wikipedia
1976/1977,1976,Liga Gimel,Bay,13,Hapoel Sha'ab,English Wikipedia
1976/1977,1976,Liga Gimel,Bay,14,Beitar Haifa,English Wikipedia
1976/1977,1976,Liga Gimel,Central,1,Beitar Katamonim,English Wikipedia
1976/1977,1976,Liga Gimel,Central,2,Maccabi Kiryat Ekron,English Wikipedia
1976/1977,1976,Liga Gimel,Central,3,Maccabi Lod,English Wikipedia
1976/1977,1976,Liga Gimel,Central,4,Agudat Sport Moshe Rehovot,English Wikipedia
1976/1977,1976,Liga Gimel,Central,5,Hapoel Sde Uziyah,English Wikipedia
1976/1977,1976,Liga Gimel,Central,6,ASA Jerusalem,English Wikipedia
1976/1977,1976,Liga Gimel,Central,7,Hapoel Mevaseret Zion,English Wikipedia
1976/1977,1976,Liga Gimel,Central,8,Hapoel Azrikam,English Wikipedia
1976/1977,1976,Liga Gimel,Central,9,Maccabi Jerusalem,English Wikipedia
1976/1977,1976,Liga Gimel,Central,10,Hapoel HaShalom Ramla,English Wikipedia
1976/1977,1976,Liga Gimel,Central,11,Maccabi Beit Shemesh,English Wikipedia
1976/1977,1976,Liga Gimel,Central,12,Hapoel Yehuda,English Wikipedia
1976/1977,1976,Liga Gimel,Central,13,Hapoel Matzliah,English Wikipedia
1976/1977,1976,Liga Gimel,Central,14,Hapoel Zichronot,English Wikipedia
1976/1977,1976,Liga Gimel,Dan,1,Maccabi Lazarus Holon,English Wikipedia
1976/1977,1976,Liga Gimel,Dan,2,Maccabi Bat Yam,English Wikipedia
1976/1977,1976,Liga Gimel,Dan,3,Hapoel Kiryat Shalom,English Wikipedia
1976/1977,1976,Liga Gimel,Dan,4,Hapoel Azor,English Wikipedia
1976/1977,1976,Liga Gimel,Dan,5,Maccabi Rishon LeZion,English Wikipedia
1976/1977,1976,Liga Gimel,Dan,6,Hapoel Ihud Tzeirei Jaffa,English Wikipedia
1976/1977,1976,Liga Gimel,Dan,7,Beitar Lod,English Wikipedia
1976/1977,1976,Liga Gimel,Dan,8,Hapoel Neve Golan,English Wikipedia
1976/1977,1976,Liga Gimel,Dan,9,Maccabi Ben Zvi,English Wikipedia
1976/1977,1976,Liga Gimel,Dan,10,Hapoel Bnei Zion,English Wikipedia
1976/1977,1976,Liga Gimel,Dan,11,Hapoel HaTzafon Tel Aviv,English Wikipedia
1976/1977,1976,Liga Gimel,Dan,12,Maccabi Holon,English Wikipedia
1976/1977,1976,Liga Gimel,Dan,13,Bnei Lod,English Wikipedia
1976/1977,1976,Liga Gimel,Dan,14,Hapoel Afeka,English Wikipedia
1976/1977,1976,Liga Gimel,Galilee,1,Maccabi Sektzia Ma'alot-Tarshiha,English Wikipedia
1976/1977,1976,Liga Gimel,Galilee,2,Hapoel Yardena,English Wikipedia
1976/1977,1976,Liga Gimel,Galilee,3,Maccabi Beit She'an,English Wikipedia
1976/1977,1976,Liga Gimel,Galilee,4,Maccabi Safed,English Wikipedia
1976/1977,1976,Liga Gimel,Galilee,5,Hapoel Ein Harod,English Wikipedia
1976/1977,1976,Liga Gimel,Galilee,6,Hapoel Karmiel,English Wikipedia
1976/1977,1976,Liga Gimel,Galilee,7,Maccabi Karmiel,English Wikipedia
1976/1977,1976,Liga Gimel,Galilee,8,Hapoel Kafr Sumei,English Wikipedia
1976/1977,1976,Liga Gimel,Galilee,9,Hapoel Tur'an,English Wikipedia
1976/1977,1976,Liga Gimel,Galilee,10,Hapoel Yir'on,English Wikipedia
1976/1977,1976,Liga Gimel,Galilee,11,Hapoel Shlomi,English Wikipedia
1976/1977,1976,Liga Gimel,Galilee,12,Hapoel Kfar HaNasi,English Wikipedia
1976/1977,1976,Liga Gimel,Galilee,13,Beitar Hatzor,English Wikipedia
1976/1977,1976,Liga Gimel,Galilee,14,Hapoel Ne'ot Mordechai,English Wikipedia
1976/1977,1976,Liga Gimel,Haifa,1,Hapoel Kfar Ruppin,English Wikipedia
1976/1977,1976,Liga Gimel,Haifa,2,Hapoel Daliyat al-Karmel,English Wikipedia
1976/1977,1976,Liga Gimel,Haifa,3,Hapoel HaTzair Daliyat al-Karmel,English Wikipedia
1976/1977,1976,Liga Gimel,Haifa,4,Hapoel Ahva Haifa,English Wikipedia
1976/1977,1976,Liga Gimel,Haifa,5,Beitar al-Amal Nazareth,English Wikipedia
1976/1977,1976,Liga Gimel,Haifa,6,Hapoel Ein Mahil,English Wikipedia
1976/1977,1976,Liga Gimel,Haifa,7,Hapoel Yokne'am,English Wikipedia
1976/1977,1976,Liga Gimel,Haifa,8,Beitar Daliyat al-Karmel,English Wikipedia
1976/1977,1976,Liga Gimel,Haifa,9,Hapoel Arrabe,English Wikipedia
1976/1977,1976,Liga Gimel,Haifa,10,Maccabi Kafr Kanna,English Wikipedia
1976/1977,1976,Liga Gimel,Haifa,11,Maccabi Afula,English Wikipedia
1976/1977,1976,Liga Gimel,Haifa,12,Hapoel Ta'anachim,English Wikipedia
1976/1977,1976,Liga Gimel,Haifa,13,Hapoel Isfiya,English Wikipedia
1976/1977,1976,Liga Gimel,Haifa,14,Hapoel Bnei Nein,English Wikipedia
1976/1977,1976,Liga Gimel,Samaria,1,Hapoel Givat Haim,English Wikipedia
1976/1977,1976,Liga Gimel,Samaria,2,Hapoel Atlit,English Wikipedia
1976/1977,1976,Liga Gimel,Samaria,3,Beitar Binyamina,English Wikipedia
1976/1977,1976,Liga Gimel,Samaria,4,Maccabi Amidar Netanya,English Wikipedia
1976/1977,1976,Liga Gimel,Samaria,5,Maccabi Fureidis,English Wikipedia
1976/1977,1976,Liga Gimel,Samaria,6,Maccabi Or Akiva,English Wikipedia
1976/1977,1976,Liga Gimel,Samaria,7,Hapoel Halissa,English Wikipedia
1976/1977,1976,Liga Gimel,Samaria,8,Beitar Pardes Hanna,English Wikipedia
1976/1977,1976,Liga Gimel,Samaria,9,Hapoel Baqa al-Gharbiyye,English Wikipedia
1976/1977,1976,Liga Gimel,Samaria,10,Bnei Umm al-Fahm,English Wikipedia
1976/1977,1976,Liga Gimel,Samaria,11,Maccabi Umm al-Fahm,English Wikipedia
1976/1977,1976,Liga Gimel,Samaria,12,Maccabi Tzofei Haifa,English Wikipedia
1976/1977,1976,Liga Gimel,Samaria,13,Hapoel Sela Hadera,English Wikipedia
1976/1977,1976,Liga Gimel,Samaria,14,Maccabi Pardes Hanna,English Wikipedia
1976/1977,1976,Liga Gimel,Sharon,1,Hapoel Ganei Tikva,English Wikipedia
1976/1977,1976,Liga Gimel,Sharon,2,Hapoel Jaljulia,English Wikipedia
1976/1977,1976,Liga Gimel,Sharon,3,Elitzur Bar Ilan,English Wikipedia
1976/1977,1976,Liga Gimel,Sharon,4,Beitar Kfar Saba,English Wikipedia
1976/1977,1976,Liga Gimel,Sharon,5,Hapoel Hod HaSharon,English Wikipedia
1976/1977,1976,Liga Gimel,Sharon,6,Hapoel Tel Mond,English Wikipedia
1976/1977,1976,Liga Gimel,Sharon,7,Hapoel Tira,English Wikipedia
1976/1977,1976,Liga Gimel,Sharon,8,Maccabi Ramat HaSharon,English Wikipedia
1976/1977,1976,Liga Gimel,Sharon,9,Hapoel Tnuvot,English Wikipedia
1976/1977,1976,Liga Gimel,Sharon,10,Hapoel Ge'ulim,English Wikipedia
1976/1977,1976,Liga Gimel,Sharon,11,Hapoel Sdei Hemed,English Wikipedia
1976/1977,1976,Liga Gimel,Sharon,12,Hapoel Kadima,English Wikipedia
1976/1977,1976,Liga Gimel,Sharon,13,Sport Club Even Yehuda,English Wikipedia
1976/1977,1976,Liga Gimel,Sharon,14,Maccabi Kfar Yona,English Wikipedia
1976/1977,1976,Liga Gimel,South,1,Hapoel Yeruham,English Wikipedia
1976/1977,1976,Liga Gimel,South,2,Maccabi Be'er Sheva,English Wikipedia
1976/1977,1976,Liga Gimel,South,3,Hapoel Bnei Lakhish,English Wikipedia
1976/1977,1976,Liga Gimel,South,4,Maccabi Dimona,English Wikipedia
1976/1977,1976,Liga Gimel,South,5,Hapoel Be'eri,English Wikipedia
1976/1977,1976,Liga Gimel,South,6,Hapoel Sderot,English Wikipedia
1976/1977,1976,Liga Gimel,South,7,Maccabi Eilat,English Wikipedia
1976/1977,1976,Liga Gimel,South,8,Maccabi Kiryat Malakhi,English Wikipedia
1976/1977,1976,Liga Gimel,South,9,Hapoel Patish,English Wikipedia
1976/1977,1976,Liga Gimel,South,10,Hapoel Hatzav,English Wikipedia
1976/1977,1976,Liga Gimel,South,11,Beitar Kiryat Gat,English Wikipedia
1976/1977,1976,Liga Gimel,South,12,Hapoel Netivot,English Wikipedia
1976/1977,1976,Liga Gimel,South,13,Beitar Ofakim,English Wikipedia
1976/1977,1976,Liga Gimel,South,14,Hapoel Arad,English Wikipedia
1976/1977,1976,Liga Leumit,,1,Maccabi Tel Aviv,RSSSF
1976/1977,1976,Liga Leumit,,2,Maccabi Jaffa,RSSSF
1976/1977,1976,Liga Leumit,,3,Beitar Jerusalem,RSSSF
1976/1977,1976,Liga Leumit,,4,Beitar Tel Aviv,RSSSF
1976/1977,1976,Liga Leumit,,5,Maccabi Netanya,RSSSF
1976/1977,1976,Liga Leumit,,6,Hapoel Tel Aviv,RSSSF
1976/1977,1976,Liga Leumit,,7,Hapoel Yehud,RSSSF
1976/1977,1976,Liga Leumit,,8,Shimshon Tel Aviv,RSSSF
1976/1977,1976,Liga Leumit,,9,Hapoel Haifa,RSSSF
1976/1977,1976,Liga Leumit,,10,Hapoel Jerusalem,RSSSF
1976/1977,1976,Liga Leumit,,11,Hapoel Acre,RSSSF
1976/1977,1976,Liga Leumit,,12,Hakoah Ramat Gan,RSSSF
1976/1977,1976,Liga Leumit,,13,Hapoel Be'er Sheva,RSSSF
1976/1977,1976,Liga Leumit,,14,Hapoel Kfar Saba,RSSSF
1976/1977,1976,Liga Leumit,,15,Maccabi Haifa,RSSSF
1976/1977,1976,Liga Leumit,,16,Maccabi Petah Tikva,RSSSF
1977/1978,1977,Liga Alef,North,1,Hapoel Tiberias,English Wikipedia
1977/1978,1977,Liga Alef,North,2,Maccabi Herzliya,English Wikipedia
1977/1978,1977,Liga Alef,North,3,Hapoel Beit She'an,English Wikipedia
1977/1978,1977,Liga Alef,North,4,Beitar Nes Tubruk,English Wikipedia
1977/1978,1977,Liga Alef,North,5,Hapoel Nahariya,English Wikipedia
1977/1978,1977,Liga Alef,North,6,Hapoel Nof HaGalil,English Wikipedia
1977/1978,1977,Liga Alef,North,7,Hapoel Kiryat Shmona,English Wikipedia
1977/1978,1977,Liga Alef,North,8,Hapoel Ra'anana,English Wikipedia
1977/1978,1977,Liga Alef,North,9,Hapoel Nahliel,English Wikipedia
1977/1978,1977,Liga Alef,North,10,Hapoel Afikim,English Wikipedia
1977/1978,1977,Liga Alef,North,11,Maccabi Hadera,English Wikipedia
1977/1978,1977,Liga Alef,North,12,Hapoel Tel Hanan,English Wikipedia
1977/1978,1977,Liga Alef,North,13,Hapoel Bnei Nazareth,English Wikipedia
1977/1978,1977,Liga Alef,North,14,Hapoel Beit Eliezer,English Wikipedia
1977/1978,1977,Liga Alef,South,1,Hapoel Marmorek,English Wikipedia
1977/1978,1977,Liga Alef,South,2,Hapoel Lod,English Wikipedia
1977/1978,1977,Liga Alef,South,3,Hapoel Bat Yam,English Wikipedia
1977/1978,1977,Liga Alef,South,4,Hapoel Ashkelon,English Wikipedia
1977/1978,1977,Liga Alef,South,5,Hapoel Ramla,English Wikipedia
1977/1978,1977,Liga Alef,South,6,Hapoel Kiryat Ono,English Wikipedia
1977/1978,1977,Liga Alef,South,7,Maccabi Yavne,English Wikipedia
1977/1978,1977,Liga Alef,South,8,Sektzia Nes Tziona,English Wikipedia
1977/1978,1977,Liga Alef,South,9,Beitar Ashdod,English Wikipedia
1977/1978,1977,Liga Alef,South,10,Hapoel Or Yehuda,English Wikipedia
1977/1978,1977,Liga Alef,South,11,Hapoel Ironi Herzliya,English Wikipedia
1977/1978,1977,Liga Alef,South,12,Beitar Ramla,English Wikipedia
1977/1978,1977,Liga Alef,South,13,Maccabi HaShikma Hen,English Wikipedia
1977/1978,1977,Liga Alef,South,14,Hapoel Rosh HaAyin,English Wikipedia
1977/1978,1977,Liga Artzit,,1,Bnei Yehuda Tel Aviv,Hebrew Wikipedia
1977/1978,1977,Liga Artzit,,2,Maccabi Petah Tikva,Hebrew Wikipedia
1977/1978,1977,Liga Artzit,,3,Hapoel Kfar Saba,Hebrew Wikipedia
1977/1978,1977,Liga Artzit,,4,Hapoel Rishon LeZion,Hebrew Wikipedia
1977/1978,1977,Liga Artzit,,5,Hapoel Petah Tikva,Hebrew Wikipedia
1977/1978,1977,Liga Artzit,,6,Maccabi Haifa,Hebrew Wikipedia
1977/1978,1977,Liga Artzit,,7,Maccabi Ramat Amidar,Hebrew Wikipedia
1977/1978,1977,Liga Artzit,,8,Hapoel Holon,Hebrew Wikipedia
1977/1978,1977,Liga Artzit,,9,Hapoel Netanya,Hebrew Wikipedia
1977/1978,1977,Liga Artzit,,10,Hapoel Tirat Carmel,Hebrew Wikipedia
1977/1978,1977,Liga Artzit,,11,Hapoel Ashdod,Hebrew Wikipedia
1977/1978,1977,Liga Artzit,,12,Hapoel Ramat Gan,Hebrew Wikipedia
1977/1978,1977,Liga Artzit,,13,Hapoel Beit Shemesh,Hebrew Wikipedia
1977/1978,1977,Liga Artzit,,14,Maccabi Sha'arayim,Hebrew Wikipedia
1977/1978,1977,Liga Bet,North Division A,1,Hapoel Kiryat Ata,English Wikipedia
1977/1978,1977,Liga Bet,North Division A,2,Maccabi Ahi Nazareth,English Wikipedia
1977/1978,1977,Liga Bet,North Division A,3,Hapoel Safed,English Wikipedia
1977/1978,1977,Liga Bet,North Division A,4,Hapoel Kfar Kama,English Wikipedia
1977/1978,1977,Liga Bet,North Division A,5,Maccabi Hatzor,English Wikipedia
1977/1978,1977,Liga Bet,North Division A,6,Maccabi Neve Sha'anan Eldad,English Wikipedia
1977/1978,1977,Liga Bet,North Division A,7,Hapoel Sakhnin,English Wikipedia
1977/1978,1977,Liga Bet,North Division A,8,Maccabi Tiberias,English Wikipedia
1977/1978,1977,Liga Bet,North Division A,9,Beitar Kiryat Shmona,English Wikipedia
1977/1978,1977,Liga Bet,North Division A,10,Maccabi Sektzia Ma'alot-Tarshiha,English Wikipedia
1977/1978,1977,Liga Bet,North Division A,11,Maccabi Kiryat Bialik,English Wikipedia
1977/1978,1977,Liga Bet,North Division A,12,Hapoel Hatzor,English Wikipedia
1977/1978,1977,Liga Bet,North Division A,13,Beitar Nahariya,English Wikipedia
1977/1978,1977,Liga Bet,North Division A,14,Hapoel Majd al-Krum,English Wikipedia
1977/1978,1977,Liga Bet,North Division B,1,Hapoel Givat Olga,English Wikipedia
1977/1978,1977,Liga Bet,North Division B,2,Hapoel Givat Haim,English Wikipedia
1977/1978,1977,Liga Bet,North Division B,3,Hapoel Migdal HaEmek,English Wikipedia
1977/1978,1977,Liga Bet,North Division B,4,Hapoel Umm al-Fahm,English Wikipedia
1977/1978,1977,Liga Bet,North Division B,5,Hapoel Taibe,English Wikipedia
1977/1978,1977,Liga Bet,North Division B,6,Hapoel Kafr Qara,English Wikipedia
1977/1978,1977,Liga Bet,North Division B,7,Hapoel Kafr Sulam,English Wikipedia
1977/1978,1977,Liga Bet,North Division B,8,Maccabi Zichron Ya'akov,English Wikipedia
1977/1978,1977,Liga Bet,North Division B,9,Hapoel HaTzair Haifa,English Wikipedia
1977/1978,1977,Liga Bet,North Division B,10,Maccabi HaSharon Netanya,English Wikipedia
1977/1978,1977,Liga Bet,North Division B,11,Hapoel Kiryat Yam,English Wikipedia
1977/1978,1977,Liga Bet,North Division B,12,Hapoel Aliyah Kfar Saba,English Wikipedia
1977/1978,1977,Liga Bet,North Division B,13,Hapoel Geva HaCarmel,English Wikipedia
1977/1978,1977,Liga Bet,North Division B,14,Hapoel Binyamina,English Wikipedia
1977/1978,1977,Liga Bet,South Division A,1,Hapoel Kafr Qasim,English Wikipedia
1977/1978,1977,Liga Bet,South Division A,2,Maccabi Lazarus Holon,English Wikipedia
1977/1978,1977,Liga Bet,South Division A,3,Hapoel Ramat HaSharon,English Wikipedia
1977/1978,1977,Liga Bet,South Division A,4,Beitar Bat Yam,English Wikipedia
1977/1978,1977,Liga Bet,South Division A,5,Beitar Jaffa,English Wikipedia
1977/1978,1977,Liga Bet,South Division A,6,Hapoel Holon,English Wikipedia
1977/1978,1977,Liga Bet,South Division A,7,Hapoel Ganei Tikva,English Wikipedia
1977/1978,1977,Liga Bet,South Division A,8,Hapoel Kfar Shalem,English Wikipedia
1977/1978,1977,Liga Bet,South Division A,9,Beitar Herzliya,English Wikipedia
1977/1978,1977,Liga Bet,South Division A,10,Beitar Holon,English Wikipedia
1977/1978,1977,Liga Bet,South Division A,11,Hapoel Mahane Yehuda,English Wikipedia
1977/1978,1977,Liga Bet,South Division A,12,Hapoel Be'er Ya'akov,English Wikipedia
1977/1978,1977,Liga Bet,South Division A,13,Beitar Mahane Yehuda,English Wikipedia
1977/1978,1977,Liga Bet,South Division A,14,Beitar Ramat Gan,English Wikipedia
1977/1978,1977,Liga Bet,South Division B,1,Maccabi Kiryat Gat,English Wikipedia
1977/1978,1977,Liga Bet,South Division B,2,Hapoel Dimona,English Wikipedia
1977/1978,1977,Liga Bet,South Division B,3,Beitar Be'er Sheva,English Wikipedia
1977/1978,1977,Liga Bet,South Division B,4,Hapoel Merhavim,English Wikipedia
1977/1978,1977,Liga Bet,South Division B,5,Hapoel Yeruham,English Wikipedia
1977/1978,1977,Liga Bet,South Division B,6,Hapoel Gedera,English Wikipedia
1977/1978,1977,Liga Bet,South Division B,7,Beitar Katamonim,English Wikipedia
1977/1978,1977,Liga Bet,South Division B,8,Maccabi Rehovot,English Wikipedia
1977/1978,1977,Liga Bet,South Division B,9,Maccabi Ashkelon,English Wikipedia
1977/1978,1977,Liga Bet,South Division B,10,Maccabi Ramla,English Wikipedia
1977/1978,1977,Liga Bet,South Division B,11,Hapoel Ofakim,English Wikipedia
1977/1978,1977,Liga Bet,South Division B,12,Hapoel Kiryat Malakhi,English Wikipedia
1977/1978,1977,Liga Bet,South Division B,13,Hapoel Eilat,English Wikipedia
1977/1978,1977,Liga Bet,South Division B,14,Hapoel Kiryat Gat,English Wikipedia
1977/1978,1977,Liga Gimel,Bay,1,Maccabi Shefa-'Amr,English Wikipedia
1977/1978,1977,Liga Gimel,Bay,2,Maccabi Acre,English Wikipedia
1977/1978,1977,Liga Gimel,Bay,3,Maccabi Ben Ami,English Wikipedia
1977/1978,1977,Liga Gimel,Bay,4,Hapoel Makr,English Wikipedia
1977/1978,1977,Liga Gimel,Bay,5,Maccabi Sakhnin,English Wikipedia
1977/1978,1977,Liga Gimel,Bay,6,Beitar Haifa,English Wikipedia
1977/1978,1977,Liga Gimel,Bay,7,Hapoel Bnei Tamra,English Wikipedia
1977/1978,1977,Liga Gimel,Bay,8,Hapoel Abu Snan,English Wikipedia
1977/1978,1977,Liga Gimel,Bay,9,Hapoel Bnei Acre,English Wikipedia
1977/1978,1977,Liga Gimel,Bay,10,Maccabi Tzur Shalom,English Wikipedia
1977/1978,1977,Liga Gimel,Bay,11,Hapoel HaTzair Daliyat al-Karmel,English Wikipedia
1977/1978,1977,Liga Gimel,Bay,12,Maccabi Tel Hanan,English Wikipedia
1977/1978,1977,Liga Gimel,Bay,13,Hapoel Sha'ab,English Wikipedia
1977/1978,1977,Liga Gimel,Bay,14,Hapoel Rechasim,English Wikipedia
1977/1978,1977,Liga Gimel,Central,1,Maccabi Shikun HaMizrah,English Wikipedia
1977/1978,1977,Liga Gimel,Central,2,Hapoel Sde Uziyah,English Wikipedia
1977/1978,1977,Liga Gimel,Central,3,Beitar Lod,English Wikipedia
1977/1978,1977,Liga Gimel,Central,4,Maccabi Kiryat Ekron,English Wikipedia
1977/1978,1977,Liga Gimel,Central,5,Maccabi Jerusalem,English Wikipedia
1977/1978,1977,Liga Gimel,Central,6,Agudat Sport Moshe Rehovoto,English Wikipedia
1977/1978,1977,Liga Gimel,Central,7,Hapoel Azrikam,English Wikipedia
1977/1978,1977,Liga Gimel,Central,8,ASA Jerusalem,English Wikipedia
1977/1978,1977,Liga Gimel,Central,9,Hapoel Mevaseret Zion,English Wikipedia
1977/1978,1977,Liga Gimel,Central,10,Maccabi Beit Shemesh,English Wikipedia
1977/1978,1977,Liga Gimel,Central,11,Hapoel Hatzav,English Wikipedia
1977/1978,1977,Liga Gimel,Central,12,Maccabi Ashdod,English Wikipedia
1977/1978,1977,Liga Gimel,Central,13,Hapoel Yehuda,English Wikipedia
1977/1978,1977,Liga Gimel,Dan,1,Hapoel Azor,English Wikipedia
1977/1978,1977,Liga Gimel,Dan,2,Maccabi Bat Yam,English Wikipedia
1977/1978,1977,Liga Gimel,Dan,3,Maccabi Holon,English Wikipedia
1977/1978,1977,Liga Gimel,Dan,4,Hapoel Kiryat Shalom,English Wikipedia
1977/1978,1977,Liga Gimel,Dan,5,Hapoel HaTzafon Tel Aviv,English Wikipedia
1977/1978,1977,Liga Gimel,Dan,6,Maccabi HaShikma Hen,English Wikipedia
1977/1978,1977,Liga Gimel,Dan,7,Maccabi Lod,English Wikipedia
1977/1978,1977,Liga Gimel,Dan,8,Hapoel Ihud Tzeirei Jaffa,English Wikipedia
1977/1978,1977,Liga Gimel,Dan,9,Hapoel Bnei Zion,English Wikipedia
1977/1978,1977,Liga Gimel,Dan,10,Maccabi Ben Zvi,English Wikipedia
1977/1978,1977,Liga Gimel,Dan,11,Hapoel Neve Golan,English Wikipedia
1977/1978,1977,Liga Gimel,Dan,12,Hapoel Nahlat Yehuda,English Wikipedia
1977/1978,1977,Liga Gimel,Dan,13,Bnei Lod,English Wikipedia
1977/1978,1977,Liga Gimel,Dan,14,Hapoel Tirat Shalom,English Wikipedia
1977/1978,1977,Liga Gimel,Galilee,1,Hapoel Afula,English Wikipedia
1977/1978,1977,Liga Gimel,Galilee,2,Maccabi Afula,English Wikipedia
1977/1978,1977,Liga Gimel,Galilee,3,Maccabi Safed,English Wikipedia
1977/1978,1977,Liga Gimel,Galilee,4,Hapoel Kinneret,English Wikipedia
1977/1978,1977,Liga Gimel,Galilee,5,Hapoel Yardena,English Wikipedia
1977/1978,1977,Liga Gimel,Galilee,6,Hapoel Shlomi,English Wikipedia
1977/1978,1977,Liga Gimel,Galilee,7,Hapoel Tur'an,English Wikipedia
1977/1978,1977,Liga Gimel,Galilee,8,Maccabi Beit She'an,English Wikipedia
1977/1978,1977,Liga Gimel,Galilee,9,Beitar Tiberias,English Wikipedia
1977/1978,1977,Liga Gimel,Galilee,10,Hapoel Kafr Sumei,English Wikipedia
1977/1978,1977,Liga Gimel,Galilee,11,Beitar Hatzor,English Wikipedia
1977/1978,1977,Liga Gimel,Galilee,12,Maccabi Karmiel,English Wikipedia
1977/1978,1977,Liga Gimel,Galilee,13,Hapoel Karmiel,English Wikipedia
1977/1978,1977,Liga Gimel,Galilee,14,Hapoel Yir'on,English Wikipedia
1977/1978,1977,Liga Gimel,Haifa,1,Hapoel Ein Mahil,English Wikipedia
1977/1978,1977,Liga Gimel,Haifa,2,Hapoel Daliyat al-Karmel,English Wikipedia
1977/1978,1977,Liga Gimel,Haifa,3,Hapoel Atlit,English Wikipedia
1977/1978,1977,Liga Gimel,Haifa,4,Beitar al-Amal Nazareth,English Wikipedia
1977/1978,1977,Liga Gimel,Haifa,5,Maccabi Kafr Kanna,English Wikipedia
1977/1978,1977,Liga Gimel,Haifa,6,Hapoel Halissa,English Wikipedia
1977/1978,1977,Liga Gimel,Haifa,7,Hapoel Arraba,English Wikipedia
1977/1978,1977,Liga Gimel,Haifa,8,Hapoel Kafr Kanna,English Wikipedia
1977/1978,1977,Liga Gimel,Haifa,9,Hapoel Yafa,English Wikipedia
1977/1978,1977,Liga Gimel,Haifa,10,Beitar Daliyat al-Karmel,English Wikipedia
1977/1978,1977,Liga Gimel,Haifa,11,Hapoel Ta'anachim,English Wikipedia
1977/1978,1977,Liga Gimel,Haifa,12,Hapoel Kiryat Tiv'on,English Wikipedia
1977/1978,1977,Liga Gimel,Haifa,13,Hapoel Ahva Haifa,English Wikipedia
1977/1978,1977,Liga Gimel,Samaria,1,Maccabi Or Akiva,English Wikipedia
1977/1978,1977,Liga Gimel,Samaria,2,Beitar Pardes Hanna,English Wikipedia
1977/1978,1977,Liga Gimel,Samaria,3,Maccabi Fureidis,English Wikipedia
1977/1978,1977,Liga Gimel,Samaria,4,Maccabi Umm al-Fahm,English Wikipedia
1977/1978,1977,Liga Gimel,Samaria,5,Hapoel Sela Hadera,English Wikipedia
1977/1978,1977,Liga Gimel,Samaria,6,Maccabi Pardes Hanna,English Wikipedia
1977/1978,1977,Liga Gimel,Samaria,7,Hapoel Yokne'am,English Wikipedia
1977/1978,1977,Liga Gimel,Samaria,8,Beitar Binyamina,English Wikipedia
1977/1978,1977,Liga Gimel,Samaria,9,Hapoel Lehavot Haviva,English Wikipedia
1977/1978,1977,Liga Gimel,Samaria,10,Beitar Dov Netanya,English Wikipedia
1977/1978,1977,Liga Gimel,Samaria,11,Hapoel Baqa al-Gharbiyye,English Wikipedia
1977/1978,1977,Liga Gimel,Samaria,12,Hapoel Fureidis,English Wikipedia
1977/1978,1977,Liga Gimel,Samaria,13,Hapoel Isfiya,English Wikipedia
1977/1978,1977,Liga Gimel,Sharon,1,Hapoel Tira,English Wikipedia
1977/1978,1977,Liga Gimel,Sharon,2,Hapoel Jaljulia,English Wikipedia
1977/1978,1977,Liga Gimel,Sharon,3,Maccabi Ramat HaSharon,English Wikipedia
1977/1978,1977,Liga Gimel,Sharon,4,Hapoel Hod HaSharon,English Wikipedia
1977/1978,1977,Liga Gimel,Sharon,5,Hapoel Tnuvot,English Wikipedia
1977/1978,1977,Liga Gimel,Sharon,6,Hapoel Tel Mond,English Wikipedia
1977/1978,1977,Liga Gimel,Sharon,7,Beitar Kfar Saba,English Wikipedia
1977/1978,1977,Liga Gimel,Sharon,8,Maccabi Amidar Netanya,English Wikipedia
1977/1978,1977,Liga Gimel,Sharon,9,Hapoel Ge'ulim,English Wikipedia
1977/1978,1977,Liga Gimel,Sharon,10,Elitzur Bar Ilan,English Wikipedia
1977/1978,1977,Liga Gimel,Sharon,11,Maccabi Yehud,English Wikipedia
1977/1978,1977,Liga Gimel,Sharon,12,Hapoel Sdei Hemed,English Wikipedia
1977/1978,1977,Liga Gimel,Sharon,13,Hapoel Kadima,English Wikipedia
1977/1978,1977,Liga Gimel,South,1,Maccabi Be'er Sheva,English Wikipedia
1977/1978,1977,Liga Gimel,South,2,Hapoel Bnei Lakhish,English Wikipedia
1977/1978,1977,Liga Gimel,South,3,Hapoel Be'eri,English Wikipedia
1977/1978,1977,Liga Gimel,South,4,Maccabi Dimona,English Wikipedia
1977/1978,1977,Liga Gimel,South,5,Beitar Ashkelon,English Wikipedia
1977/1978,1977,Liga Gimel,South,6,Beitar Ofakim,English Wikipedia
1977/1978,1977,Liga Gimel,South,7,Maccabi Kiryat Malakhi,English Wikipedia
1977/1978,1977,Liga Gimel,South,8,Hapoel Arad,English Wikipedia
1977/1978,1977,Liga Gimel,South,9,Hapoel Netivot,English Wikipedia
1977/1978,1977,Liga Gimel,South,10,Maccabi Eilat,English Wikipedia
1977/1978,1977,Liga Gimel,South,11,Beitar Kiryat Gat,English Wikipedia
1977/1978,1977,Liga Gimel,South,12,Hapoel Patish,English Wikipedia
1977/1978,1977,Liga Gimel,South,13,Hapoel Sderot,English Wikipedia
1977/1978,1977,Liga Gimel,South,14,Hapoel Bitha,English Wikipedia
1977/1978,1977,Liga Leumit,,1,Maccabi Netanya,RSSSF
1977/1978,1977,Liga Leumit,,2,Beitar Jerusalem,RSSSF
1977/1978,1977,Liga Leumit,,3,Maccabi Tel Aviv,RSSSF
1977/1978,1977,Liga Leumit,,4,Hapoel Yehud,RSSSF
1977/1978,1977,Liga Leumit,,5,Hapoel Be'er Sheva,RSSSF
1977/1978,1977,Liga Leumit,,6,Hapoel Jerusalem,RSSSF
1977/1978,1977,Liga Leumit,,7,Shimshon Tel Aviv,RSSSF
1977/1978,1977,Liga Leumit,,8,Beitar Tel Aviv,RSSSF
1977/1978,1977,Liga Leumit,,9,Hapoel Tel Aviv,RSSSF
1977/1978,1977,Liga Leumit,,10,Maccabi Jaffa,RSSSF
1977/1978,1977,Liga Leumit,,11,Hapoel Hadera,RSSSF
1977/1978,1977,Liga Leumit,,12,Hapoel Haifa,RSSSF
1977/1978,1977,Liga Leumit,,13,Hakoah Ramat Gan,RSSSF
1977/1978,1977,Liga Leumit,,14,Hapoel Acre,RSSSF
1978/1979,1978,Liga Alef,North,1,Hapoel Nof HaGalil,English Wikipedia
1978/1979,1978,Liga Alef,North,2,Hapoel Ironi Herzliya,English Wikipedia
1978/1979,1978,Liga Alef,North,3,Maccabi Hadera,English Wikipedia
1978/1979,1978,Liga Alef,North,4,Hapoel Givat Olga,English Wikipedia
1978/1979,1978,Liga Alef,North,5,Hapoel Nahariya,English Wikipedia
1978/1979,1978,Liga Alef,North,6,Hapoel Afikim,English Wikipedia
1978/1979,1978,Liga Alef,North,7,Beitar Nes Tubruk,English Wikipedia
1978/1979,1978,Liga Alef,North,8,Hapoel Ra'anana,English Wikipedia
1978/1979,1978,Liga Alef,North,9,Hapoel Kiryat Ata,English Wikipedia
1978/1979,1978,Liga Alef,North,10,Maccabi Ahi Nazareth,English Wikipedia
1978/1979,1978,Liga Alef,North,11,Hapoel Kiryat Shmona,English Wikipedia
1978/1979,1978,Liga Alef,North,12,Hapoel Tel Hanan,English Wikipedia
1978/1979,1978,Liga Alef,North,13,Hapoel Nahliel,English Wikipedia
1978/1979,1978,Liga Alef,North,14,Hapoel Givat Haim,English Wikipedia
1978/1979,1978,Liga Alef,South,1,Hapoel Beit Shemesh,English Wikipedia
1978/1979,1978,Liga Alef,South,2,Maccabi Kiryat Gat,English Wikipedia
1978/1979,1978,Liga Alef,South,3,Hapoel Kafr Qasim,English Wikipedia
1978/1979,1978,Liga Alef,South,4,Maccabi Sha'arayim,English Wikipedia
1978/1979,1978,Liga Alef,South,5,Beitar Ramla,English Wikipedia
1978/1979,1978,Liga Alef,South,6,Hapoel Ashkelon,English Wikipedia
1978/1979,1978,Liga Alef,South,7,Maccabi Lazarus Holon,English Wikipedia
1978/1979,1978,Liga Alef,South,8,Hapoel Ramla,English Wikipedia
1978/1979,1978,Liga Alef,South,9,Maccabi Yavne,English Wikipedia
1978/1979,1978,Liga Alef,South,10,Hapoel Dimona,English Wikipedia
1978/1979,1978,Liga Alef,South,11,Hapoel Or Yehuda,English Wikipedia
1978/1979,1978,Liga Alef,South,12,Hapoel Kiryat Ono,English Wikipedia
1978/1979,1978,Liga Alef,South,13,Sektzia Nes Tziona,English Wikipedia
1978/1979,1978,Liga Alef,South,14,Beitar Ashdod,English Wikipedia
1978/1979,1978,Liga Artzit,,1,Hakoah Ramat Gan,Hebrew Wikipedia
1978/1979,1978,Liga Artzit,,2,Maccabi Ramat Amidar,Hebrew Wikipedia
1978/1979,1978,Liga Artzit,,3,Hapoel Petah Tikva,Hebrew Wikipedia
1978/1979,1978,Liga Artzit,,4,Hapoel Holon,Hebrew Wikipedia
1978/1979,1978,Liga Artzit,,5,Maccabi Haifa,Hebrew Wikipedia
1978/1979,1978,Liga Artzit,,6,Maccabi Herzliya,Hebrew Wikipedia
1978/1979,1978,Liga Artzit,,7,Hapoel Acre,Hebrew Wikipedia
1978/1979,1978,Liga Artzit,,8,Hapoel Ramat Gan,Hebrew Wikipedia
1978/1979,1978,Liga Artzit,,9,Hapoel Tiberias,Hebrew Wikipedia
1978/1979,1978,Liga Artzit,,10,Hapoel Beit She'an,Hebrew Wikipedia
1978/1979,1978,Liga Artzit,,11,Hapoel Bat Yam,Hebrew Wikipedia
1978/1979,1978,Liga Artzit,,12,Hapoel Lod,Hebrew Wikipedia
1978/1979,1978,Liga Artzit,,13,Hapoel Tirat Carmel,Hebrew Wikipedia
1978/1979,1978,Liga Artzit,,14,Hapoel Marmorek,Hebrew Wikipedia
1978/1979,1978,Liga Artzit,,15,Hapoel Ashdod,Hebrew Wikipedia
1978/1979,1978,Liga Artzit,,16,Hapoel Netanya,Hebrew Wikipedia
1978/1979,1978,Liga Bet,North Division A,1,Hapoel Bnei Nazareth,English Wikipedia
1978/1979,1978,Liga Bet,North Division A,2,Hapoel Safed,English Wikipedia
1978/1979,1978,Liga Bet,North Division A,3,Maccabi Shefa-'Amr,English Wikipedia
1978/1979,1978,Liga Bet,North Division A,4,Hapoel Migdal HaEmek,English Wikipedia
1978/1979,1978,Liga Bet,North Division A,5,Maccabi Hatzor,English Wikipedia
1978/1979,1978,Liga Bet,North Division A,6,Hapoel Kfar Kama,English Wikipedia
1978/1979,1978,Liga Bet,North Division A,7,Maccabi Neve Sha'anan Eldad,English Wikipedia
1978/1979,1978,Liga Bet,North Division A,8,Hapoel Hatzor,English Wikipedia
1978/1979,1978,Liga Bet,North Division A,9,Beitar Kiryat Shmona,English Wikipedia
1978/1979,1978,Liga Bet,North Division A,10,Maccabi Ironi Kiryat Ata,English Wikipedia
1978/1979,1978,Liga Bet,North Division A,11,Maccabi Kiryat Bialik,English Wikipedia
1978/1979,1978,Liga Bet,North Division A,12,Maccabi Tiberias,English Wikipedia
1978/1979,1978,Liga Bet,North Division A,13,Maccabi Sektzia Ma'alot-Tarshiha,English Wikipedia
1978/1979,1978,Liga Bet,North Division A,14,Hapoel Sakhnin,English Wikipedia
1978/1979,1978,Liga Bet,North Division B,1,Hapoel Umm al-Fahm,English Wikipedia
1978/1979,1978,Liga Bet,North Division B,2,Hapoel Afula,English Wikipedia
1978/1979,1978,Liga Bet,North Division B,3,Hapoel Daliyat al-Karmel,English Wikipedia
1978/1979,1978,Liga Bet,North Division B,4,Maccabi Or Akiva,English Wikipedia
1978/1979,1978,Liga Bet,North Division B,5,Hapoel Kiryat Yam,English Wikipedia
1978/1979,1978,Liga Bet,North Division B,6,Maccabi HaSharon Netanya,English Wikipedia
1978/1979,1978,Liga Bet,North Division B,7,Hapoel Taibe,English Wikipedia
1978/1979,1978,Liga Bet,North Division B,8,Hapoel Kafr Sulam,English Wikipedia
1978/1979,1978,Liga Bet,North Division B,9,Hapoel Aliyah Kfar Saba,English Wikipedia
1978/1979,1978,Liga Bet,North Division B,10,Hapoel Kafr Qara,English Wikipedia
1978/1979,1978,Liga Bet,North Division B,11,Hapoel HaTzair Haifa,English Wikipedia
1978/1979,1978,Liga Bet,North Division B,12,Maccabi Zichron Ya'akov,English Wikipedia
1978/1979,1978,Liga Bet,North Division B,13,Hapoel Ein Mahil,English Wikipedia
1978/1979,1978,Liga Bet,South Division A,1,Hapoel Ramat HaSharon,English Wikipedia
1978/1979,1978,Liga Bet,South Division A,2,Hapoel Azor,English Wikipedia
1978/1979,1978,Liga Bet,South Division A,3,Hapoel Ganei Tikva,English Wikipedia
1978/1979,1978,Liga Bet,South Division A,4,Hapoel Mahane Yehuda,English Wikipedia
1978/1979,1978,Liga Bet,South Division A,5,Hapoel Kfar Shalem,English Wikipedia
1978/1979,1978,Liga Bet,South Division A,6,Hapoel Tira,English Wikipedia
1978/1979,1978,Liga Bet,South Division A,7,Maccabi HaShikma Hen,English Wikipedia
1978/1979,1978,Liga Bet,South Division A,8,Hapoel Rosh HaAyin,English Wikipedia
1978/1979,1978,Liga Bet,South Division A,9,Beitar Holon,English Wikipedia
1978/1979,1978,Liga Bet,South Division A,10,Hapoel Holon,English Wikipedia
1978/1979,1978,Liga Bet,South Division A,11,Beitar Jaffa,English Wikipedia
1978/1979,1978,Liga Bet,South Division A,12,Beitar Herzliya,English Wikipedia
1978/1979,1978,Liga Bet,South Division A,13,Maccabi Bat Yam,English Wikipedia
1978/1979,1978,Liga Bet,South Division A,14,Beitar Bat Yam,English Wikipedia
1978/1979,1978,Liga Bet,South Division B,1,Beitar Be'er Sheva,English Wikipedia
1978/1979,1978,Liga Bet,South Division B,2,Maccabi Be'er Sheva,English Wikipedia
1978/1979,1978,Liga Bet,South Division B,3,Hapoel Merhavim,English Wikipedia
1978/1979,1978,Liga Bet,South Division B,4,Hapoel Kiryat Malakhi,English Wikipedia
1978/1979,1978,Liga Bet,South Division B,5,Hapoel Ofakim,English Wikipedia
1978/1979,1978,Liga Bet,South Division B,6,Maccabi Rehovot,English Wikipedia
1978/1979,1978,Liga Bet,South Division B,7,Maccabi Ashkelon,English Wikipedia
1978/1979,1978,Liga Bet,South Division B,8,Hapoel Yeruham,English Wikipedia
1978/1979,1978,Liga Bet,South Division B,9,Maccabi Shikun HaMizrah,English Wikipedia
1978/1979,1978,Liga Bet,South Division B,10,Hapoel Gedera,English Wikipedia
1978/1979,1978,Liga Bet,South Division B,11,Hapoel Be'er Ya'akov,English Wikipedia
1978/1979,1978,Liga Bet,South Division B,12,Maccabi Ramla,English Wikipedia
1978/1979,1978,Liga Bet,South Division B,13,Beitar Katamonim,English Wikipedia
1978/1979,1978,Liga Bet,South Division B,14,Hapoel Bnei Lakhish,English Wikipedia
1978/1979,1978,Liga Leumit,,1,Maccabi Tel Aviv,RSSSF
1978/1979,1978,Liga Leumit,,2,Beitar Jerusalem,RSSSF
1978/1979,1978,Liga Leumit,,3,Maccabi Netanya,RSSSF
1978/1979,1978,Liga Leumit,,4,Bnei Yehuda Tel Aviv,RSSSF
1978/1979,1978,Liga Leumit,,5,Hapoel Haifa,RSSSF
1978/1979,1978,Liga Leumit,,6,Hapoel Tel Aviv,RSSSF
1978/1979,1978,Liga Leumit,,7,Maccabi Jaffa,RSSSF
1978/1979,1978,Liga Leumit,,8,Hapoel Yehud,RSSSF
1978/1979,1978,Liga Leumit,,9,Hapoel Be'er Sheva,RSSSF
1978/1979,1978,Liga Leumit,,10,Hapoel Kfar Saba,RSSSF
1978/1979,1978,Liga Leumit,,11,Beitar Tel Aviv,RSSSF
1978/1979,1978,Liga Leumit,,12,Shimshon Tel Aviv,RSSSF
1978/1979,1978,Liga Leumit,,13,Maccabi Petah Tikva,RSSSF
1978/1979,1978,Liga Leumit,,14,Hapoel Hadera,RSSSF
1978/1979,1978,Liga Leumit,,15,Hapoel Jerusalem,RSSSF
1978/1979,1978,Liga Leumit,,16,Hapoel Rishon LeZion,RSSSF
1979/1980,1979,Liga Alef,North,1,Hapoel Kiryat Shmona,English Wikipedia
1979/1980,1979,Liga Alef,North,2,Hapoel Ramat HaSharon,English Wikipedia
1979/1980,1979,Liga Alef,North,3,Maccabi Hadera,English Wikipedia
1979/1980,1979,Liga Alef,North,4,Hapoel Givat Olga,English Wikipedia
1979/1980,1979,Liga Alef,North,5,Hapoel Netanya,English Wikipedia
1979/1980,1979,Liga Alef,North,6,Hapoel Tel Hanan,English Wikipedia
1979/1980,1979,Liga Alef,North,7,Beitar Nes Tubruk,English Wikipedia
1979/1980,1979,Liga Alef,North,8,Hapoel Ra'anana,English Wikipedia
1979/1980,1979,Liga Alef,North,9,Hapoel Afikim,English Wikipedia
1979/1980,1979,Liga Alef,North,10,Hapoel Kiryat Ata,English Wikipedia
1979/1980,1979,Liga Alef,North,11,Hapoel Bnei Nazareth,English Wikipedia
1979/1980,1979,Liga Alef,North,12,Hapoel Nahariya,English Wikipedia
1979/1980,1979,Liga Alef,North,13,Maccabi Ahi Nazareth,English Wikipedia
1979/1980,1979,Liga Alef,North,14,Hapoel Umm al-Fahm,English Wikipedia
1979/1980,1979,Liga Alef,South,1,Maccabi Yavne,English Wikipedia
1979/1980,1979,Liga Alef,South,2,Beitar Ramla,English Wikipedia
1979/1980,1979,Liga Alef,South,3,Hapoel Ramla,English Wikipedia
1979/1980,1979,Liga Alef,South,4,Beitar Be'er Sheva,English Wikipedia
1979/1980,1979,Liga Alef,South,5,Maccabi Sha'arayim,English Wikipedia
1979/1980,1979,Liga Alef,South,6,Maccabi Kiryat Gat,English Wikipedia
1979/1980,1979,Liga Alef,South,7,Hapoel Ashkelon,English Wikipedia
1979/1980,1979,Liga Alef,South,8,Hapoel Ashdod,English Wikipedia
1979/1980,1979,Liga Alef,South,9,Hapoel Dimona,English Wikipedia
1979/1980,1979,Liga Alef,South,10,Hapoel Kiryat Ono,English Wikipedia
1979/1980,1979,Liga Alef,South,11,Hapoel Marmorek,English Wikipedia
1979/1980,1979,Liga Alef,South,12,Maccabi Lazarus Holon,English Wikipedia
1979/1980,1979,Liga Alef,South,13,Hapoel Or Yehuda,English Wikipedia
1979/1980,1979,Liga Alef,South,14,Hapoel Kafr Qasim,English Wikipedia
1979/1980,1979,Liga Artzit,,1,Hapoel Jerusalem,Hebrew Wikipedia
1979/1980,1979,Liga Artzit,,2,Hapoel Ramat Gan,Hebrew Wikipedia
1979/1980,1979,Liga Artzit,,3,Hapoel Rishon LeZion,Hebrew Wikipedia
1979/1980,1979,Liga Artzit,,4,Hapoel Acre,Hebrew Wikipedia
1979/1980,1979,Liga Artzit,,5,Hapoel Lod,Hebrew Wikipedia
1979/1980,1979,Liga Artzit,,6,Hapoel Beit She'an,Hebrew Wikipedia
1979/1980,1979,Liga Artzit,,7,Maccabi Haifa,Hebrew Wikipedia
1979/1980,1979,Liga Artzit,,8,Hapoel Tiberias,Hebrew Wikipedia
1979/1980,1979,Liga Artzit,,9,Hapoel Nof HaGalil,Hebrew Wikipedia
1979/1980,1979,Liga Artzit,,10,Hapoel Beit Shemesh,Hebrew Wikipedia
1979/1980,1979,Liga Artzit,,11,Maccabi Herzliya,Hebrew Wikipedia
1979/1980,1979,Liga Artzit,,12,Hapoel Hadera,Hebrew Wikipedia
1979/1980,1979,Liga Artzit,,13,Hapoel Holon,Hebrew Wikipedia
1979/1980,1979,Liga Artzit,,14,Hapoel Bat Yam,Hebrew Wikipedia
1979/1980,1979,Liga Artzit,,15,Hapoel Tirat Carmel,Hebrew Wikipedia
1979/1980,1979,Liga Artzit,,16,Hapoel Ironi Herzliya,Hebrew Wikipedia
1979/1980,1979,Liga Bet,North Division A,1,Maccabi Shefa-'Amr,English Wikipedia
1979/1980,1979,Liga Bet,North Division A,2,Maccabi Kiryat Bialik,English Wikipedia
1979/1980,1979,Liga Bet,North Division A,3,Hapoel Kfar Kama,English Wikipedia
1979/1980,1979,Liga Bet,North Division A,4,Maccabi Ironi Kiryat Ata,English Wikipedia
1979/1980,1979,Liga Bet,North Division A,5,Hapoel Migdal HaEmek,English Wikipedia
1979/1980,1979,Liga Bet,North Division A,6,Maccabi Neve Sha'anan Eldad,English Wikipedia
1979/1980,1979,Liga Bet,North Division A,7,Maccabi Afula,English Wikipedia
1979/1980,1979,Liga Bet,North Division A,8,Hapoel Bnei Acre,English Wikipedia
1979/1980,1979,Liga Bet,North Division A,9,Hapoel Hatzor,English Wikipedia
1979/1980,1979,Liga Bet,North Division A,10,Maccabi Hatzor,English Wikipedia
1979/1980,1979,Liga Bet,North Division A,11,Beitar Kiryat Shmona,English Wikipedia
1979/1980,1979,Liga Bet,North Division A,12,Hapoel Safed,English Wikipedia
1979/1980,1979,Liga Bet,North Division A,13,Maccabi Tiberias,English Wikipedia
1979/1980,1979,Liga Bet,North Division A,14,Beitar al-Amal Nazareth,English Wikipedia
1979/1980,1979,Liga Bet,North Division B,1,Maccabi Or Akiva,English Wikipedia
1979/1980,1979,Liga Bet,North Division B,2,Hapoel Kafr Sulam,English Wikipedia
1979/1980,1979,Liga Bet,North Division B,3,Maccabi Fureidis,English Wikipedia
1979/1980,1979,Liga Bet,North Division B,4,Hapoel Givat Haim,English Wikipedia
1979/1980,1979,Liga Bet,North Division B,5,Hapoel Nahliel,English Wikipedia
1979/1980,1979,Liga Bet,North Division B,6,Hapoel Kiryat Yam,English Wikipedia
1979/1980,1979,Liga Bet,North Division B,7,Hapoel Afula,English Wikipedia
1979/1980,1979,Liga Bet,North Division B,8,Hapoel Daliyat al-Karmel,English Wikipedia
1979/1980,1979,Liga Bet,North Division B,9,Hapoel Taibe,English Wikipedia
1979/1980,1979,Liga Bet,North Division B,10,Hapoel Kafr Qara,English Wikipedia
1979/1980,1979,Liga Bet,North Division B,11,Hapoel Aliyah Kfar Saba,English Wikipedia
1979/1980,1979,Liga Bet,North Division B,12,Hapoel HaTzair Haifa,English Wikipedia
1979/1980,1979,Liga Bet,North Division B,13,Maccabi Zichron Ya'akov,English Wikipedia
1979/1980,1979,Liga Bet,North Division B,14,Maccabi HaSharon Netanya,English Wikipedia
1979/1980,1979,Liga Bet,South Division A,1,Hapoel Rosh HaAyin,English Wikipedia
1979/1980,1979,Liga Bet,South Division A,2,Hapoel Holon,English Wikipedia
1979/1980,1979,Liga Bet,South Division A,3,Maccabi HaShikma Hen,English Wikipedia
1979/1980,1979,Liga Bet,South Division A,4,Hapoel Kfar Shalem,English Wikipedia
1979/1980,1979,Liga Bet,South Division A,5,Hapoel Azor,English Wikipedia
1979/1980,1979,Liga Bet,South Division A,6,Hapoel Ganei Tikva,English Wikipedia
1979/1980,1979,Liga Bet,South Division A,7,Hapoel Ihud Tzeirei Jaffa,English Wikipedia
1979/1980,1979,Liga Bet,South Division A,8,Hapoel Kiryat Shalom,English Wikipedia
1979/1980,1979,Liga Bet,South Division A,9,Hapoel Tira,English Wikipedia
1979/1980,1979,Liga Bet,South Division A,10,Hapoel Mahane Yehuda,English Wikipedia
1979/1980,1979,Liga Bet,South Division A,11,Maccabi Ramla,English Wikipedia
1979/1980,1979,Liga Bet,South Division A,12,Beitar Herzliya,English Wikipedia
1979/1980,1979,Liga Bet,South Division A,13,Beitar Holon,English Wikipedia
1979/1980,1979,Liga Bet,South Division A,14,Beitar Jaffa,English Wikipedia
1979/1980,1979,Liga Bet,South Division B,1,Maccabi Be'er Sheva,English Wikipedia
1979/1980,1979,Liga Bet,South Division B,2,Hapoel Be'er Ya'akov,English Wikipedia
1979/1980,1979,Liga Bet,South Division B,3,Hapoel Yeruham,English Wikipedia
1979/1980,1979,Liga Bet,South Division B,4,Hapoel Merhavim,English Wikipedia
1979/1980,1979,Liga Bet,South Division B,5,Sektzia Nes Tziona,English Wikipedia
1979/1980,1979,Liga Bet,South Division B,6,Beitar Ashdod,English Wikipedia
1979/1980,1979,Liga Bet,South Division B,7,Hapoel Kiryat Malakhi,English Wikipedia
1979/1980,1979,Liga Bet,South Division B,8,Maccabi Rehovot,English Wikipedia
1979/1980,1979,Liga Bet,South Division B,9,Maccabi Ashkelon,English Wikipedia
1979/1980,1979,Liga Bet,South Division B,10,Maccabi Shikun HaMizrah,English Wikipedia
1979/1980,1979,Liga Bet,South Division B,11,Beitar Lod,English Wikipedia
1979/1980,1979,Liga Bet,South Division B,12,Hapoel Gedera,English Wikipedia
1979/1980,1979,Liga Bet,South Division B,13,Hapoel Ofakim,English Wikipedia
1979/1980,1979,Liga Bet,South Division B,14,Hapoel Kiryat Gat,English Wikipedia
1979/1980,1979,Liga Leumit,,1,Maccabi Netanya,RSSSF
1979/1980,1979,Liga Leumit,,2,Hapoel Tel Aviv,RSSSF
1979/1980,1979,Liga Leumit,,3,Shimshon Tel Aviv,RSSSF
1979/1980,1979,Liga Leumit,,4,Hapoel Yehud,RSSSF
1979/1980,1979,Liga Leumit,,5,Maccabi Tel Aviv,RSSSF
1979/1980,1979,Liga Leumit,,6,Bnei Yehuda Tel Aviv,RSSSF
1979/1980,1979,Liga Leumit,,7,Hapoel Kfar Saba,RSSSF
1979/1980,1979,Liga Leumit,,8,Maccabi Petah Tikva,RSSSF
1979/1980,1979,Liga Leumit,,9,Hapoel Petah Tikva,RSSSF
1979/1980,1979,Liga Leumit,,10,Hapoel Be'er Sheva,RSSSF
1979/1980,1979,Liga Leumit,,11,Maccabi Ramat Amidar,RSSSF
1979/1980,1979,Liga Leumit,,12,Hapoel Haifa,RSSSF
1979/1980,1979,Liga Leumit,,13,Maccabi Jaffa,RSSSF
1979/1980,1979,Liga Leumit,,14,Hakoah Ramat Gan,RSSSF
1979/1980,1979,Liga Leumit,,15,Beitar Tel Aviv,RSSSF
1979/1980,1979,Liga Leumit,,16,Beitar Jerusalem,RSSSF
1980/1981,1980,Liga Alef,North,1,Beitar Nes Tubruk,English Wikipedia
1980/1981,1980,Liga Alef,North,2,Hapoel Tel Hanan,English Wikipedia
1980/1981,1980,Liga Alef,North,3,Maccabi Hadera,English Wikipedia
1980/1981,1980,Liga Alef,North,4,Hapoel Kiryat Ata,English Wikipedia
1980/1981,1980,Liga Alef,North,5,Hapoel Ramat HaSharon,English Wikipedia
1980/1981,1980,Liga Alef,North,6,Hapoel Bnei Nazareth,English Wikipedia
1980/1981,1980,Liga Alef,North,7,Hapoel Tirat Carmel,English Wikipedia
1980/1981,1980,Liga Alef,North,8,Hapoel Givat Olga,English Wikipedia
1980/1981,1980,Liga Alef,North,9,Maccabi Shefa-'Amr,English Wikipedia
1980/1981,1980,Liga Alef,North,10,Hapoel Ra'anana,English Wikipedia
1980/1981,1980,Liga Alef,North,11,Hapoel Afikim,English Wikipedia
1980/1981,1980,Liga Alef,North,12,Hapoel Nahariya,English Wikipedia
1980/1981,1980,Liga Alef,North,13,Hapoel Netanya,English Wikipedia
1980/1981,1980,Liga Alef,North,14,Maccabi Or Akiva,English Wikipedia
1980/1981,1980,Liga Alef,South,1,Maccabi Kiryat Gat,English Wikipedia
1980/1981,1980,Liga Alef,South,2,Hapoel Ramla,English Wikipedia
1980/1981,1980,Liga Alef,South,3,Hapoel Ashdod,English Wikipedia
1980/1981,1980,Liga Alef,South,4,Hapoel Bat Yam,English Wikipedia
1980/1981,1980,Liga Alef,South,5,Hapoel Dimona,English Wikipedia
1980/1981,1980,Liga Alef,South,6,Maccabi Lazarus Holon,English Wikipedia
1980/1981,1980,Liga Alef,South,7,Beitar Be'er Sheva,English Wikipedia
1980/1981,1980,Liga Alef,South,8,Hapoel Kiryat Ono,English Wikipedia
1980/1981,1980,Liga Alef,South,9,Hapoel Ironi Herzliya,English Wikipedia
1980/1981,1980,Liga Alef,South,10,Hapoel Marmorek,English Wikipedia
1980/1981,1980,Liga Alef,South,11,Hapoel Ashkelon,English Wikipedia
1980/1981,1980,Liga Alef,South,12,Maccabi Sha'arayim,English Wikipedia
1980/1981,1980,Liga Alef,South,13,Maccabi Be'er Sheva,English Wikipedia
1980/1981,1980,Liga Alef,South,14,Hapoel Rosh HaAyin,English Wikipedia
1980/1981,1980,Liga Artzit,,1,Beitar Tel Aviv,Hebrew Wikipedia
1980/1981,1980,Liga Artzit,,2,Beitar Jerusalem,Hebrew Wikipedia
1980/1981,1980,Liga Artzit,,3,Maccabi Haifa,Hebrew Wikipedia
1980/1981,1980,Liga Artzit,,4,Hakoah Ramat Gan,Hebrew Wikipedia
1980/1981,1980,Liga Artzit,,5,Hapoel Nof HaGalil,Hebrew Wikipedia
1980/1981,1980,Liga Artzit,,6,Hapoel Kiryat Shmona,Hebrew Wikipedia
1980/1981,1980,Liga Artzit,,7,Hapoel Acre,Hebrew Wikipedia
1980/1981,1980,Liga Artzit,,8,Hapoel Lod,Hebrew Wikipedia
1980/1981,1980,Liga Artzit,,9,Maccabi Yavne,Hebrew Wikipedia
1980/1981,1980,Liga Artzit,,10,Beitar Ramla,Hebrew Wikipedia
1980/1981,1980,Liga Artzit,,11,Hapoel Beit Shemesh,Hebrew Wikipedia
1980/1981,1980,Liga Artzit,,12,Hapoel Tiberias,Hebrew Wikipedia
1980/1981,1980,Liga Artzit,,13,Hapoel Beit She'an,Hebrew Wikipedia
1980/1981,1980,Liga Artzit,,14,Hapoel Hadera,Hebrew Wikipedia
1980/1981,1980,Liga Artzit,,15,Hapoel Holon,Hebrew Wikipedia
1980/1981,1980,Liga Artzit,,16,Maccabi Herzliya,Hebrew Wikipedia
1980/1981,1980,Liga Bet,North Division A,1,Hapoel Migdal HaEmek,English Wikipedia
1980/1981,1980,Liga Bet,North Division A,2,Maccabi Bnei Hatzor,English Wikipedia
1980/1981,1980,Liga Bet,North Division A,3,Maccabi Afula,English Wikipedia
1980/1981,1980,Liga Bet,North Division A,4,Hapoel Safed,English Wikipedia
1980/1981,1980,Liga Bet,North Division A,5,Maccabi Kiryat Bialik,English Wikipedia
1980/1981,1980,Liga Bet,North Division A,6,Maccabi Sektzia Ma'alot-Tarshiha,English Wikipedia
1980/1981,1980,Liga Bet,North Division A,7,Maccabi Neve Sha'anan Eldad,English Wikipedia
1980/1981,1980,Liga Bet,North Division A,8,Hapoel Bnei Rameh,English Wikipedia
1980/1981,1980,Liga Bet,North Division A,9,Maccabi Ironi Kiryat Ata,English Wikipedia
1980/1981,1980,Liga Bet,North Division A,10,Hapoel Bnei Acre,English Wikipedia
1980/1981,1980,Liga Bet,North Division A,11,Hapoel Makr,English Wikipedia
1980/1981,1980,Liga Bet,North Division A,12,Hapoel Kfar Kama,English Wikipedia
1980/1981,1980,Liga Bet,North Division A,13,Maccabi Ahi Nazareth,English Wikipedia
1980/1981,1980,Liga Bet,North Division A,14,Beitar Kiryat Shmona,English Wikipedia
1980/1981,1980,Liga Bet,North Division B,1,Beitar Haifa,English Wikipedia
1980/1981,1980,Liga Bet,North Division B,2,Hapoel Kafr Qara,English Wikipedia
1980/1981,1980,Liga Bet,North Division B,3,Hapoel Daliyat al-Karmel,English Wikipedia
1980/1981,1980,Liga Bet,North Division B,4,Hapoel Kafr Sulam,English Wikipedia
1980/1981,1980,Liga Bet,North Division B,5,Hapoel Nahliel,English Wikipedia
1980/1981,1980,Liga Bet,North Division B,6,Hapoel Givat Haim,English Wikipedia
1980/1981,1980,Liga Bet,North Division B,7,Hapoel Afula,English Wikipedia
1980/1981,1980,Liga Bet,North Division B,8,Hapoel Umm al-Fahm,English Wikipedia
1980/1981,1980,Liga Bet,North Division B,9,Maccabi Fureidis,English Wikipedia
1980/1981,1980,Liga Bet,North Division B,10,Hapoel HaTzair Haifa,English Wikipedia
1980/1981,1980,Liga Bet,North Division B,11,Hapoel Taibe,English Wikipedia
1980/1981,1980,Liga Bet,North Division B,12,Hapoel Aliyah Kfar Saba,English Wikipedia
1980/1981,1980,Liga Bet,North Division B,13,Hapoel Kiryat Yam,English Wikipedia
1980/1981,1980,Liga Bet,North Division B,14,Beitar Binyamina,English Wikipedia
1980/1981,1980,Liga Bet,South Division A,1,Hapoel Azor,English Wikipedia
1980/1981,1980,Liga Bet,South Division A,2,Hapoel Jaljulia,English Wikipedia
1980/1981,1980,Liga Bet,South Division A,3,Hapoel Kafr Qasim,English Wikipedia
1980/1981,1980,Liga Bet,South Division A,4,Hapoel Or Yehuda,English Wikipedia
1980/1981,1980,Liga Bet,South Division A,5,Hapoel Holon,English Wikipedia
1980/1981,1980,Liga Bet,South Division A,6,Hapoel Ihud Tzeirei Jaffa,English Wikipedia
1980/1981,1980,Liga Bet,South Division A,7,Hapoel Kfar Shalem,English Wikipedia
1980/1981,1980,Liga Bet,South Division A,8,Maccabi HaShikma Hen,English Wikipedia
1980/1981,1980,Liga Bet,South Division A,9,Hapoel Ganei Tikva,English Wikipedia
1980/1981,1980,Liga Bet,South Division A,10,Hapoel Tira,English Wikipedia
1980/1981,1980,Liga Bet,South Division A,11,Hapoel Kiryat Shalom,English Wikipedia
1980/1981,1980,Liga Bet,South Division A,12,Hapoel Mahane Yehuda,English Wikipedia
1980/1981,1980,Liga Bet,South Division A,13,Maccabi Ramla,English Wikipedia
1980/1981,1980,Liga Bet,South Division A,14,Beitar Herzliya,English Wikipedia
1980/1981,1980,Liga Bet,South Division B,1,Hapoel Yeruham,English Wikipedia
1980/1981,1980,Liga Bet,South Division B,2,Hapoel Sderot,English Wikipedia
1980/1981,1980,Liga Bet,South Division B,3,Hapoel Gedera,English Wikipedia
1980/1981,1980,Liga Bet,South Division B,4,Hapoel Kiryat Malakhi,English Wikipedia
1980/1981,1980,Liga Bet,South Division B,5,Maccabi Ashkelon,English Wikipedia
1980/1981,1980,Liga Bet,South Division B,6,Sektzia Nes Tziona,English Wikipedia
1980/1981,1980,Liga Bet,South Division B,7,Hapoel Be'er Ya'akov,English Wikipedia
1980/1981,1980,Liga Bet,South Division B,8,Maccabi Ashdod,English Wikipedia
1980/1981,1980,Liga Bet,South Division B,9,Beitar Lod,English Wikipedia
1980/1981,1980,Liga Bet,South Division B,10,Hapoel Merhavim,English Wikipedia
1980/1981,1980,Liga Bet,South Division B,11,Hapoel Bnei Zion,English Wikipedia
1980/1981,1980,Liga Bet,South Division B,12,Maccabi Rehovot,English Wikipedia
1980/1981,1980,Liga Bet,South Division B,13,Maccabi Shikun HaMizrah,English Wikipedia
1980/1981,1980,Liga Bet,South Division B,14,Beitar Ashdod,English Wikipedia
1980/1981,1980,Liga Leumit,,1,Hapoel Tel Aviv,RSSSF
1980/1981,1980,Liga Leumit,,2,Bnei Yehuda Tel Aviv,RSSSF
1980/1981,1980,Liga Leumit,,3,Maccabi Jaffa,RSSSF
1980/1981,1980,Liga Leumit,,4,Maccabi Petah Tikva,RSSSF
1980/1981,1980,Liga Leumit,,5,Shimshon Tel Aviv,RSSSF
1980/1981,1980,Liga Leumit,,6,Hapoel Rishon LeZion,RSSSF
1980/1981,1980,Liga Leumit,,7,Hapoel Yehud,RSSSF
1980/1981,1980,Liga Leumit,,8,Maccabi Tel Aviv,RSSSF
1980/1981,1980,Liga Leumit,,9,Hapoel Jerusalem,RSSSF
1980/1981,1980,Liga Leumit,,10,Maccabi Netanya,RSSSF
1980/1981,1980,Liga Leumit,,11,Hapoel Be'er Sheva,RSSSF
1980/1981,1980,Liga Leumit,,12,Hapoel Petah Tikva,RSSSF
1980/1981,1980,Liga Leumit,,13,Hapoel Kfar Saba,RSSSF
1980/1981,1980,Liga Leumit,,14,Hapoel Haifa,RSSSF
1980/1981,1980,Liga Leumit,,15,Maccabi Ramat Amidar,RSSSF
1980/1981,1980,Liga Leumit,,16,Hapoel Ramat Gan,RSSSF
1981/1982,1981,Liga Alef,North,1,Hapoel Hadera,English Wikipedia
1981/1982,1981,Liga Alef,North,2,Maccabi Shefa-'Amr,English Wikipedia
1981/1982,1981,Liga Alef,North,3,Beitar Haifa,English Wikipedia
1981/1982,1981,Liga Alef,North,4,Hapoel Migdal HaEmek,English Wikipedia
1981/1982,1981,Liga Alef,North,5,Hapoel Bnei Nazareth,English Wikipedia
1981/1982,1981,Liga Alef,North,6,Hapoel Ramat HaSharon,English Wikipedia
1981/1982,1981,Liga Alef,North,7,Hapoel Ra'anana,English Wikipedia
1981/1982,1981,Liga Alef,North,8,Maccabi Hadera,English Wikipedia
1981/1982,1981,Liga Alef,North,9,Hapoel Kiryat Ata,English Wikipedia
1981/1982,1981,Liga Alef,North,10,Hapoel Tirat Carmel,English Wikipedia
1981/1982,1981,Liga Alef,North,11,Maccabi Herzliya,English Wikipedia
1981/1982,1981,Liga Alef,North,12,Hapoel Givat Olga,English Wikipedia
1981/1982,1981,Liga Alef,North,13,Hapoel Afikim,English Wikipedia
1981/1982,1981,Liga Alef,North,14,Hapoel Nahariya,English Wikipedia
1981/1982,1981,Liga Alef,South,1,Hapoel Ashkelon,English Wikipedia
1981/1982,1981,Liga Alef,South,2,Hapoel Bat Yam,English Wikipedia
1981/1982,1981,Liga Alef,South,3,Beitar Be'er Sheva,English Wikipedia
1981/1982,1981,Liga Alef,South,4,Hapoel Dimona,English Wikipedia
1981/1982,1981,Liga Alef,South,5,Hapoel Kiryat Ono,English Wikipedia
1981/1982,1981,Liga Alef,South,6,Maccabi Sha'arayim,English Wikipedia
1981/1982,1981,Liga Alef,South,7,Hapoel Ramla,English Wikipedia
1981/1982,1981,Liga Alef,South,8,Hapoel Ashdod,English Wikipedia
1981/1982,1981,Liga Alef,South,9,Hapoel Holon,English Wikipedia
1981/1982,1981,Liga Alef,South,10,Hapoel Yeruham,English Wikipedia
1981/1982,1981,Liga Alef,South,11,Hapoel Marmorek,English Wikipedia
1981/1982,1981,Liga Alef,South,12,Hapoel Azor,English Wikipedia
1981/1982,1981,Liga Alef,South,13,Hapoel Ironi Herzliya,English Wikipedia
1981/1982,1981,Liga Artzit,,1,Hapoel Lod,Hebrew Wikipedia
1981/1982,1981,Liga Artzit,,2,Hapoel Ramat Gan,Hebrew Wikipedia
1981/1982,1981,Liga Artzit,,3,Maccabi Yavne,Hebrew Wikipedia
1981/1982,1981,Liga Artzit,,4,Hakoah Ramat Gan,Hebrew Wikipedia
1981/1982,1981,Liga Artzit,,5,Maccabi Ramat Amidar,Hebrew Wikipedia
1981/1982,1981,Liga Artzit,,6,Hapoel Haifa,Hebrew Wikipedia
1981/1982,1981,Liga Artzit,,7,Beitar Ramla,Hebrew Wikipedia
1981/1982,1981,Liga Artzit,,8,Hapoel Beit She'an,Hebrew Wikipedia
1981/1982,1981,Liga Artzit,,9,Hapoel Acre,Hebrew Wikipedia
1981/1982,1981,Liga Artzit,,10,Hapoel Kiryat Shmona,Hebrew Wikipedia
1981/1982,1981,Liga Artzit,,11,Hapoel Nof HaGalil,Hebrew Wikipedia
1981/1982,1981,Liga Artzit,,12,Hapoel Beit Shemesh,Hebrew Wikipedia
1981/1982,1981,Liga Artzit,,13,Hapoel Tel Hanan,Hebrew Wikipedia
1981/1982,1981,Liga Artzit,,14,Maccabi Kiryat Gat,Hebrew Wikipedia
1981/1982,1981,Liga Artzit,,15,Beitar Netanya,Hebrew Wikipedia
1981/1982,1981,Liga Artzit,,15,Beitar Nes Tubruk,English Wikipedia
1981/1982,1981,Liga Artzit,,16,Hapoel Tiberias,Hebrew Wikipedia
1981/1982,1981,Liga Bet,North Division A,1,Maccabi Bnei Hatzor,English Wikipedia
1981/1982,1981,Liga Bet,North Division A,2,Maccabi Afula,English Wikipedia
1981/1982,1981,Liga Bet,North Division A,3,Hapoel Safed,English Wikipedia
1981/1982,1981,Liga Bet,North Division A,4,Maccabi Kiryat Bialik,English Wikipedia
1981/1982,1981,Liga Bet,North Division A,5,Maccabi Sektzia Ma'alot-Tarshiha,English Wikipedia
1981/1982,1981,Liga Bet,North Division A,6,Hapoel Ein Mahil,English Wikipedia
1981/1982,1981,Liga Bet,North Division A,7,Maccabi Tamra,English Wikipedia
1981/1982,1981,Liga Bet,North Division A,8,Maccabi Ahi Nazareth,English Wikipedia
1981/1982,1981,Liga Bet,North Division A,9,Maccabi Ironi Kiryat Ata,English Wikipedia
1981/1982,1981,Liga Bet,North Division A,10,Hapoel Bnei Acre,English Wikipedia
1981/1982,1981,Liga Bet,North Division A,11,Hapoel Makr,English Wikipedia
1981/1982,1981,Liga Bet,North Division A,12,Hapoel Bnei Rameh,English Wikipedia
1981/1982,1981,Liga Bet,North Division A,13,Maccabi Neve Sha'anan Eldad,English Wikipedia
1981/1982,1981,Liga Bet,North Division A,14,Beitar Nahariya,English Wikipedia
1981/1982,1981,Liga Bet,North Division B,1,Hapoel Nahliel,English Wikipedia
1981/1982,1981,Liga Bet,North Division B,2,Hapoel HaTzair Kiryat Haim,English Wikipedia
1981/1982,1981,Liga Bet,North Division B,3,Hapoel Kafr Sulam,English Wikipedia
1981/1982,1981,Liga Bet,North Division B,4,Hapoel Netanya,English Wikipedia
1981/1982,1981,Liga Bet,North Division B,5,Maccabi Or Akiva,English Wikipedia
1981/1982,1981,Liga Bet,North Division B,6,Hapoel Aliyah Kfar Saba,English Wikipedia
1981/1982,1981,Liga Bet,North Division B,7,Hapoel Afula,English Wikipedia
1981/1982,1981,Liga Bet,North Division B,8,Hapoel Umm al-Fahm,English Wikipedia
1981/1982,1981,Liga Bet,North Division B,9,Hapoel Kafr Qara,English Wikipedia
1981/1982,1981,Liga Bet,North Division B,10,Hapoel Daliyat al-Karmel,English Wikipedia
1981/1982,1981,Liga Bet,North Division B,11,Hapoel Givat Haim,English Wikipedia
1981/1982,1981,Liga Bet,North Division B,12,Hapoel Taibe,English Wikipedia
1981/1982,1981,Liga Bet,North Division B,13,Maccabi Fureidis,English Wikipedia
1981/1982,1981,Liga Bet,North Division B,14,Maccabi HaSharon Netanya,English Wikipedia
1981/1982,1981,Liga Bet,South Division A,1,Hapoel Holon,English Wikipedia
1981/1982,1981,Liga Bet,South Division A,2,Hapoel Jaljulia,English Wikipedia
1981/1982,1981,Liga Bet,South Division A,3,Maccabi HaShikma Hen,English Wikipedia
1981/1982,1981,Liga Bet,South Division A,4,Hapoel Tira,English Wikipedia
1981/1982,1981,Liga Bet,South Division A,5,Hapoel Kafr Qasim,English Wikipedia
1981/1982,1981,Liga Bet,South Division A,6,Hapoel Or Yehuda,English Wikipedia
1981/1982,1981,Liga Bet,South Division A,7,Hapoel Kfar Shalem,English Wikipedia
1981/1982,1981,Liga Bet,South Division A,8,Hapoel Ihud Tzeirei Jaffa,English Wikipedia
1981/1982,1981,Liga Bet,South Division A,9,Hapoel Mahane Yehuda,English Wikipedia
1981/1982,1981,Liga Bet,South Division A,10,Hapoel Tel Mond,English Wikipedia
1981/1982,1981,Liga Bet,South Division A,11,Hapoel Rosh HaAyin,English Wikipedia
1981/1982,1981,Liga Bet,South Division A,12,Hapoel Neve Golan,English Wikipedia
1981/1982,1981,Liga Bet,South Division A,13,Hapoel Ganei Tikva,English Wikipedia
1981/1982,1981,Liga Bet,South Division A,14,Hapoel Kiryat Shalom,English Wikipedia
1981/1982,1981,Liga Bet,South Division B,1,Maccabi Ironi Ashdod,English Wikipedia
1981/1982,1981,Liga Bet,South Division B,2,Hapoel Merhavim,English Wikipedia
1981/1982,1981,Liga Bet,South Division B,3,Hapoel Kiryat Malakhi,English Wikipedia
1981/1982,1981,Liga Bet,South Division B,4,Hapoel Gedera,English Wikipedia
1981/1982,1981,Liga Bet,South Division B,5,Sektzia Nes Tziona,English Wikipedia
1981/1982,1981,Liga Bet,South Division B,6,Maccabi Be'er Sheva,English Wikipedia
1981/1982,1981,Liga Bet,South Division B,7,Hapoel Sderot,English Wikipedia
1981/1982,1981,Liga Bet,South Division B,8,Maccabi Rehovot,English Wikipedia
1981/1982,1981,Liga Bet,South Division B,9,Maccabi Ashkelon,English Wikipedia
1981/1982,1981,Liga Bet,South Division B,10,Beitar Lod,English Wikipedia
1981/1982,1981,Liga Bet,South Division B,11,Hapoel Be'er Ya'akov,English Wikipedia
1981/1982,1981,Liga Bet,South Division B,12,Hapoel Ofakim,English Wikipedia
1981/1982,1981,Liga Bet,South Division B,13,Hapoel Bnei Zion,English Wikipedia
1981/1982,1981,Liga Gimel,Bay,1,Hapoel Bnei Tamra,English Wikipedia
1981/1982,1981,Liga Gimel,Bay,2,Hapoel Majd al-Krum,English Wikipedia
1981/1982,1981,Liga Gimel,Bay,3,Hapoel Deir al-Asad,English Wikipedia
1981/1982,1981,Liga Gimel,Bay,4,Hapoel Bu'eine,English Wikipedia
1981/1982,1981,Liga Gimel,Bay,5,Hapoel Bnei Mazra'a,English Wikipedia
1981/1982,1981,Liga Gimel,Bay,6,Maccabi Tzur Shalom,English Wikipedia
1981/1982,1981,Liga Gimel,Bay,8,Maccabi Tel Hanan,English Wikipedia
1981/1982,1981,Liga Gimel,Bay,9,Hapoel Abu Snan,English Wikipedia
1981/1982,1981,Liga Gimel,Bay,10,Hapoel Halissa,English Wikipedia
1981/1982,1981,Liga Gimel,Bay,11,Hapoel I'billin,English Wikipedia
1981/1982,1981,Liga Gimel,Bay,12,Beitar Shefa-'Amr,English Wikipedia
1981/1982,1981,Liga Gimel,Bay,13,Hapoel Jadeidi,English Wikipedia
1981/1982,1981,Liga Gimel,Central,1,Maccabi Kiryat Ekron,English Wikipedia
1981/1982,1981,Liga Gimel,Central,2,Bnei Lod,English Wikipedia
1981/1982,1981,Liga Gimel,Central,3,Beitar Katamonim,English Wikipedia
1981/1982,1981,Liga Gimel,Central,4,Maccabi Jerusalem,English Wikipedia
1981/1982,1981,Liga Gimel,Central,5,Maccabi Beit Shemesh,English Wikipedia
1981/1982,1981,Liga Gimel,Central,6,ASA Jerusalem,English Wikipedia
1981/1982,1981,Liga Gimel,Central,7,Beitar Beit Shemesh,English Wikipedia
1981/1982,1981,Liga Gimel,Central,8,Beitar Yavne,English Wikipedia
1981/1982,1981,Liga Gimel,Central,9,Hapoel Azrikam,English Wikipedia
1981/1982,1981,Liga Gimel,Central,10,Maccabi Kiryat Malakhi,English Wikipedia
1981/1982,1981,Liga Gimel,Central,11,Hapoel Nahlat Yehuda,English Wikipedia
1981/1982,1981,Liga Gimel,Central,12,Hapoel Rakevet Lod,English Wikipedia
1981/1982,1981,Liga Gimel,Central,13,Maccabi Ramla,English Wikipedia
1981/1982,1981,Liga Gimel,Dan,1,Beitar Beit Dagan,English Wikipedia
1981/1982,1981,Liga Gimel,Dan,2,Maccabi Shikun HaMizrah,English Wikipedia
1981/1982,1981,Liga Gimel,Dan,3,Beitar Mahane Yehuda,English Wikipedia
1981/1982,1981,Liga Gimel,Dan,4,Hapoel HaTzafon Tel Aviv,English Wikipedia
1981/1982,1981,Liga Gimel,Dan,5,Beitar Jaffa,English Wikipedia
1981/1982,1981,Liga Gimel,Dan,6,Maccabi Ben Zvi,English Wikipedia
1981/1982,1981,Liga Gimel,Dan,7,Beitar Kiryat Ono,English Wikipedia
1981/1982,1981,Liga Gimel,Dan,8,M.M. Givat Shmuel,English Wikipedia
1981/1982,1981,Liga Gimel,Dan,9,Maccabi HaShikma Hen,English Wikipedia
1981/1982,1981,Liga Gimel,Dan,10,Beitar Bat Yam,English Wikipedia
1981/1982,1981,Liga Gimel,Dan,11,Maccabi Yehud,English Wikipedia
1981/1982,1981,Liga Gimel,Dan,12,Hapoel Amishav Petah Tikva,English Wikipedia
1981/1982,1981,Liga Gimel,Dan,13,Beitar Holon,English Wikipedia
1981/1982,1981,Liga Gimel,Dan,14,Maccabi Bat Yam,English Wikipedia
1981/1982,1981,Liga Gimel,Galilee,1,Hapoel Kafr Sumei,English Wikipedia
1981/1982,1981,Liga Gimel,Galilee,2,Beitar Kiryat Shmona,English Wikipedia
1981/1982,1981,Liga Gimel,Galilee,3,Maccabi Tur'an,English Wikipedia
1981/1982,1981,Liga Gimel,Galilee,4,Beitar Ma'alot,English Wikipedia
1981/1982,1981,Liga Gimel,Galilee,5,Hapoel Karmiel,English Wikipedia
1981/1982,1981,Liga Gimel,Galilee,6,Hapoel Kafr Kanna,English Wikipedia
1981/1982,1981,Liga Gimel,Galilee,7,Maccabi Tiberias,English Wikipedia
1981/1982,1981,Liga Gimel,Galilee,8,Hapoel Ma'ale Yosef,English Wikipedia
1981/1982,1981,Liga Gimel,Galilee,9,Maccabi Safed,English Wikipedia
1981/1982,1981,Liga Gimel,Galilee,10,Hapoel Shlomi,English Wikipedia
1981/1982,1981,Liga Gimel,Galilee,11,Beitar Tiberias,English Wikipedia
1981/1982,1981,Liga Gimel,Galilee,12,Tzofei Sakhnin,English Wikipedia
1981/1982,1981,Liga Gimel,Haifa,1,Beitar al-Amal Nazareth,English Wikipedia
1981/1982,1981,Liga Gimel,Haifa,2,Hapoel Yafa,English Wikipedia
1981/1982,1981,Liga Gimel,Haifa,3,Hapoel Daburiyya,English Wikipedia
1981/1982,1981,Liga Gimel,Haifa,4,Hapoel Ahva Haifa,English Wikipedia
1981/1982,1981,Liga Gimel,Haifa,5,Hapoel Iksal,English Wikipedia
1981/1982,1981,Liga Gimel,Haifa,6,Haifa Club,English Wikipedia
1981/1982,1981,Liga Gimel,Haifa,7,Maccabi Kafr Kanna,English Wikipedia
1981/1982,1981,Liga Gimel,Haifa,8,Hapoel Bnei Kababir,English Wikipedia
1981/1982,1981,Liga Gimel,Haifa,9,Hapoel Ta'anachim,English Wikipedia
1981/1982,1981,Liga Gimel,Haifa,10,Hapoel Bir al-Gaish,English Wikipedia
1981/1982,1981,Liga Gimel,Haifa,11,Beitar Tur'an,English Wikipedia
1981/1982,1981,Liga Gimel,Haifa,12,Hapoel Arraba,English Wikipedia
1981/1982,1981,Liga Gimel,Haifa,13,Maccabi Daliyat al-Karmel,English Wikipedia
1981/1982,1981,Liga Gimel,Haifa,14,Hapoel Kfar Kama,English Wikipedia
1981/1982,1981,Liga Gimel,Samaria,1,Hapoel Baqa al-Gharbiyye,English Wikipedia
1981/1982,1981,Liga Gimel,Samaria,2,Hapoel Jatt,English Wikipedia
1981/1982,1981,Liga Gimel,Samaria,3,Hapoel Binyamina,English Wikipedia
1981/1982,1981,Liga Gimel,Samaria,4,Maccabi Pardes Hanna,English Wikipedia
1981/1982,1981,Liga Gimel,Samaria,5,Hapoel Yokneam,English Wikipedia
1981/1982,1981,Liga Gimel,Samaria,6,Hapoel Caesarea,English Wikipedia
1981/1982,1981,Liga Gimel,Samaria,7,Beitar Pardes Hanna,English Wikipedia
1981/1982,1981,Liga Gimel,Samaria,8,Hapoel Geva HaCarmel,English Wikipedia
1981/1982,1981,Liga Gimel,Samaria,9,Maccabi Zichron Ya'akov,English Wikipedia
1981/1982,1981,Liga Gimel,Samaria,10,Hapoel Atlit,English Wikipedia
1981/1982,1981,Liga Gimel,Samaria,11,Hapoel Lehavot Haviva,English Wikipedia
1981/1982,1981,Liga Gimel,Samaria,12,Beitar Binyamina,English Wikipedia
1981/1982,1981,Liga Gimel,Samaria,13,Hapoel Muawiya,English Wikipedia
1981/1982,1981,Liga Gimel,Samaria,14,Hapoel Musmus,English Wikipedia
1981/1982,1981,Liga Gimel,Sharon,1,Beitar Hod HaSharon,English Wikipedia
1981/1982,1981,Liga Gimel,Sharon,2,Elitzur Bar Ilan,English Wikipedia
1981/1982,1981,Liga Gimel,Sharon,3,Beitar Kfar Saba,English Wikipedia
1981/1982,1981,Liga Gimel,Sharon,4,Hapoel Elyakhin,English Wikipedia
1981/1982,1981,Liga Gimel,Sharon,5,Maccabi Ramat HaSharon,English Wikipedia
1981/1982,1981,Liga Gimel,Sharon,6,Hapoel Pardesiya,English Wikipedia
1981/1982,1981,Liga Gimel,Sharon,7,Hapoel Qalansawe,English Wikipedia
1981/1982,1981,Liga Gimel,Sharon,8,Maccabi Kafr Qasim,English Wikipedia
1981/1982,1981,Liga Gimel,Sharon,9,Hapoel Hod HaSharon,English Wikipedia
1981/1982,1981,Liga Gimel,Sharon,10,Beitar Rosh HaAyin,English Wikipedia
1981/1982,1981,Liga Gimel,Sharon,11,Beitar Kfar Yona,English Wikipedia
1981/1982,1981,Liga Gimel,Sharon,12,Hapoel Sdei Hemed,English Wikipedia
1981/1982,1981,Liga Gimel,Sharon,13,Hapoel Barta'a,English Wikipedia
1981/1982,1981,Liga Gimel,Sharon,14,Maccabi Amidar Netanya,English Wikipedia
1981/1982,1981,Liga Gimel,South,1,Beitar Kiryat Gat,English Wikipedia
1981/1982,1981,Liga Gimel,South,2,Hapoel Eilat,English Wikipedia
1981/1982,1981,Liga Gimel,South,3,Beitar Ashkelon,English Wikipedia
1981/1982,1981,Liga Gimel,South,4,Hapoel Kiryat Gat,English Wikipedia
1981/1982,1981,Liga Gimel,South,5,Hapoel Arad,English Wikipedia
1981/1982,1981,Liga Gimel,South,6,Hapoel Bnei Lakhish,English Wikipedia
1981/1982,1981,Liga Gimel,South,7,Hapoel Bnei Shimon,English Wikipedia
1981/1982,1981,Liga Gimel,South,8,Maccabi Dimona,English Wikipedia
1981/1982,1981,Liga Gimel,South,9,Hapoel Be'eri,English Wikipedia
1981/1982,1981,Liga Gimel,South,10,Hapoel Netivot,English Wikipedia
1981/1982,1981,Liga Gimel,South,11,Beitar Ofakim,English Wikipedia
1981/1982,1981,Liga Gimel,South,12,Hapoel Mitzpe Ramon,English Wikipedia
1981/1982,1981,Liga Gimel,South,13,Hapoel Beit Shikma,English Wikipedia
1981/1982,1981,Liga Leumit,,1,Hapoel Kfar Saba,RSSSF
1981/1982,1981,Liga Leumit,,2,Maccabi Netanya,RSSSF
1981/1982,1981,Liga Leumit,,3,Bnei Yehuda Tel Aviv,RSSSF
1981/1982,1981,Liga Leumit,,4,Hapoel Be'er Sheva,RSSSF
1981/1982,1981,Liga Leumit,,5,Hapoel Tel Aviv,RSSSF
1981/1982,1981,Liga Leumit,,6,Beitar Jerusalem,RSSSF
1981/1982,1981,Liga Leumit,,7,Maccabi Haifa,RSSSF
1981/1982,1981,Liga Leumit,,8,Maccabi Tel Aviv,RSSSF
1981/1982,1981,Liga Leumit,,9,Maccabi Petah Tikva,RSSSF
1981/1982,1981,Liga Leumit,,10,Hapoel Jerusalem,RSSSF
1981/1982,1981,Liga Leumit,,11,Maccabi Jaffa,RSSSF
1981/1982,1981,Liga Leumit,,12,Shimshon Tel Aviv,RSSSF
1981/1982,1981,Liga Leumit,,13,Hapoel Yehud,RSSSF
1981/1982,1981,Liga Leumit,,14,Hapoel Rishon LeZion,RSSSF
1981/1982,1981,Liga Leumit,,15,Beitar Tel Aviv,RSSSF
1981/1982,1981,Liga Leumit,,16,Hapoel Petah Tikva,RSSSF
1982/1983,1982,Liga Alef,North,1,Beitar Haifa,English Wikipedia
1982/1983,1982,Liga Alef,North,2,Maccabi Hadera,English Wikipedia
1982/1983,1982,Liga Alef,North,3,Hapoel Tiberias,English Wikipedia
1982/1983,1982,Liga Alef,North,4,Hapoel Ramat HaSharon,English Wikipedia
1982/1983,1982,Liga Alef,North,5,Maccabi Herzliya,English Wikipedia
1982/1983,1982,Liga Alef,North,6,Hapoel Kiryat Ata,English Wikipedia
1982/1983,1982,Liga Alef,North,7,Beitar Nes Tubruk,English Wikipedia
1982/1983,1982,Liga Alef,North,8,Hapoel Tirat Carmel,English Wikipedia
1982/1983,1982,Liga Alef,North,9,Hapoel Bnei Nazareth,English Wikipedia
1982/1983,1982,Liga Alef,North,10,Maccabi Bnei Hatzor,English Wikipedia
1982/1983,1982,Liga Alef,North,11,Hapoel Ra'anana,English Wikipedia
1982/1983,1982,Liga Alef,North,12,Hapoel Migdal HaEmek,English Wikipedia
1982/1983,1982,Liga Alef,North,13,Hapoel Givat Olga,English Wikipedia
1982/1983,1982,Liga Alef,North,14,Hapoel Nahliel,English Wikipedia
1982/1983,1982,Liga Alef,South,1,Hapoel Marmorek,English Wikipedia
1982/1983,1982,Liga Alef,South,2,Maccabi Sha'arayim,English Wikipedia
1982/1983,1982,Liga Alef,South,3,Hapoel Holon,English Wikipedia
1982/1983,1982,Liga Alef,South,4,Maccabi Kiryat Gat,English Wikipedia
1982/1983,1982,Liga Alef,South,5,Hapoel Kiryat Ono,English Wikipedia
1982/1983,1982,Liga Alef,South,6,Maccabi Ironi Ashdod,English Wikipedia
1982/1983,1982,Liga Alef,South,7,Hapoel Yeruham,English Wikipedia
1982/1983,1982,Liga Alef,South,8,Hapoel Ramla,English Wikipedia
1982/1983,1982,Liga Alef,South,9,Hapoel Bat Yam,English Wikipedia
1982/1983,1982,Liga Alef,South,10,Hapoel Azor,English Wikipedia
1982/1983,1982,Liga Alef,South,11,Beitar Be'er Sheva,English Wikipedia
1982/1983,1982,Liga Alef,South,13,Hapoel Ashdod,English Wikipedia
1982/1983,1982,Liga Alef,South,14,Hapoel Dimona,English Wikipedia
1982/1983,1982,Liga Artzit,,1,Beitar Tel Aviv,Hebrew Wikipedia
1982/1983,1982,Liga Artzit,,2,Hakoah Ramat Gan,Hebrew Wikipedia
1982/1983,1982,Liga Artzit,,3,Maccabi Ramat Amidar,Hebrew Wikipedia
1982/1983,1982,Liga Artzit,,4,Hapoel Haifa,Hebrew Wikipedia
1982/1983,1982,Liga Artzit,,5,Hapoel Rishon LeZion,Hebrew Wikipedia
1982/1983,1982,Liga Artzit,,6,Hapoel Petah Tikva,Hebrew Wikipedia
1982/1983,1982,Liga Artzit,,7,Hapoel Ashkelon,Hebrew Wikipedia
1982/1983,1982,Liga Artzit,,8,Hapoel Hadera,Hebrew Wikipedia
1982/1983,1982,Liga Artzit,,9,Hapoel Nof HaGalil,Hebrew Wikipedia
1982/1983,1982,Liga Artzit,,10,Beitar Ramla,Hebrew Wikipedia
1982/1983,1982,Liga Artzit,,11,Hapoel Beit She'an,Hebrew Wikipedia
1982/1983,1982,Liga Artzit,,12,Hapoel Beit Shemesh,Hebrew Wikipedia
1982/1983,1982,Liga Artzit,,13,Hapoel Kiryat Shmona,Hebrew Wikipedia
1982/1983,1982,Liga Artzit,,14,Maccabi Shfar'am,Hebrew Wikipedia
1982/1983,1982,Liga Artzit,,14,Maccabi Shefa-'Amr,English Wikipedia
1982/1983,1982,Liga Artzit,,15,Hapoel Acre,Hebrew Wikipedia
1982/1983,1982,Liga Artzit,,16,Hapoel Tel Hanan,Hebrew Wikipedia
1982/1983,1982,Liga Bet,North Division A,1,Maccabi Ahi Nazareth,English Wikipedia
1982/1983,1982,Liga Bet,North Division A,2,Maccabi Kiryat Bialik,English Wikipedia
1982/1983,1982,Liga Bet,North Division A,3,Hapoel Nahariya,English Wikipedia
1982/1983,1982,Liga Bet,North Division A,4,Maccabi Ironi Kiryat Ata,English Wikipedia
1982/1983,1982,Liga Bet,North Division A,5,Hapoel Makr,English Wikipedia
1982/1983,1982,Liga Bet,North Division A,6,Maccabi Tamra,English Wikipedia
1982/1983,1982,Liga Bet,North Division A,7,Hapoel Ein Mahil,English Wikipedia
1982/1983,1982,Liga Bet,North Division A,8,Hapoel Bnei Tamra,English Wikipedia
1982/1983,1982,Liga Bet,North Division A,9,Hapoel Bnei Acre,English Wikipedia
1982/1983,1982,Liga Bet,North Division A,10,Hapoel Afikim,English Wikipedia
1982/1983,1982,Liga Bet,North Division A,11,Hapoel Safed,English Wikipedia
1982/1983,1982,Liga Bet,North Division A,12,Hapoel Kafr Sumei,English Wikipedia
1982/1983,1982,Liga Bet,North Division A,13,Maccabi Sektzia Ma'alot-Tarshiha,English Wikipedia
1982/1983,1982,Liga Bet,North Division A,14,Hapoel Bnei Rameh,English Wikipedia
1982/1983,1982,Liga Bet,North Division B,1,Maccabi Afula,English Wikipedia
1982/1983,1982,Liga Bet,North Division B,2,Maccabi Or Akiva,English Wikipedia
1982/1983,1982,Liga Bet,North Division B,3,Hapoel Kafr Sulam,English Wikipedia
1982/1983,1982,Liga Bet,North Division B,4,Hapoel Taibe,English Wikipedia
1982/1983,1982,Liga Bet,North Division B,5,Hapoel Afula,English Wikipedia
1982/1983,1982,Liga Bet,North Division B,6,Hapoel Umm al-Fahm,English Wikipedia
1982/1983,1982,Liga Bet,North Division B,7,Hapoel Baqa al-Gharbiyye,English Wikipedia
1982/1983,1982,Liga Bet,North Division B,8,Hapoel Daliyat al-Karmel,English Wikipedia
1982/1983,1982,Liga Bet,North Division B,9,Hapoel Kafr Qara,English Wikipedia
1982/1983,1982,Liga Bet,North Division B,10,Hapoel HaTzair Kiryat Haim,English Wikipedia
1982/1983,1982,Liga Bet,North Division B,11,Hapoel Givat Haim,English Wikipedia
1982/1983,1982,Liga Bet,North Division B,12,Hapoel Aliyah Kfar Saba,English Wikipedia
1982/1983,1982,Liga Bet,North Division B,13,Beitar al-Amal Nazareth,English Wikipedia
1982/1983,1982,Liga Bet,South Division A,1,Hapoel Ihud Tzeirei Jaffa,English Wikipedia
1982/1983,1982,Liga Bet,South Division A,2,Maccabi HaShikma Hen,English Wikipedia
1982/1983,1982,Liga Bet,South Division A,3,Hapoel Tira,English Wikipedia
1982/1983,1982,Liga Bet,South Division A,4,Hapoel Neve Golan,English Wikipedia
1982/1983,1982,Liga Bet,South Division A,5,Hapoel Jaljulia,English Wikipedia
1982/1983,1982,Liga Bet,South Division A,6,Hapoel Mahane Yehuda,English Wikipedia
1982/1983,1982,Liga Bet,South Division A,7,Hapoel Rosh HaAyin,English Wikipedia
1982/1983,1982,Liga Bet,South Division A,8,Hapoel Kafr Qasim,English Wikipedia
1982/1983,1982,Liga Bet,South Division A,9,Hapoel Ironi Herzliya,English Wikipedia
1982/1983,1982,Liga Bet,South Division A,10,Hapoel Tel Mond,English Wikipedia
1982/1983,1982,Liga Bet,South Division A,11,Hapoel Or Yehuda,English Wikipedia
1982/1983,1982,Liga Bet,South Division A,12,Hapoel Kfar Shalem,English Wikipedia
1982/1983,1982,Liga Bet,South Division A,13,Beitar Hod HaSharon,English Wikipedia
1982/1983,1982,Liga Bet,South Division A,14,Beitar Beit Dagan,English Wikipedia
1982/1983,1982,Liga Bet,South Division B,1,Maccabi Lazarus Holon,English Wikipedia
1982/1983,1982,Liga Bet,South Division B,2,Hapoel Kiryat Malakhi,English Wikipedia
1982/1983,1982,Liga Bet,South Division B,3,Hapoel Sderot,English Wikipedia
1982/1983,1982,Liga Bet,South Division B,4,Maccabi Rehovot,English Wikipedia
1982/1983,1982,Liga Bet,South Division B,5,Sektzia Nes Tziona,English Wikipedia
1982/1983,1982,Liga Bet,South Division B,6,Hapoel Merhavim,English Wikipedia
1982/1983,1982,Liga Bet,South Division B,7,Maccabi Be'er Sheva,English Wikipedia
1982/1983,1982,Liga Bet,South Division B,8,Beitar Lod,English Wikipedia
1982/1983,1982,Liga Bet,South Division B,9,Beitar Kiryat Gat,English Wikipedia
1982/1983,1982,Liga Bet,South Division B,10,Maccabi Ashkelon,English Wikipedia
1982/1983,1982,Liga Bet,South Division B,11,Hapoel Be'er Ya'akov,English Wikipedia
1982/1983,1982,Liga Bet,South Division B,12,Maccabi Kiryat Ekron,English Wikipedia
1982/1983,1982,Liga Bet,South Division B,13,Hapoel Ofakim,English Wikipedia
1982/1983,1982,Liga Bet,South Division B,14,Hapoel Gedera,English Wikipedia
1982/1983,1982,Liga Leumit,,1,Maccabi Netanya,RSSSF
1982/1983,1982,Liga Leumit,,2,Shimshon Tel Aviv,RSSSF
1982/1983,1982,Liga Leumit,,3,Hapoel Be'er Sheva,RSSSF
1982/1983,1982,Liga Leumit,,4,Hapoel Tel Aviv,RSSSF
1982/1983,1982,Liga Leumit,,5,Maccabi Tel Aviv,RSSSF
1982/1983,1982,Liga Leumit,,6,Maccabi Haifa,RSSSF
1982/1983,1982,Liga Leumit,,7,Hapoel Lod,RSSSF
1982/1983,1982,Liga Leumit,,8,Beitar Jerusalem,RSSSF
1982/1983,1982,Liga Leumit,,9,Maccabi Petah Tikva,RSSSF
1982/1983,1982,Liga Leumit,,10,Maccabi Yavne,RSSSF
1982/1983,1982,Liga Leumit,,11,Hapoel Yehud,RSSSF
1982/1983,1982,Liga Leumit,,12,Bnei Yehuda Tel Aviv,RSSSF
1982/1983,1982,Liga Leumit,,13,Maccabi Jaffa,RSSSF
1982/1983,1982,Liga Leumit,,14,Hapoel Ramat Gan,RSSSF
1982/1983,1982,Liga Leumit,,15,Hapoel Jerusalem,RSSSF
1982/1983,1982,Liga Leumit,,16,Hapoel Kfar Saba,RSSSF
1983/1984,1983,Liga Alef,North,1,Hapoel Tiberias,English Wikipedia
1983/1984,1983,Liga Alef,North,2,Beitar Nes Tubruk,English Wikipedia
1983/1984,1983,Liga Alef,North,3,Maccabi Shefa-'Amr,English Wikipedia
1983/1984,1983,Liga Alef,North,4,Maccabi Afula,English Wikipedia
1983/1984,1983,Liga Alef,North,5,Hapoel Acre,English Wikipedia
1983/1984,1983,Liga Alef,North,6,Hapoel Bnei Nazareth,English Wikipedia
1983/1984,1983,Liga Alef,North,7,Maccabi Ahi Nazareth,English Wikipedia
1983/1984,1983,Liga Alef,North,8,Hapoel Tirat Carmel,English Wikipedia
1983/1984,1983,Liga Alef,North,9,Hapoel Ra'anana,English Wikipedia
1983/1984,1983,Liga Alef,North,10,Maccabi Hadera,English Wikipedia
1983/1984,1983,Liga Alef,North,11,Hapoel Tel Hanan,English Wikipedia
1983/1984,1983,Liga Alef,North,12,Hapoel Kiryat Ata,English Wikipedia
1983/1984,1983,Liga Alef,North,13,Maccabi Bnei Hatzor,English Wikipedia
1983/1984,1983,Liga Alef,North,14,Hapoel Migdal HaEmek,English Wikipedia
1983/1984,1983,Liga Alef,South,1,Maccabi Sha'arayim,English Wikipedia
1983/1984,1983,Liga Alef,South,2,Hapoel Ramat HaSharon,English Wikipedia
1983/1984,1983,Liga Alef,South,3,Hapoel Ihud Tzeirei Jaffa,English Wikipedia
1983/1984,1983,Liga Alef,South,4,Hapoel Kiryat Ono,English Wikipedia
1983/1984,1983,Liga Alef,South,5,Hapoel Azor,English Wikipedia
1983/1984,1983,Liga Alef,South,6,Maccabi Lazarus Holon,English Wikipedia
1983/1984,1983,Liga Alef,South,7,Hapoel Bat Yam,English Wikipedia
1983/1984,1983,Liga Alef,South,8,Beitar Be'er Sheva,English Wikipedia
1983/1984,1983,Liga Alef,South,9,Maccabi Kiryat Gat,English Wikipedia
1983/1984,1983,Liga Alef,South,10,Hapoel Yeruham,English Wikipedia
1983/1984,1983,Liga Alef,South,11,Hapoel Holon,English Wikipedia
1983/1984,1983,Liga Alef,South,12,Hapoel Ramla,English Wikipedia
1983/1984,1983,Liga Alef,South,13,Maccabi Ironi Ashdod,English Wikipedia
1983/1984,1983,Liga Alef,South,14,Maccabi Herzliya,English Wikipedia
1983/1984,1983,Liga Artzit,,1,Hapoel Haifa,Hebrew Wikipedia
1983/1984,1983,Liga Artzit,,2,Hapoel Kfar Saba,Hebrew Wikipedia
1983/1984,1983,Liga Artzit,,3,Hapoel Petah Tikva,Hebrew Wikipedia
1983/1984,1983,Liga Artzit,,4,Hapoel Rishon LeZion,Hebrew Wikipedia
1983/1984,1983,Liga Artzit,,5,Hapoel Hadera,Hebrew Wikipedia
1983/1984,1983,Liga Artzit,,6,Hapoel Ashkelon,Hebrew Wikipedia
1983/1984,1983,Liga Artzit,,7,Hapoel Ramat Gan,Hebrew Wikipedia
1983/1984,1983,Liga Artzit,,8,Hapoel Jerusalem,Hebrew Wikipedia
1983/1984,1983,Liga Artzit,,9,Beitar Haifa,Hebrew Wikipedia
1983/1984,1983,Liga Artzit,,10,Beitar Ramla,Hebrew Wikipedia
1983/1984,1983,Liga Artzit,,11,Hapoel Holon,Hebrew Wikipedia
1983/1984,1983,Liga Artzit,,12,Hapoel Kiryat Shmona,Hebrew Wikipedia
1983/1984,1983,Liga Artzit,,13,Hapoel Marmorek,Hebrew Wikipedia
1983/1984,1983,Liga Artzit,,14,Hapoel Beit She'an,Hebrew Wikipedia
1983/1984,1983,Liga Artzit,,15,Hapoel Nof HaGalil,Hebrew Wikipedia
1983/1984,1983,Liga Artzit,,16,Hapoel Beit Shemesh,Hebrew Wikipedia
1983/1984,1983,Liga Bet,North Division A,1,Maccabi Tamra,English Wikipedia
1983/1984,1983,Liga Bet,North Division A,2,Maccabi Ironi Kiryat Ata,English Wikipedia
1983/1984,1983,Liga Bet,North Division A,3,Beitar Nahariya,English Wikipedia
1983/1984,1983,Liga Bet,North Division A,4,Hapoel Bnei Tamra,English Wikipedia
1983/1984,1983,Liga Bet,North Division A,5,Hapoel Afikim,English Wikipedia
1983/1984,1983,Liga Bet,North Division A,6,Hapoel Nahariya,English Wikipedia
1983/1984,1983,Liga Bet,North Division A,7,Maccabi Kiryat Bialik,English Wikipedia
1983/1984,1983,Liga Bet,North Division A,8,Hapoel Iksal,English Wikipedia
1983/1984,1983,Liga Bet,North Division A,9,Hapoel Makr,English Wikipedia
1983/1984,1983,Liga Bet,North Division A,10,Hapoel Bnei Acre,English Wikipedia
1983/1984,1983,Liga Bet,North Division A,11,Hapoel Kafr Sumei,English Wikipedia
1983/1984,1983,Liga Bet,North Division A,12,Hapoel Majd al-Krum,English Wikipedia
1983/1984,1983,Liga Bet,North Division A,13,Hapoel Ein Mahil,English Wikipedia
1983/1984,1983,Liga Bet,North Division A,14,Hapoel Safed,English Wikipedia
1983/1984,1983,Liga Bet,North Division B,1,Maccabi Or Akiva,English Wikipedia
1983/1984,1983,Liga Bet,North Division B,2,Hapoel Givat Olga,English Wikipedia
1983/1984,1983,Liga Bet,North Division B,3,Hapoel Aliyah Kfar Saba,English Wikipedia
1983/1984,1983,Liga Bet,North Division B,4,Hapoel Baqa al-Gharbiyye,English Wikipedia
1983/1984,1983,Liga Bet,North Division B,5,Hapoel Kafr Qara,English Wikipedia
1983/1984,1983,Liga Bet,North Division B,6,Hapoel Nahliel,English Wikipedia
1983/1984,1983,Liga Bet,North Division B,7,Hapoel Beit Eliezer,English Wikipedia
1983/1984,1983,Liga Bet,North Division B,8,Hapoel Kafr Sulam,English Wikipedia
1983/1984,1983,Liga Bet,North Division B,9,Hapoel Daliyat al-Karmel,English Wikipedia
1983/1984,1983,Liga Bet,North Division B,10,Hapoel Taibe,English Wikipedia
1983/1984,1983,Liga Bet,North Division B,11,Hapoel Umm al-Fahm,English Wikipedia
1983/1984,1983,Liga Bet,North Division B,12,Hapoel HaTzair Kiryat Haim,English Wikipedia
1983/1984,1983,Liga Bet,North Division B,13,Hapoel Givat Haim,English Wikipedia
1983/1984,1983,Liga Bet,South Division A,1,Maccabi HaShikma Hen,English Wikipedia
1983/1984,1983,Liga Bet,South Division A,2,Hapoel Jaljulia,English Wikipedia
1983/1984,1983,Liga Bet,South Division A,3,Hapoel Or Yehuda,English Wikipedia
1983/1984,1983,Liga Bet,South Division A,4,Hapoel Kafr Qasim,English Wikipedia
1983/1984,1983,Liga Bet,South Division A,5,Hapoel Ironi Herzliya,English Wikipedia
1983/1984,1983,Liga Bet,South Division A,6,Hapoel Kfar Shalem,English Wikipedia
1983/1984,1983,Liga Bet,South Division A,7,Beitar Kfar Saba,English Wikipedia
1983/1984,1983,Liga Bet,South Division A,8,Hapoel Tira,English Wikipedia
1983/1984,1983,Liga Bet,South Division A,9,Maccabi Shikun HaMizrah,English Wikipedia
1983/1984,1983,Liga Bet,South Division A,10,Hapoel Mahane Yehuda,English Wikipedia
1983/1984,1983,Liga Bet,South Division A,11,Beitar Katamonim,English Wikipedia
1983/1984,1983,Liga Bet,South Division A,12,Hapoel Neve Golan,English Wikipedia
1983/1984,1983,Liga Bet,South Division A,13,Hapoel Rosh HaAyin,English Wikipedia
1983/1984,1983,Liga Bet,South Division A,14,Hapoel Tel Mond,English Wikipedia
1983/1984,1983,Liga Bet,South Division B,1,Hapoel Dimona,English Wikipedia
1983/1984,1983,Liga Bet,South Division B,2,Hapoel Sderot,English Wikipedia
1983/1984,1983,Liga Bet,South Division B,3,Hapoel Kiryat Malakhi,English Wikipedia
1983/1984,1983,Liga Bet,South Division B,4,Hapoel Be'er Ya'akov,English Wikipedia
1983/1984,1983,Liga Bet,South Division B,5,Hapoel Ashdod,English Wikipedia
1983/1984,1983,Liga Bet,South Division B,6,Hapoel Merhavim,English Wikipedia
1983/1984,1983,Liga Bet,South Division B,7,Maccabi Kiryat Ekron,English Wikipedia
1983/1984,1983,Liga Bet,South Division B,8,Beitar Lod,English Wikipedia
1983/1984,1983,Liga Bet,South Division B,9,Beitar Kiryat Gat,English Wikipedia
1983/1984,1983,Liga Bet,South Division B,10,Maccabi Rehovot,English Wikipedia
1983/1984,1983,Liga Bet,South Division B,11,Beitar Kiryat Malakhi,English Wikipedia
1983/1984,1983,Liga Bet,South Division B,12,Sektzia Nes Tziona,English Wikipedia
1983/1984,1983,Liga Bet,South Division B,13,Maccabi Be'er Sheva,English Wikipedia
1983/1984,1983,Liga Bet,South Division B,14,Maccabi Ashkelon,English Wikipedia
1983/1984,1983,Liga Leumit,,1,Maccabi Haifa,RSSSF
1983/1984,1983,Liga Leumit,,2,Beitar Jerusalem,RSSSF
1983/1984,1983,Liga Leumit,,3,Hapoel Tel Aviv,RSSSF
1983/1984,1983,Liga Leumit,,4,Maccabi Netanya,RSSSF
1983/1984,1983,Liga Leumit,,5,Maccabi Tel Aviv,RSSSF
1983/1984,1983,Liga Leumit,,6,Beitar Tel Aviv,RSSSF
1983/1984,1983,Liga Leumit,,7,Hapoel Be'er Sheva,RSSSF
1983/1984,1983,Liga Leumit,,8,Hapoel Lod,RSSSF
1983/1984,1983,Liga Leumit,,9,Maccabi Petah Tikva,RSSSF
1983/1984,1983,Liga Leumit,,10,Maccabi Jaffa,RSSSF
1983/1984,1983,Liga Leumit,,11,Hakoah Ramat Gan,RSSSF
1983/1984,1983,Liga Leumit,,12,Shimshon Tel Aviv,RSSSF
1983/1984,1983,Liga Leumit,,13,Maccabi Yavne,RSSSF
1983/1984,1983,Liga Leumit,,14,Bnei Yehuda Tel Aviv,RSSSF
1983/1984,1983,Liga Leumit,,15,Maccabi Ramat Amidar,RSSSF
1983/1984,1983,Liga Leumit,,16,Hapoel Yehud,RSSSF
1984/1985,1984,Liga Alef,North,1,Beitar Nes Tubruk,English Wikipedia
1984/1985,1984,Liga Alef,North,2,Hapoel Acre,English Wikipedia
1984/1985,1984,Liga Alef,North,3,Maccabi Hadera,English Wikipedia
1984/1985,1984,Liga Alef,North,4,Hapoel Beit She'an,English Wikipedia
1984/1985,1984,Liga Alef,North,5,Maccabi Shefa-'Amr,English Wikipedia
1984/1985,1984,Liga Alef,North,6,Maccabi Tamra,English Wikipedia
1984/1985,1984,Liga Alef,North,7,Maccabi Ahi Nazareth,English Wikipedia
1984/1985,1984,Liga Alef,North,8,Hapoel Kiryat Ata,English Wikipedia
1984/1985,1984,Liga Alef,North,9,Maccabi Or Akiva,English Wikipedia
1984/1985,1984,Liga Alef,North,10,Hapoel Nof HaGalil,English Wikipedia
1984/1985,1984,Liga Alef,North,11,Hapoel Tirat Carmel,English Wikipedia
1984/1985,1984,Liga Alef,North,12,Maccabi Afula,English Wikipedia
1984/1985,1984,Liga Alef,North,13,Hapoel Bnei Nazareth,English Wikipedia
1984/1985,1984,Liga Alef,North,14,Hapoel Tel Hanan,English Wikipedia
1984/1985,1984,Liga Alef,South,1,Hapoel Beit Shemesh,English Wikipedia
1984/1985,1984,Liga Alef,South,2,Maccabi Lazarus Holon,English Wikipedia
1984/1985,1984,Liga Alef,South,3,Maccabi Kiryat Gat,English Wikipedia
1984/1985,1984,Liga Alef,South,4,Maccabi HaShikma Hen,English Wikipedia
1984/1985,1984,Liga Alef,South,5,Hapoel Kiryat Ono,English Wikipedia
1984/1985,1984,Liga Alef,South,6,Hapoel Holon,English Wikipedia
1984/1985,1984,Liga Alef,South,7,Hapoel Bat Yam,English Wikipedia
1984/1985,1984,Liga Alef,South,8,Beitar Be'er Sheva,English Wikipedia
1984/1985,1984,Liga Alef,South,9,Hapoel Yeruham,English Wikipedia
1984/1985,1984,Liga Alef,South,10,Hapoel Dimona,English Wikipedia
1984/1985,1984,Liga Alef,South,11,Hapoel Azor,English Wikipedia
1984/1985,1984,Liga Alef,South,12,Hapoel Ra'anana,English Wikipedia
1984/1985,1984,Liga Alef,South,13,Hapoel Ramla,English Wikipedia
1984/1985,1984,Liga Alef,South,14,Hapoel Ihud Tzeirei Jaffa,English Wikipedia
1984/1985,1984,Liga Artzit,,1,Bnei Yehuda Tel Aviv,Hebrew Wikipedia
1984/1985,1984,Liga Artzit,,2,Maccabi Sha'arayim,Hebrew Wikipedia
1984/1985,1984,Liga Artzit,,3,Hapoel Jerusalem,Hebrew Wikipedia
1984/1985,1984,Liga Artzit,,4,Ironi Nir Ramat HaSharon,Hebrew Wikipedia
1984/1985,1984,Liga Artzit,,4,Hapoel Ramat HaSharon,English Wikipedia
1984/1985,1984,Liga Artzit,,5,Hapoel Hadera,Hebrew Wikipedia
1984/1985,1984,Liga Artzit,,6,Hapoel Holon,Hebrew Wikipedia
1984/1985,1984,Liga Artzit,,7,Maccabi Ramat Amidar,Hebrew Wikipedia
1984/1985,1984,Liga Artzit,,8,Hapoel Yehud,Hebrew Wikipedia
1984/1985,1984,Liga Artzit,,9,Hapoel Marmorek,Hebrew Wikipedia
1984/1985,1984,Liga Artzit,,10,Hapoel Tiberias,Hebrew Wikipedia
1984/1985,1984,Liga Artzit,,11,Hapoel Ramat Gan,Hebrew Wikipedia
1984/1985,1984,Liga Artzit,,12,Beitar Ramla,Hebrew Wikipedia
1984/1985,1984,Liga Artzit,,13,Beitar Haifa,Hebrew Wikipedia
1984/1985,1984,Liga Artzit,,14,Hapoel Ashkelon,Hebrew Wikipedia
1984/1985,1984,Liga Artzit,,15,Hapoel Rishon LeZion,Hebrew Wikipedia
1984/1985,1984,Liga Artzit,,16,Hapoel Kiryat Shmona,Hebrew Wikipedia
1984/1985,1984,Liga Bet,North Division A,1,Beitar Nahariya,English Wikipedia
1984/1985,1984,Liga Bet,North Division A,2,Hapoel Bnei Tamra,English Wikipedia
1984/1985,1984,Liga Bet,North Division A,3,Hapoel Afikim,English Wikipedia
1984/1985,1984,Liga Bet,North Division A,4,Maccabi Ironi Kiryat Ata,English Wikipedia
1984/1985,1984,Liga Bet,North Division A,5,Maccabi Bnei Hatzor,English Wikipedia
1984/1985,1984,Liga Bet,North Division A,6,Maccabi Kiryat Bialik,English Wikipedia
1984/1985,1984,Liga Bet,North Division A,7,Hapoel Bnei Acre,English Wikipedia
1984/1985,1984,Liga Bet,North Division A,8,Hapoel Abu Snan,English Wikipedia
1984/1985,1984,Liga Bet,North Division A,9,Hapoel Nahariya,English Wikipedia
1984/1985,1984,Liga Bet,North Division A,10,Hapoel Iksal,English Wikipedia
1984/1985,1984,Liga Bet,North Division A,11,Hapoel Majd al-Krum,English Wikipedia
1984/1985,1984,Liga Bet,North Division A,12,Maccabi Sektzia Ma'alot-Tarshiha,English Wikipedia
1984/1985,1984,Liga Bet,North Division A,13,Hapoel Makr,English Wikipedia
1984/1985,1984,Liga Bet,North Division A,14,Hapoel Kafr Sumei,English Wikipedia
1984/1985,1984,Liga Bet,North Division B,1,Hapoel Aliyah Kfar Saba,English Wikipedia
1984/1985,1984,Liga Bet,North Division B,2,Hapoel Umm al-Fahm,English Wikipedia
1984/1985,1984,Liga Bet,North Division B,3,Hapoel Daliyat al-Karmel,English Wikipedia
1984/1985,1984,Liga Bet,North Division B,4,Hapoel Givat Olga,English Wikipedia
1984/1985,1984,Liga Bet,North Division B,5,Hapoel Baqa al-Gharbiyye,English Wikipedia
1984/1985,1984,Liga Bet,North Division B,6,Maccabi Isfiya,English Wikipedia
1984/1985,1984,Liga Bet,North Division B,7,Hapoel Beit Eliezer,English Wikipedia
1984/1985,1984,Liga Bet,North Division B,8,Hapoel Nahliel,English Wikipedia
1984/1985,1984,Liga Bet,North Division B,9,Hapoel Kafr Sulam,English Wikipedia
1984/1985,1984,Liga Bet,North Division B,10,Hapoel Taibe,English Wikipedia
1984/1985,1984,Liga Bet,North Division B,11,Hapoel Yokneam,English Wikipedia
1984/1985,1984,Liga Bet,North Division B,12,Hapoel Migdal HaEmek,English Wikipedia
1984/1985,1984,Liga Bet,North Division B,13,Hapoel Kafr Qara,English Wikipedia
1984/1985,1984,Liga Bet,North Division B,14,Hapoel Givat Haim,English Wikipedia
1984/1985,1984,Liga Bet,South Division A,1,Hapoel Or Yehuda,English Wikipedia
1984/1985,1984,Liga Bet,South Division A,2,Maccabi Shikun HaMizrah,English Wikipedia
1984/1985,1984,Liga Bet,South Division A,3,Maccabi Ramla,English Wikipedia
1984/1985,1984,Liga Bet,South Division A,4,Hapoel Jaljulia,English Wikipedia
1984/1985,1984,Liga Bet,South Division A,5,Hapoel Tira,English Wikipedia
1984/1985,1984,Liga Bet,South Division A,6,Maccabi Ramat HaSharon,English Wikipedia
1984/1985,1984,Liga Bet,South Division A,7,Hapoel Kfar Shalem,English Wikipedia
1984/1985,1984,Liga Bet,South Division A,8,Hapoel Kafr Qasim,English Wikipedia
1984/1985,1984,Liga Bet,South Division A,9,Hapoel Mahane Yehuda,English Wikipedia
1984/1985,1984,Liga Bet,South Division A,10,Beitar Kfar Saba,English Wikipedia
1984/1985,1984,Liga Bet,South Division A,11,Maccabi Herzliya,English Wikipedia
1984/1985,1984,Liga Bet,South Division A,12,Hapoel Ironi Herzliya,English Wikipedia
1984/1985,1984,Liga Bet,South Division A,13,Beitar Katamonim,English Wikipedia
1984/1985,1984,Liga Bet,South Division A,14,Hapoel Neve Golan,English Wikipedia
1984/1985,1984,Liga Bet,South Division B,1,Hapoel Kiryat Malakhi,English Wikipedia
1984/1985,1984,Liga Bet,South Division B,2,Sektzia Nes Tziona,English Wikipedia
1984/1985,1984,Liga Bet,South Division B,3,Maccabi Kiryat Ekron,English Wikipedia
1984/1985,1984,Liga Bet,South Division B,4,Maccabi Ironi Ashdod,English Wikipedia
1984/1985,1984,Liga Bet,South Division B,5,Maccabi Rehovot,English Wikipedia
1984/1985,1984,Liga Bet,South Division B,6,Hapoel Sderot,English Wikipedia
1984/1985,1984,Liga Bet,South Division B,7,Hapoel Merhavim,English Wikipedia
1984/1985,1984,Liga Bet,South Division B,8,Maccabi Ramat Ben Zvi,English Wikipedia
1984/1985,1984,Liga Bet,South Division B,9,Hapoel Ashdod,English Wikipedia
1984/1985,1984,Liga Bet,South Division B,10,Hapoel Be'er Ya'akov,English Wikipedia
1984/1985,1984,Liga Bet,South Division B,11,Hapoel Eilat,English Wikipedia
1984/1985,1984,Liga Bet,South Division B,12,Beitar Lod,English Wikipedia
1984/1985,1984,Liga Bet,South Division B,13,Beitar Kiryat Malakhi,English Wikipedia
1984/1985,1984,Liga Bet,South Division B,14,Beitar Kiryat Gat,English Wikipedia
1984/1985,1984,Liga Leumit,,1,Maccabi Haifa,RSSSF
1984/1985,1984,Liga Leumit,,2,Beitar Jerusalem,RSSSF
1984/1985,1984,Liga Leumit,,3,Shimshon Tel Aviv,RSSSF
1984/1985,1984,Liga Leumit,,4,Maccabi Petah Tikva,RSSSF
1984/1985,1984,Liga Leumit,,5,Hapoel Haifa,RSSSF
1984/1985,1984,Liga Leumit,,6,Hapoel Petah Tikva,RSSSF
1984/1985,1984,Liga Leumit,,7,Maccabi Tel Aviv,RSSSF
1984/1985,1984,Liga Leumit,,8,Maccabi Netanya,RSSSF
1984/1985,1984,Liga Leumit,,9,Hapoel Tel Aviv,RSSSF
1984/1985,1984,Liga Leumit,,10,Maccabi Yavne,RSSSF
1984/1985,1984,Liga Leumit,,11,Hapoel Kfar Saba,RSSSF
1984/1985,1984,Liga Leumit,,12,Maccabi Jaffa,RSSSF
1984/1985,1984,Liga Leumit,,13,Hapoel Be'er Sheva,RSSSF
1984/1985,1984,Liga Leumit,,14,Beitar Tel Aviv,RSSSF
1984/1985,1984,Liga Leumit,,15,Hapoel Lod,RSSSF
1984/1985,1984,Liga Leumit,,16,Hakoah Ramat Gan,RSSSF
1985/1986,1985,Liga Alef,North,1,Hapoel Beit She'an,English Wikipedia
1985/1986,1985,Liga Alef,North,2,Beitar Nahariya,English Wikipedia
1985/1986,1985,Liga Alef,North,3,Maccabi Hadera,English Wikipedia
1985/1986,1985,Liga Alef,North,4,Hapoel Kiryat Ata,English Wikipedia
1985/1986,1985,Liga Alef,North,5,Hapoel Kiryat Shmona,English Wikipedia
1985/1986,1985,Liga Alef,North,6,Hapoel Aliyah Kfar Saba,English Wikipedia
1985/1986,1985,Liga Alef,North,7,Hapoel Ra'anana,English Wikipedia
1985/1986,1985,Liga Alef,North,8,Maccabi Ahi Nazareth,English Wikipedia
1985/1986,1985,Liga Alef,North,9,Hapoel Tirat Carmel,English Wikipedia
1985/1986,1985,Liga Alef,North,10,Maccabi Afula,English Wikipedia
1985/1986,1985,Liga Alef,North,11,Maccabi Tamra,English Wikipedia
1985/1986,1985,Liga Alef,North,12,Maccabi Or Akiva,English Wikipedia
1985/1986,1985,Liga Alef,North,13,Hapoel Nof HaGalil,English Wikipedia
1985/1986,1985,Liga Alef,North,14,Maccabi Shefa-'Amr,English Wikipedia
1985/1986,1985,Liga Alef,South,1,Hapoel Dimona,English Wikipedia
1985/1986,1985,Liga Alef,South,2,Hapoel Rishon LeZion,English Wikipedia
1985/1986,1985,Liga Alef,South,3,Beitar Be'er Sheva,English Wikipedia
1985/1986,1985,Liga Alef,South,4,Maccabi Lazarus Holon,English Wikipedia
1985/1986,1985,Liga Alef,South,5,Hapoel Ashkelon,English Wikipedia
1985/1986,1985,Liga Alef,South,6,Hapoel Kiryat Malakhi,English Wikipedia
1985/1986,1985,Liga Alef,South,7,Hapoel Bat Yam,English Wikipedia
1985/1986,1985,Liga Alef,South,8,Hapoel Kiryat Ono,English Wikipedia
1985/1986,1985,Liga Alef,South,9,Maccabi Kiryat Gat,English Wikipedia
1985/1986,1985,Liga Alef,South,10,Hapoel Or Yehuda,English Wikipedia
1985/1986,1985,Liga Alef,South,11,Hapoel Azor,English Wikipedia
1985/1986,1985,Liga Alef,South,12,Hapoel Yeruham,English Wikipedia
1985/1986,1985,Liga Alef,South,13,Maccabi HaShikma Hen,English Wikipedia
1985/1986,1985,Liga Artzit,,1,Beitar Netanya,Hebrew Wikipedia
1985/1986,1985,Liga Artzit,,1,Beitar Nes Tubruk,English Wikipedia
1985/1986,1985,Liga Artzit,,2,Beitar Tel Aviv,Hebrew Wikipedia
1985/1986,1985,Liga Artzit,,3,Hapoel Lod,Hebrew Wikipedia
1985/1986,1985,Liga Artzit,,4,Hapoel Holon,Hebrew Wikipedia
1985/1986,1985,Liga Artzit,,5,Hapoel Tiberias,Hebrew Wikipedia
1985/1986,1985,Liga Artzit,,6,Hapoel Hadera,Hebrew Wikipedia
1985/1986,1985,Liga Artzit,,7,Maccabi Ramat Amidar,Hebrew Wikipedia
1985/1986,1985,Liga Artzit,,8,Hapoel Marmorek,Hebrew Wikipedia
1985/1986,1985,Liga Artzit,,9,Hapoel Acre,Hebrew Wikipedia
1985/1986,1985,Liga Artzit,,10,Beitar Ramla,Hebrew Wikipedia
1985/1986,1985,Liga Artzit,,11,Hapoel Ramat Gan,Hebrew Wikipedia
1985/1986,1985,Liga Artzit,,12,Hakoah Ramat Gan,Hebrew Wikipedia
1985/1986,1985,Liga Artzit,,13,Hapoel Yehud,Hebrew Wikipedia
1985/1986,1985,Liga Artzit,,14,Ironi Nir Ramat HaSharon,Hebrew Wikipedia
1985/1986,1985,Liga Artzit,,14,Hapoel Ramat HaSharon,English Wikipedia
1985/1986,1985,Liga Artzit,,15,Hapoel Beit Shemesh,Hebrew Wikipedia
1985/1986,1985,Liga Artzit,,16,Beitar Haifa,Hebrew Wikipedia
1985/1986,1985,Liga Bet,North Division A,1,Hapoel Bnei Tamra,English Wikipedia
1985/1986,1985,Liga Bet,North Division A,2,Maccabi Bnei Hatzor,English Wikipedia
1985/1986,1985,Liga Bet,North Division A,3,Beitar Kiryat Shmona,English Wikipedia
1985/1986,1985,Liga Bet,North Division A,4,Maccabi Ironi Kiryat Ata,English Wikipedia
1985/1986,1985,Liga Bet,North Division A,5,Hapoel Tel Hanan,English Wikipedia
1985/1986,1985,Liga Bet,North Division A,6,Hapoel Bnei Nazareth,English Wikipedia
1985/1986,1985,Liga Bet,North Division A,7,Maccabi Sektzia Ma'alot-Tarshiha,English Wikipedia
1985/1986,1985,Liga Bet,North Division A,8,Hapoel Majd al-Krum,English Wikipedia
1985/1986,1985,Liga Bet,North Division A,9,Hapoel Afikim,English Wikipedia
1985/1986,1985,Liga Bet,North Division A,10,Maccabi Kiryat Bialik,English Wikipedia
1985/1986,1985,Liga Bet,North Division A,11,Hapoel Sakhnin,English Wikipedia
1985/1986,1985,Liga Bet,North Division A,12,Hapoel Bnei Acre,English Wikipedia
1985/1986,1985,Liga Bet,North Division A,13,Hapoel Abu Snan,English Wikipedia
1985/1986,1985,Liga Bet,North Division B,1,Hapoel Taibe,English Wikipedia
1985/1986,1985,Liga Bet,North Division B,2,Hapoel Daliyat al-Karmel,English Wikipedia
1985/1986,1985,Liga Bet,North Division B,3,Hapoel Givat Olga,English Wikipedia
1985/1986,1985,Liga Bet,North Division B,4,Maccabi Isfiya,English Wikipedia
1985/1986,1985,Liga Bet,North Division B,5,Hapoel Kafr Sulam,English Wikipedia
1985/1986,1985,Liga Bet,North Division B,6,Hapoel Migdal HaEmek,English Wikipedia
1985/1986,1985,Liga Bet,North Division B,7,Hapoel Yokneam,English Wikipedia
1985/1986,1985,Liga Bet,North Division B,8,Hapoel Nahliel,English Wikipedia
1985/1986,1985,Liga Bet,North Division B,9,Hapoel Beit Eliezer,English Wikipedia
1985/1986,1985,Liga Bet,North Division B,10,Hapoel Iksal,English Wikipedia
1985/1986,1985,Liga Bet,North Division B,11,Maccabi Tzur Shalom,English Wikipedia
1985/1986,1985,Liga Bet,North Division B,12,Hapoel Umm al-Fahm,English Wikipedia
1985/1986,1985,Liga Bet,North Division B,13,Maccabi Zichron Ya'akov,English Wikipedia
1985/1986,1985,Liga Bet,North Division B,14,Hapoel Baqa al-Gharbiyye,English Wikipedia
1985/1986,1985,Liga Bet,South Division A,1,Hapoel Tira,English Wikipedia
1985/1986,1985,Liga Bet,South Division A,2,Hapoel Ihud Tzeirei Jaffa,English Wikipedia
1985/1986,1985,Liga Bet,South Division A,3,Maccabi Shikun HaMizrah,English Wikipedia
1985/1986,1985,Liga Bet,South Division A,4,Hapoel Kfar Shalem,English Wikipedia
1985/1986,1985,Liga Bet,South Division A,5,Hapoel Kafr Qasim,English Wikipedia
1985/1986,1985,Liga Bet,South Division A,6,Hapoel Jaljulia,English Wikipedia
1985/1986,1985,Liga Bet,South Division A,7,Maccabi Herzliya,English Wikipedia
1985/1986,1985,Liga Bet,South Division A,8,Beitar Kfar Saba,English Wikipedia
1985/1986,1985,Liga Bet,South Division A,9,M.M. Givat Shmuel,English Wikipedia
1985/1986,1985,Liga Bet,South Division A,10,Maccabi Ramla,English Wikipedia
1985/1986,1985,Liga Bet,South Division A,11,Beitar Rosh HaAyin,English Wikipedia
1985/1986,1985,Liga Bet,South Division A,12,Hapoel Ironi Herzliya,English Wikipedia
1985/1986,1985,Liga Bet,South Division A,13,Hapoel Mahane Yehuda,English Wikipedia
1985/1986,1985,Liga Bet,South Division A,14,Maccabi Ramat HaSharon,English Wikipedia
1985/1986,1985,Liga Bet,South Division B,1,Hapoel Ramla,English Wikipedia
1985/1986,1985,Liga Bet,South Division B,2,Maccabi Ironi Ashdod,English Wikipedia
1985/1986,1985,Liga Bet,South Division B,3,Hapoel Ashdod,English Wikipedia
1985/1986,1985,Liga Bet,South Division B,4,Hapoel Be'er Ya'akov,English Wikipedia
1985/1986,1985,Liga Bet,South Division B,5,Maccabi Rehovot,English Wikipedia
1985/1986,1985,Liga Bet,South Division B,6,Sektzia Nes Tziona,English Wikipedia
1985/1986,1985,Liga Bet,South Division B,7,Hapoel Eilat,English Wikipedia
1985/1986,1985,Liga Bet,South Division B,8,Maccabi Ramat Ben Zvi,English Wikipedia
1985/1986,1985,Liga Bet,South Division B,9,Maccabi Kiryat Ekron,English Wikipedia
1985/1986,1985,Liga Bet,South Division B,10,Beitar Yavne,English Wikipedia
1985/1986,1985,Liga Bet,South Division B,11,Beitar Lod,English Wikipedia
1985/1986,1985,Liga Bet,South Division B,12,Hapoel Sderot,English Wikipedia
1985/1986,1985,Liga Bet,South Division B,13,Hapoel Merhavim,English Wikipedia
1985/1986,1985,Liga Bet,South Division B,14,Maccabi Be'er Sheva,English Wikipedia
1985/1986,1985,Liga Leumit,,1,Hapoel Tel Aviv,RSSSF
1985/1986,1985,Liga Leumit,,2,Maccabi Haifa,RSSSF
1985/1986,1985,Liga Leumit,,3,Maccabi Tel Aviv,RSSSF
1985/1986,1985,Liga Leumit,,4,Beitar Jerusalem,RSSSF
1985/1986,1985,Liga Leumit,,5,Bnei Yehuda Tel Aviv,RSSSF
1985/1986,1985,Liga Leumit,,6,Hapoel Kfar Saba,RSSSF
1985/1986,1985,Liga Leumit,,7,Maccabi Petah Tikva,RSSSF
1985/1986,1985,Liga Leumit,,8,Hapoel Be'er Sheva,RSSSF
1985/1986,1985,Liga Leumit,,9,Maccabi Netanya,RSSSF
1985/1986,1985,Liga Leumit,,10,Shimshon Tel Aviv,RSSSF
1985/1986,1985,Liga Leumit,,11,Maccabi Yavne,RSSSF
1985/1986,1985,Liga Leumit,,12,Maccabi Jaffa,RSSSF
1985/1986,1985,Liga Leumit,,13,Hapoel Petah Tikva,RSSSF
1985/1986,1985,Liga Leumit,,14,Hapoel Jerusalem,RSSSF
1985/1986,1985,Liga Leumit,,15,Hapoel Haifa,RSSSF
1985/1986,1985,Liga Leumit,,16,Maccabi Sha'arayim,RSSSF
1986/1987,1986,Liga Alef,North,1,Maccabi Hadera,English Wikipedia
1986/1987,1986,Liga Alef,North,2,Hapoel Ra'anana,English Wikipedia
1986/1987,1986,Liga Alef,North,3,Maccabi Tamra,English Wikipedia
1986/1987,1986,Liga Alef,North,4,Beitar Haifa,English Wikipedia
1986/1987,1986,Liga Alef,North,5,Hapoel Kiryat Shmona,English Wikipedia
1986/1987,1986,Liga Alef,North,6,Hapoel Kiryat Ata,English Wikipedia
1986/1987,1986,Liga Alef,North,7,Hapoel Tira,English Wikipedia
1986/1987,1986,Liga Alef,North,8,Hapoel Bnei Tamra,English Wikipedia
1986/1987,1986,Liga Alef,North,9,Maccabi Afula,English Wikipedia
1986/1987,1986,Liga Alef,North,10,Hapoel Taibe,English Wikipedia
1986/1987,1986,Liga Alef,North,11,Hapoel Tirat Carmel,English Wikipedia
1986/1987,1986,Liga Alef,North,12,Maccabi Ahi Nazareth,English Wikipedia
1986/1987,1986,Liga Alef,North,13,Hapoel Aliyah Kfar Saba,English Wikipedia
1986/1987,1986,Liga Alef,North,14,Maccabi Or Akiva,English Wikipedia
1986/1987,1986,Liga Alef,South,1,Hapoel Bat Yam,English Wikipedia
1986/1987,1986,Liga Alef,South,2,Hapoel Kiryat Ono,English Wikipedia
1986/1987,1986,Liga Alef,South,3,Hapoel Azor,English Wikipedia
1986/1987,1986,Liga Alef,South,4,Hapoel Ashkelon,English Wikipedia
1986/1987,1986,Liga Alef,South,5,Hapoel Rishon LeZion,English Wikipedia
1986/1987,1986,Liga Alef,South,6,Hapoel Kiryat Malakhi,English Wikipedia
1986/1987,1986,Liga Alef,South,7,Hapoel Ramla,English Wikipedia
1986/1987,1986,Liga Alef,South,8,Maccabi Kiryat Gat,English Wikipedia
1986/1987,1986,Liga Alef,South,9,Hapoel Beit Shemesh,English Wikipedia
1986/1987,1986,Liga Alef,South,10,Maccabi Lazarus Holon,English Wikipedia
1986/1987,1986,Liga Alef,South,11,Hapoel Ramat HaSharon,English Wikipedia
1986/1987,1986,Liga Alef,South,12,Hapoel Or Yehuda,English Wikipedia
1986/1987,1986,Liga Alef,South,13,Beitar Be'er Sheva,English Wikipedia
1986/1987,1986,Liga Alef,South,14,Hapoel Yeruham,English Wikipedia
1986/1987,1986,Liga Artzit,,1,Hapoel Holon,Hebrew Wikipedia
1986/1987,1986,Liga Artzit,,2,Hapoel Jerusalem,Hebrew Wikipedia
1986/1987,1986,Liga Artzit,,3,Hapoel Haifa,Hebrew Wikipedia
1986/1987,1986,Liga Artzit,,4,Hapoel Hadera,Hebrew Wikipedia
1986/1987,1986,Liga Artzit,,5,Hapoel Tiberias,Hebrew Wikipedia
1986/1987,1986,Liga Artzit,,6,Hapoel Yehud,Hebrew Wikipedia
1986/1987,1986,Liga Artzit,,7,Maccabi Ramat Amidar,Hebrew Wikipedia
1986/1987,1986,Liga Artzit,,8,Hapoel Acre,Hebrew Wikipedia
1986/1987,1986,Liga Artzit,,9,Maccabi Sha'arayim,Hebrew Wikipedia
1986/1987,1986,Liga Artzit,,10,Hakoah Ramat Gan,Hebrew Wikipedia
1986/1987,1986,Liga Artzit,,11,Hapoel Marmorek,Hebrew Wikipedia
1986/1987,1986,Liga Artzit,,12,Hapoel Ramat Gan,Hebrew Wikipedia
1986/1987,1986,Liga Artzit,,13,Hapoel Beit She'an,Hebrew Wikipedia
1986/1987,1986,Liga Artzit,,14,Beitar Ramla,Hebrew Wikipedia
1986/1987,1986,Liga Artzit,,15,Beitar Nahariya,Hebrew Wikipedia
1986/1987,1986,Liga Artzit,,16,Hapoel Dimona,Hebrew Wikipedia
1986/1987,1986,Liga Bet,North A,1,Hapoel Bnei Nazareth,English Wikipedia
1986/1987,1986,Liga Bet,North A,2,Maccabi Acre,English Wikipedia
1986/1987,1986,Liga Bet,North A,3,Maccabi Shefa-Amr,English Wikipedia
1986/1987,1986,Liga Bet,North A,4,Hapoel Safed,English Wikipedia
1986/1987,1986,Liga Bet,North A,5,Maccabi Bnei Hatzor,English Wikipedia
1986/1987,1986,Liga Bet,North A,6,Hapoel Nof HaGalil,English Wikipedia
1986/1987,1986,Liga Bet,North A,7,Hapoel Majd al-Krum,English Wikipedia
1986/1987,1986,Liga Bet,North A,8,Hapoel Sakhnin,English Wikipedia
1986/1987,1986,Liga Bet,North A,9,Maccabi Givat HaRakafot,English Wikipedia
1986/1987,1986,Liga Bet,North A,10,Hapoel Bnei Acre,English Wikipedia
1986/1987,1986,Liga Bet,North A,11,Maccabi Kiryat Bialik,English Wikipedia
1986/1987,1986,Liga Bet,North A,12,Maccabi Sektzia Ma'alot-Tarshiha,English Wikipedia
1986/1987,1986,Liga Bet,North A,13,Hapoel Afikim,English Wikipedia
1986/1987,1986,Liga Bet,North A,14,Beitar Kiryat Shmona,English Wikipedia
1986/1987,1986,Liga Bet,North B,1,Maccabi Isfiya,English Wikipedia
1986/1987,1986,Liga Bet,North B,2,Hapoel Daliyat al-Karmel,English Wikipedia
1986/1987,1986,Liga Bet,North B,3,Hapoel Givat Olga,English Wikipedia
1986/1987,1986,Liga Bet,North B,4,Hapoel Umm al-Fahm,English Wikipedia
1986/1987,1986,Liga Bet,North B,5,Hapoel Kafr Sulam,English Wikipedia
1986/1987,1986,Liga Bet,North B,6,Hapoel Iksal,English Wikipedia
1986/1987,1986,Liga Bet,North B,7,Hapoel Tel Hanan,English Wikipedia
1986/1987,1986,Liga Bet,North B,8,Maccabi Tzur Shalom,English Wikipedia
1986/1987,1986,Liga Bet,North B,9,Hapoel Yokneam,English Wikipedia
1986/1987,1986,Liga Bet,North B,10,Maccabi Tzofei Haifa,English Wikipedia
1986/1987,1986,Liga Bet,North B,11,Hapoel Migdal HaEmek,English Wikipedia
1986/1987,1986,Liga Bet,North B,12,Hapoel Nahliel,English Wikipedia
1986/1987,1986,Liga Bet,North B,13,Beitar Pardes Hanna,English Wikipedia
1986/1987,1986,Liga Bet,North B,14,Hapoel Beit Eliezer,English Wikipedia
1986/1987,1986,Liga Bet,South A,1,Maccabi Herzliya,English Wikipedia
1986/1987,1986,Liga Bet,South A,2,Hapoel Kafr Qasim,English Wikipedia
1986/1987,1986,Liga Bet,South A,3,Hapoel Ironi Herzliya,English Wikipedia
1986/1987,1986,Liga Bet,South A,4,Hapoel Kfar Shalem,English Wikipedia
1986/1987,1986,Liga Bet,South A,5,Maccabi HaShikma Hen,English Wikipedia
1986/1987,1986,Liga Bet,South A,6,Maccabi Shikun HaMizrah,English Wikipedia
1986/1987,1986,Liga Bet,South A,7,M.M. Givat Shmuel,English Wikipedia
1986/1987,1986,Liga Bet,South A,8,Hapoel Jaljulia,English Wikipedia
1986/1987,1986,Liga Bet,South A,9,Hapoel Ihud Tzeirei Jaffa,English Wikipedia
1986/1987,1986,Liga Bet,South A,10,Beitar Rosh HaAyin,English Wikipedia
1986/1987,1986,Liga Bet,South A,11,Beitar Dov Netanya,English Wikipedia
1986/1987,1986,Liga Bet,South A,12,Maccabi Bat Yam,English Wikipedia
1986/1987,1986,Liga Bet,South A,13,Beitar Pardes Katz,English Wikipedia
1986/1987,1986,Liga Bet,South A,14,Beitar Kfar Saba,English Wikipedia
1986/1987,1986,Liga Bet,South Division B,1,Hapoel Ashdod,English Wikipedia
1986/1987,1986,Liga Bet,South Division B,2,Sektzia Nes Tziona,English Wikipedia
1986/1987,1986,Liga Bet,South Division B,3,Hapoel Be'er Ya'akov,English Wikipedia
1986/1987,1986,Liga Bet,South Division B,4,Beitar Yavne,English Wikipedia
1986/1987,1986,Liga Bet,South Division B,5,Maccabi Ironi Ashdod,English Wikipedia
1986/1987,1986,Liga Bet,South Division B,6,Hapoel Eilat,English Wikipedia
1986/1987,1986,Liga Bet,South Division B,7,Maccabi Ben Zvi,English Wikipedia
1986/1987,1986,Liga Bet,South Division B,8,Maccabi Rehovot,English Wikipedia
1986/1987,1986,Liga Bet,South Division B,9,Maccabi Ramla,English Wikipedia
1986/1987,1986,Liga Bet,South Division B,10,Beitar Kiryat Malakhi,English Wikipedia
1986/1987,1986,Liga Bet,South Division B,11,Hapoel Mevaseret Zion,English Wikipedia
1986/1987,1986,Liga Bet,South Division B,12,Maccabi Kiryat Ekron,English Wikipedia
1986/1987,1986,Liga Bet,South Division B,13,Hapoel Sderot,English Wikipedia
1986/1987,1986,Liga Bet,South Division B,14,Hapoel Merhavim,English Wikipedia
1986/1987,1986,Liga Leumit,,1,Beitar Jerusalem,RSSSF
1986/1987,1986,Liga Leumit,,2,Bnei Yehuda Tel Aviv,RSSSF
1986/1987,1986,Liga Leumit,,3,Maccabi Tel Aviv,RSSSF
1986/1987,1986,Liga Leumit,,4,Hapoel Lod,RSSSF
1986/1987,1986,Liga Leumit,,5,Shimshon Tel Aviv,RSSSF
1986/1987,1986,Liga Leumit,,6,Maccabi Petah Tikva,RSSSF
1986/1987,1986,Liga Leumit,,7,Maccabi Netanya,RSSSF
1986/1987,1986,Liga Leumit,,8,Hapoel Kfar Saba,RSSSF
1986/1987,1986,Liga Leumit,,9,Maccabi Haifa,RSSSF
1986/1987,1986,Liga Leumit,,10,Hapoel Petah Tikva,RSSSF
1986/1987,1986,Liga Leumit,,11,Hapoel Be'er Sheva,RSSSF
1986/1987,1986,Liga Leumit,,12,Hapoel Tel Aviv,RSSSF
1986/1987,1986,Liga Leumit,,13,Beitar Tel Aviv,RSSSF
1986/1987,1986,Liga Leumit,,14,Maccabi Yavne,RSSSF
1986/1987,1986,Liga Leumit,,15,Maccabi Jaffa,RSSSF
1986/1987,1986,Liga Leumit,,16,Beitar Netanya,RSSSF
1987/1988,1987,Liga Alef,North,1,Maccabi Tamra,English Wikipedia
1987/1988,1987,Liga Alef,North,2,Hapoel Beit She'an,English Wikipedia
1987/1988,1987,Liga Alef,North,3,Maccabi Afula,English Wikipedia
1987/1988,1987,Liga Alef,North,4,Maccabi Hadera,English Wikipedia
1987/1988,1987,Liga Alef,North,5,Maccabi Isfiya,English Wikipedia
1987/1988,1987,Liga Alef,North,6,Maccabi Ahi Nazareth,English Wikipedia
1987/1988,1987,Liga Alef,North,7,Hapoel Kiryat Shmona,English Wikipedia
1987/1988,1987,Liga Alef,North,8,Hapoel Tirat Carmel,English Wikipedia
1987/1988,1987,Liga Alef,North,9,Beitar Haifa,English Wikipedia
1987/1988,1987,Liga Alef,North,10,Hapoel Taibe,English Wikipedia
1987/1988,1987,Liga Alef,North,11,Hapoel Kiryat Ata,English Wikipedia
1987/1988,1987,Liga Alef,North,12,Hapoel Bnei Nazareth,English Wikipedia
1987/1988,1987,Liga Alef,North,13,Beitar Nahariya,English Wikipedia
1987/1988,1987,Liga Alef,North,14,Hapoel Tira,English Wikipedia
1987/1988,1987,Liga Alef,North,15,Hapoel Bnei Tamra,English Wikipedia
1987/1988,1987,Liga Alef,North,16,Hapoel Ra'anana,English Wikipedia
1987/1988,1987,Liga Alef,South,1,Beitar Ramla,English Wikipedia
1987/1988,1987,Liga Alef,South,2,Hapoel Rishon LeZion,English Wikipedia
1987/1988,1987,Liga Alef,South,3,Maccabi Kiryat Gat,English Wikipedia
1987/1988,1987,Liga Alef,South,4,Hapoel Ashdod,English Wikipedia
1987/1988,1987,Liga Alef,South,5,Hapoel Kiryat Ono,English Wikipedia
1987/1988,1987,Liga Alef,South,6,Hapoel Ashkelon,English Wikipedia
1987/1988,1987,Liga Alef,South,7,Hapoel Or Yehuda,English Wikipedia
1987/1988,1987,Liga Alef,South,8,Hapoel Dimona,English Wikipedia
1987/1988,1987,Liga Alef,South,9,Hapoel Marmorek,English Wikipedia
1987/1988,1987,Liga Alef,South,10,Maccabi Lazaros Holon,English Wikipedia
1987/1988,1987,Liga Alef,South,11,Hapoel Kiryat Malakhi,English Wikipedia
1987/1988,1987,Liga Alef,South,12,Hapoel Beit Shemesh,English Wikipedia
1987/1988,1987,Liga Alef,South,13,Maccabi Herzliya,English Wikipedia
1987/1988,1987,Liga Alef,South,14,Hapoel Ramla,English Wikipedia
1987/1988,1987,Liga Alef,South,15,Hapoel Azor,English Wikipedia
1987/1988,1987,Liga Alef,South,16,Hapoel Ramat HaSharon,English Wikipedia
1987/1988,1987,Liga Artzit,,1,Hapoel Jerusalem,Hebrew Wikipedia
1987/1988,1987,Liga Artzit,,2,Hapoel Tiberias,Hebrew Wikipedia
1987/1988,1987,Liga Artzit,,3,Hapoel Haifa,Hebrew Wikipedia
1987/1988,1987,Liga Artzit,,4,Maccabi Yavne,Hebrew Wikipedia
1987/1988,1987,Liga Artzit,,5,Hapoel Hadera,Hebrew Wikipedia
1987/1988,1987,Liga Artzit,,6,Maccabi Sha'arayim,Hebrew Wikipedia
1987/1988,1987,Liga Artzit,,7,Hapoel Ramat Gan,Hebrew Wikipedia
1987/1988,1987,Liga Artzit,,8,Hapoel Yehud,Hebrew Wikipedia
1987/1988,1987,Liga Artzit,,9,Maccabi Jaffa,Hebrew Wikipedia
1987/1988,1987,Liga Artzit,,10,Maccabi Ramat Amidar,Hebrew Wikipedia
1987/1988,1987,Liga Artzit,,11,Hapoel Bat Yam,Hebrew Wikipedia
1987/1988,1987,Liga Artzit,,12,Beitar Netanya,Hebrew Wikipedia
1987/1988,1987,Liga Artzit,,13,Hakoah Ramat Gan,Hebrew Wikipedia
1987/1988,1987,Liga Artzit,,14,Hapoel Acre,Hebrew Wikipedia
1987/1988,1987,Liga Bet,North Division A,1,Maccabi Acre,English Wikipedia
1987/1988,1987,Liga Bet,North Division A,2,Maccabi Sektzia Ma'alot-Tarshiha,English Wikipedia
1987/1988,1987,Liga Bet,North Division A,3,Maccabi Bnei Hatzor,English Wikipedia
1987/1988,1987,Liga Bet,North Division A,4,Hapoel Nof HaGalil,English Wikipedia
1987/1988,1987,Liga Bet,North Division A,5,Hapoel Majd al-Krum,English Wikipedia
1987/1988,1987,Liga Bet,North Division A,6,Hapoel Givat HaRakafot,English Wikipedia
1987/1988,1987,Liga Bet,North Division A,7,Maccabi Kafr Kanna,English Wikipedia
1987/1988,1987,Liga Bet,North Division A,8,Beitar Ma'alot,English Wikipedia
1987/1988,1987,Liga Bet,North Division A,9,Maccabi Shefa-Amr,English Wikipedia
1987/1988,1987,Liga Bet,North Division A,10,Hapoel Sakhnin,English Wikipedia
1987/1988,1987,Liga Bet,North Division A,11,Hapoel Safed,English Wikipedia
1987/1988,1987,Liga Bet,North Division A,12,Hapoel Daburiyya,English Wikipedia
1987/1988,1987,Liga Bet,North Division A,13,Hapoel Kiryat Bialik,English Wikipedia
1987/1988,1987,Liga Bet,North Division A,14,Hapoel Bnei Acre,English Wikipedia
1987/1988,1987,Liga Bet,North Division B,1,Hapoel Daliyat al-Karmel,English Wikipedia
1987/1988,1987,Liga Bet,North Division B,2,Hapoel Migdal HaEmek,English Wikipedia
1987/1988,1987,Liga Bet,North Division B,3,Beitar Kfar Yona,English Wikipedia
1987/1988,1987,Liga Bet,North Division B,4,Maccabi Tzur Shalom,English Wikipedia
1987/1988,1987,Liga Bet,North Division B,5,Hapoel Givat Olga,English Wikipedia
1987/1988,1987,Liga Bet,North Division B,6,Hapoel Iksal,English Wikipedia
1987/1988,1987,Liga Bet,North Division B,7,Hapoel Kafr Sulam,English Wikipedia
1987/1988,1987,Liga Bet,North Division B,8,Hapoel Umm al-Fahm,English Wikipedia
1987/1988,1987,Liga Bet,North Division B,9,Hapoel Nahliel,English Wikipedia
1987/1988,1987,Liga Bet,North Division B,10,Maccabi Tzofei Haifa,English Wikipedia
1987/1988,1987,Liga Bet,North Division B,11,Hapoel Tel Hanan,English Wikipedia
1987/1988,1987,Liga Bet,North Division B,12,Maccabi Or Akiva,English Wikipedia
1987/1988,1987,Liga Bet,North Division B,13,Hapoel Fureidis,English Wikipedia
1987/1988,1987,Liga Bet,North Division B,14,Hapoel Yokneam,English Wikipedia
1987/1988,1987,Liga Bet,South Division A,1,Maccabi Shikun HaMizrah,English Wikipedia
1987/1988,1987,Liga Bet,South Division A,2,Hapoel Kafr Qasim,English Wikipedia
1987/1988,1987,Liga Bet,South Division A,3,Maccabi HaShikma Hen,English Wikipedia
1987/1988,1987,Liga Bet,South Division A,4,Hapoel Kfar Shalem,English Wikipedia
1987/1988,1987,Liga Bet,South Division A,5,Hapoel  Rosh HaAyin,English Wikipedia
1987/1988,1987,Liga Bet,South Division A,6,Hapoel Ihud Tzeirei Jaffa,English Wikipedia
1987/1988,1987,Liga Bet,South Division A,7,Beitar Lod,English Wikipedia
1987/1988,1987,Liga Bet,South Division A,8,Hapoel Nahlat Yehuda,English Wikipedia
1987/1988,1987,Liga Bet,South Division A,9,Hapoel Ironi Herzliya,English Wikipedia
1987/1988,1987,Liga Bet,South Division A,10,Beitar Rosh HaAyin,English Wikipedia
1987/1988,1987,Liga Bet,South Division A,11,Hapoel Aliyah Kfar Saba,English Wikipedia
1987/1988,1987,Liga Bet,South Division A,12,Hapoel Jaljulia,English Wikipedia
1987/1988,1987,Liga Bet,South Division A,13,M.M. Givat Shmuel,English Wikipedia
1987/1988,1987,Liga Bet,South Division A,14,Maccabi Bat Yam,English Wikipedia
1987/1988,1987,Liga Bet,South Division B,1,Hapoel Be'er Ya'akov,English Wikipedia
1987/1988,1987,Liga Bet,South Division B,2,Hapoel Yeruham,English Wikipedia
1987/1988,1987,Liga Bet,South Division B,3,Beitar Be'er Sheva,English Wikipedia
1987/1988,1987,Liga Bet,South Division B,4,Hapoel Eilat,English Wikipedia
1987/1988,1987,Liga Bet,South Division B,5,Maccabi Ironi Ashdod,English Wikipedia
1987/1988,1987,Liga Bet,South Division B,6,Sektzia Nes Tziona,English Wikipedia
1987/1988,1987,Liga Bet,South Division B,7,Beitar Yavne,English Wikipedia
1987/1988,1987,Liga Bet,South Division B,8,Maccabi Rehovot,English Wikipedia
1987/1988,1987,Liga Bet,South Division B,9,Maccabi Ramat Ben Zvi,English Wikipedia
1987/1988,1987,Liga Bet,South Division B,10,Beitar Kiryat Gat,English Wikipedia
1987/1988,1987,Liga Bet,South Division B,11,Maccabi Ramla,English Wikipedia
1987/1988,1987,Liga Bet,South Division B,12,Beitar Kiryat Malakhi,English Wikipedia
1987/1988,1987,Liga Bet,South Division B,13,Maccabi Kiryat Ekron,English Wikipedia
1987/1988,1987,Liga Bet,South Division B,14,Hapoel Mevaseret Zion,English Wikipedia
1987/1988,1987,Liga Leumit,,1,Hapoel Tel Aviv,RSSSF
1987/1988,1987,Liga Leumit,,2,Maccabi Netanya,RSSSF
1987/1988,1987,Liga Leumit,,3,Hapoel Be'er Sheva,RSSSF
1987/1988,1987,Liga Leumit,,4,Shimshon Tel Aviv,RSSSF
1987/1988,1987,Liga Leumit,,5,Hapoel Petah Tikva,RSSSF
1987/1988,1987,Liga Leumit,,6,Hapoel Kfar Saba,RSSSF
1987/1988,1987,Liga Leumit,,7,Beitar Tel Aviv,RSSSF
1987/1988,1987,Liga Leumit,,8,Hapoel Holon,RSSSF
1987/1988,1987,Liga Leumit,,9,Maccabi Haifa,RSSSF
1987/1988,1987,Liga Leumit,,10,Bnei Yehuda Tel Aviv,RSSSF
1987/1988,1987,Liga Leumit,,11,Beitar Jerusalem,RSSSF
1987/1988,1987,Liga Leumit,,12,Maccabi Tel Aviv,RSSSF
1987/1988,1987,Liga Leumit,,13,Hapoel Lod,RSSSF
1987/1988,1987,Liga Leumit,,14,Maccabi Petah Tikva,RSSSF
1988/1989,1988,Liga Alef,North,1,Hapoel Tirat Carmel,English Wikipedia
1988/1989,1988,Liga Alef,North,2,Hapoel Acre,English Wikipedia
1988/1989,1988,Liga Alef,North,3,Maccabi Ahi Nazareth,English Wikipedia
1988/1989,1988,Liga Alef,North,4,Hapoel Beit She'an,English Wikipedia
1988/1989,1988,Liga Alef,North,5,Maccabi Afula,English Wikipedia
1988/1989,1988,Liga Alef,North,6,Maccabi Isfiya,English Wikipedia
1988/1989,1988,Liga Alef,North,7,Maccabi Acre,English Wikipedia
1988/1989,1988,Liga Alef,North,8,Beitar Nahariya,English Wikipedia
1988/1989,1988,Liga Alef,North,9,Hapoel Bnei Nazareth,English Wikipedia
1988/1989,1988,Liga Alef,North,10,Hapoel Taibe,English Wikipedia
1988/1989,1988,Liga Alef,North,11,Hapoel Kiryat Shmona,English Wikipedia
1988/1989,1988,Liga Alef,North,12,Maccabi Hadera,English Wikipedia
1988/1989,1988,Liga Alef,North,13,Beitar Haifa,English Wikipedia
1988/1989,1988,Liga Alef,North,14,Hapoel Daliyat al-Karmel,English Wikipedia
1988/1989,1988,Liga Alef,North,15,Hapoel Tira,English Wikipedia
1988/1989,1988,Liga Alef,North,16,Hapoel Kiryat Ata,English Wikipedia
1988/1989,1988,Liga Alef,South,1,Hapoel Rishon LeZion,English Wikipedia
1988/1989,1988,Liga Alef,South,2,Hapoel Ashdod,English Wikipedia
1988/1989,1988,Liga Alef,South,3,Hapoel Marmorek,English Wikipedia
1988/1989,1988,Liga Alef,South,4,Maccabi Herzliya,English Wikipedia
1988/1989,1988,Liga Alef,South,5,Hapoel Ashkelon,English Wikipedia
1988/1989,1988,Liga Alef,South,6,Hakoah Ramat Gan,English Wikipedia
1988/1989,1988,Liga Alef,South,7,Maccabi Lazaros Holon,English Wikipedia
1988/1989,1988,Liga Alef,South,8,Hapoel Kiryat Malakhi,English Wikipedia
1988/1989,1988,Liga Alef,South,9,Maccabi Shikun HaMizrah,English Wikipedia
1988/1989,1988,Liga Alef,South,10,Hapoel Kiryat Ono,English Wikipedia
1988/1989,1988,Liga Alef,South,11,Hapoel Be'er Ya'akov,English Wikipedia
1988/1989,1988,Liga Alef,South,12,Hapoel Or Yehuda,English Wikipedia
1988/1989,1988,Liga Alef,South,13,Hapoel Dimona,English Wikipedia
1988/1989,1988,Liga Alef,South,14,Maccabi Kiryat Gat,English Wikipedia
1988/1989,1988,Liga Alef,South,15,Hapoel Ramla,English Wikipedia
1988/1989,1988,Liga Alef,South,16,Hapoel Beit Shemesh,English Wikipedia
1988/1989,1988,Liga Artzit,,1,Hapoel Ramat Gan,Hebrew Wikipedia
1988/1989,1988,Liga Artzit,,2,Maccabi Yavne,Hebrew Wikipedia
1988/1989,1988,Liga Artzit,,3,Maccabi Petah Tikva,Hebrew Wikipedia
1988/1989,1988,Liga Artzit,,4,Maccabi Jaffa,Hebrew Wikipedia
1988/1989,1988,Liga Artzit,,5,Hapoel Hadera,Hebrew Wikipedia
1988/1989,1988,Liga Artzit,,6,Maccabi Sha'arayim,Hebrew Wikipedia
1988/1989,1988,Liga Artzit,,7,Hapoel Haifa,Hebrew Wikipedia
1988/1989,1988,Liga Artzit,,8,Maccabi Ramat Amidar,Hebrew Wikipedia
1988/1989,1988,Liga Artzit,,9,Beitar Netanya,Hebrew Wikipedia
1988/1989,1988,Liga Artzit,,10,Maccabi Tamra,Hebrew Wikipedia
1988/1989,1988,Liga Artzit,,11,Hapoel Lod,Hebrew Wikipedia
1988/1989,1988,Liga Artzit,,12,Hapoel Bat Yam,Hebrew Wikipedia
1988/1989,1988,Liga Artzit,,13,Hapoel Yehud,Hebrew Wikipedia
1988/1989,1988,Liga Artzit,,14,Beitar Ramla,Hebrew Wikipedia
1988/1989,1988,Liga Bet,South Division B,1,Maccabi Ironi Ashdod,English Wikipedia
1988/1989,1988,Liga Bet,South Division B,2,Sektzia Nes Tziona,English Wikipedia
1988/1989,1988,Liga Bet,South Division B,3,Beitar Be'er Sheva,English Wikipedia
1988/1989,1988,Liga Bet,South Division B,4,Hapoel Eilat,English Wikipedia
1988/1989,1988,Liga Bet,South Division B,5,Maccabi Be'er Sheva,English Wikipedia
1988/1989,1988,Liga Bet,South Division B,6,Beitar Yavne,English Wikipedia
1988/1989,1988,Liga Bet,South Division B,7,Maccabi Rehovot,English Wikipedia
1988/1989,1988,Liga Bet,South Division B,8,Maccabi Ramat Ben Zvi,English Wikipedia
1988/1989,1988,Liga Bet,South Division B,9,Beitar Lod,English Wikipedia
1988/1989,1988,Liga Bet,South Division B,10,Hapoel Sderot,English Wikipedia
1988/1989,1988,Liga Bet,South Division B,11,Maccabi Ramla,English Wikipedia
1988/1989,1988,Liga Bet,South Division B,12,Beitar Kiryat Malakhi,English Wikipedia
1988/1989,1988,Liga Bet,South Division B,13,Beitar Kiryat Gat,English Wikipedia
1988/1989,1988,Liga Bet,South Division B,14,Hapoel Yeruham,English Wikipedia
1988/1989,1988,Liga Leumit,,1,Maccabi Haifa,RSSSF
1988/1989,1988,Liga Leumit,,2,Hapoel Petah Tikva,RSSSF
1988/1989,1988,Liga Leumit,,3,Maccabi Netanya,RSSSF
1988/1989,1988,Liga Leumit,,4,Beitar Tel Aviv,RSSSF
1988/1989,1988,Liga Leumit,,5,Hapoel Be'er Sheva,RSSSF
1988/1989,1988,Liga Leumit,,6,Shimshon Tel Aviv,RSSSF
1988/1989,1988,Liga Leumit,,7,Hapoel Jerusalem,RSSSF
1988/1989,1988,Liga Leumit,,8,Maccabi Tel Aviv,RSSSF
1988/1989,1988,Liga Leumit,,9,Beitar Jerusalem,RSSSF
1988/1989,1988,Liga Leumit,,10,Hapoel Kfar Saba,RSSSF
1988/1989,1988,Liga Leumit,,11,Bnei Yehuda Tel Aviv,RSSSF
1988/1989,1988,Liga Leumit,,12,Hapoel Tiberias,RSSSF
1988/1989,1988,Liga Leumit,,13,Hapoel Holon,RSSSF
1988/1989,1988,Liga Leumit,,14,Hapoel Tel Aviv,RSSSF
1989/1990,1989,Liga Alef,North,1,Maccabi Ironi Kiryat Ata,English Wikipedia
1989/1990,1989,Liga Alef,North,2,Hapoel Daliyat al-Karmel,English Wikipedia
1989/1990,1989,Liga Alef,North,3,Maccabi Herzliya,English Wikipedia
1989/1990,1989,Liga Alef,North,4,Maccabi Afula,English Wikipedia
1989/1990,1989,Liga Alef,North,5,Hapoel Acre,English Wikipedia
1989/1990,1989,Liga Alef,North,6,Hapoel Beit She'an,English Wikipedia
1989/1990,1989,Liga Alef,North,7,Hapoel Kiryat Shmona,English Wikipedia
1989/1990,1989,Liga Alef,North,8,Maccabi Ahi Nazareth,English Wikipedia
1989/1990,1989,Liga Alef,North,9,Hapoel Taibe,English Wikipedia
1989/1990,1989,Liga Alef,North,10,Maccabi Hadera,English Wikipedia
1989/1990,1989,Liga Alef,North,11,Hapoel Umm al-Fahm,English Wikipedia
1989/1990,1989,Liga Alef,North,12,Beitar Nahariya,English Wikipedia
1989/1990,1989,Liga Alef,North,13,Maccabi Bnei Hatzor,English Wikipedia
1989/1990,1989,Liga Alef,North,14,Maccabi Isfiya,English Wikipedia
1989/1990,1989,Liga Alef,North,15,Hapoel Bnei Nazareth,English Wikipedia
1989/1990,1989,Liga Alef,North,16,Beitar Haifa,English Wikipedia
1989/1990,1989,Liga Alef,South,1,Hapoel Ashdod,English Wikipedia
1989/1990,1989,Liga Alef,South,2,Maccabi Ironi Ashdod,English Wikipedia
1989/1990,1989,Liga Alef,South,3,Hakoah Ramat Gan,English Wikipedia
1989/1990,1989,Liga Alef,South,4,Maccabi Lazarus Holon,English Wikipedia
1989/1990,1989,Liga Alef,South,5,Hapoel Kiryat Ono,English Wikipedia
1989/1990,1989,Liga Alef,South,6,Hapoel Yehud,English Wikipedia
1989/1990,1989,Liga Alef,South,7,Beitar Ramla,English Wikipedia
1989/1990,1989,Liga Alef,South,8,Hapoel Marmorek,English Wikipedia
1989/1990,1989,Liga Alef,South,9,Hapoel Kfar Shalem,English Wikipedia
1989/1990,1989,Liga Alef,South,10,Hapoel Ashkelon,English Wikipedia
1989/1990,1989,Liga Alef,South,11,Hapoel Kiryat Malakhi,English Wikipedia
1989/1990,1989,Liga Alef,South,12,Maccabi Kiryat Gat,English Wikipedia
1989/1990,1989,Liga Alef,South,13,Maccabi Shikun HaMizrah,English Wikipedia
1989/1990,1989,Liga Alef,South,14,Hapoel Be'er Ya'akov,English Wikipedia
1989/1990,1989,Liga Alef,South,15,Hapoel Or Yehuda,English Wikipedia
1989/1990,1989,Liga Alef,South,16,Hapoel Dimona,English Wikipedia
1989/1990,1989,Liga Artzit,,1,Hapoel Holon,Hebrew Wikipedia
1989/1990,1989,Liga Artzit,,2,Hapoel Tel Aviv,Hebrew Wikipedia
1989/1990,1989,Liga Artzit,,3,Maccabi Yavne,Hebrew Wikipedia
1989/1990,1989,Liga Artzit,,4,Maccabi Sha'arayim,Hebrew Wikipedia
1989/1990,1989,Liga Artzit,,5,Hapoel Tiberias,Hebrew Wikipedia
1989/1990,1989,Liga Artzit,,6,Maccabi Petah Tikva,Hebrew Wikipedia
1989/1990,1989,Liga Artzit,,7,Beitar Netanya,Hebrew Wikipedia
1989/1990,1989,Liga Artzit,,7,Beitar Nes Tubruk,English Wikipedia
1989/1990,1989,Liga Artzit,,8,Maccabi Jaffa,Hebrew Wikipedia
1989/1990,1989,Liga Artzit,,9,Hapoel Haifa,Hebrew Wikipedia
1989/1990,1989,Liga Artzit,,10,Maccabi Ramat Amidar,Hebrew Wikipedia
1989/1990,1989,Liga Artzit,,11,Hapoel Tirat Carmel,Hebrew Wikipedia
1989/1990,1989,Liga Artzit,,12,Hapoel Bat Yam,Hebrew Wikipedia
1989/1990,1989,Liga Artzit,,13,Hapoel Hadera,Hebrew Wikipedia
1989/1990,1989,Liga Artzit,,14,Maccabi Tamra,Hebrew Wikipedia
1989/1990,1989,Liga Artzit,,15,Hapoel Rishon LeZion,Hebrew Wikipedia
1989/1990,1989,Liga Artzit,,16,Hapoel Lod,Hebrew Wikipedia
1989/1990,1989,Liga Leumit,,1,Bnei Yehuda Tel Aviv,RSSSF
1989/1990,1989,Liga Leumit,,2,Hapoel Petah Tikva,RSSSF
1989/1990,1989,Liga Leumit,,3,Maccabi Haifa,RSSSF
1989/1990,1989,Liga Leumit,,4,Maccabi Tel Aviv,RSSSF
1989/1990,1989,Liga Leumit,,5,Beitar Tel Aviv,RSSSF
1989/1990,1989,Liga Leumit,,6,Hapoel Kfar Saba,RSSSF
1989/1990,1989,Liga Leumit,,7,Maccabi Netanya,RSSSF
1989/1990,1989,Liga Leumit,,8,Hapoel Jerusalem,RSSSF
1989/1990,1989,Liga Leumit,,9,Hapoel Be'er Sheva,RSSSF
1989/1990,1989,Liga Leumit,,10,Beitar Jerusalem,RSSSF
1989/1990,1989,Liga Leumit,,11,Hapoel Ramat Gan,RSSSF
1989/1990,1989,Liga Leumit,,12,Shimshon Tel Aviv,RSSSF
1990/1991,1990,Liga Alef,North,1,Maccabi Herzliya,English Wikipedia
1990/1991,1990,Liga Alef,North,2,Hapoel Acre,English Wikipedia
1990/1991,1990,Liga Alef,North,3,Hapoel Nof HaGalil,English Wikipedia
1990/1991,1990,Liga Alef,North,4,Maccabi Ahi Nazareth,English Wikipedia
1990/1991,1990,Liga Alef,North,5,Hapoel Beit She'an,English Wikipedia
1990/1991,1990,Liga Alef,North,6,Maccabi Isfiya,English Wikipedia
1990/1991,1990,Liga Alef,North,7,Hapoel Umm al-Fahm,English Wikipedia
1990/1991,1990,Liga Alef,North,8,Maccabi Tamra,English Wikipedia
1990/1991,1990,Liga Alef,North,9,Hapoel Daliyat al-Karmel,English Wikipedia
1990/1991,1990,Liga Alef,North,10,Hapoel Kiryat Shmona,English Wikipedia
1990/1991,1990,Liga Alef,North,11,Maccabi Bnei Hatzor,English Wikipedia
1990/1991,1990,Liga Alef,North,12,Maccabi Or Akiva,English Wikipedia
1990/1991,1990,Liga Alef,North,13,Hapoel Taibe,English Wikipedia
1990/1991,1990,Liga Alef,North,14,Maccabi Afula,English Wikipedia
1990/1991,1990,Liga Alef,North,15,Beitar Nahariya,English Wikipedia
1990/1991,1990,Liga Alef,North,16,Maccabi Hadera,English Wikipedia
1990/1991,1990,Liga Alef,South,1,Sektzia Nes Tziona,English Wikipedia
1990/1991,1990,Liga Alef,South,2,Hakoah Ramat Gan,English Wikipedia
1990/1991,1990,Liga Alef,South,3,Hapoel Ashkelon,English Wikipedia
1990/1991,1990,Liga Alef,South,4,Maccabi Kiryat Gat,English Wikipedia
1990/1991,1990,Liga Alef,South,5,Hapoel Kiryat Ono,English Wikipedia
1990/1991,1990,Liga Alef,South,6,Maccabi Lazaros Holon,English Wikipedia
1990/1991,1990,Liga Alef,South,7,Hapoel Kiryat Malakhi,English Wikipedia
1990/1991,1990,Liga Alef,South,8,Beitar Ramla,English Wikipedia
1990/1991,1990,Liga Alef,South,9,Hapoel Yehud,English Wikipedia
1990/1991,1990,Liga Alef,South,10,Hapoel Marmorek,English Wikipedia
1990/1991,1990,Liga Alef,South,11,Maccabi HaShikma Hen,English Wikipedia
1990/1991,1990,Liga Alef,South,12,Hapoel Rishon LeZion,English Wikipedia
1990/1991,1990,Liga Alef,South,13,Hapoel Kfar Shalem,English Wikipedia
1990/1991,1990,Liga Alef,South,14,Hapoel Be'er Ya'akov,English Wikipedia
1990/1991,1990,Liga Alef,South,15,Hapoel Lod,English Wikipedia
1990/1991,1990,Liga Alef,South,16,Maccabi Shikun HaMizrah,English Wikipedia
1990/1991,1990,Liga Artzit,,1,Maccabi Petah Tikva,Hebrew Wikipedia
1990/1991,1990,Liga Artzit,,2,Maccabi Yavne,Hebrew Wikipedia
1990/1991,1990,Liga Artzit,,3,Hapoel Ramat Gan,Hebrew Wikipedia
1990/1991,1990,Liga Artzit,,4,Maccabi Ironi Ashdod,Hebrew Wikipedia
1990/1991,1990,Liga Artzit,,5,Shimshon Tel Aviv,Hebrew Wikipedia
1990/1991,1990,Liga Artzit,,6,Maccabi Sha'arayim,Hebrew Wikipedia
1990/1991,1990,Liga Artzit,,7,Maccabi Jaffa,Hebrew Wikipedia
1990/1991,1990,Liga Artzit,,8,Hapoel Ashdod,Hebrew Wikipedia
1990/1991,1990,Liga Artzit,,9,Hapoel Hadera,Hebrew Wikipedia
1990/1991,1990,Liga Artzit,,10,Hapoel Haifa,Hebrew Wikipedia
1990/1991,1990,Liga Artzit,,11,Hapoel Tiberias,Hebrew Wikipedia
1990/1991,1990,Liga Artzit,,12,Beitar Netanya,Hebrew Wikipedia
1990/1991,1990,Liga Artzit,,12,Beitar Nes Tubruk,English Wikipedia
1990/1991,1990,Liga Artzit,,13,Maccabi Acre,Hebrew Wikipedia
1990/1991,1990,Liga Artzit,,14,Hapoel Bat Yam,Hebrew Wikipedia
1990/1991,1990,Liga Artzit,,15,Maccabi Ramat Amidar,Hebrew Wikipedia
1990/1991,1990,Liga Artzit,,16,Hapoel Tirat Carmel,Hebrew Wikipedia
1990/1991,1990,Liga Leumit,,1,Maccabi Haifa,RSSSF
1990/1991,1990,Liga Leumit,,2,Hapoel Petah Tikva,RSSSF
1990/1991,1990,Liga Leumit,,3,Beitar Tel Aviv,RSSSF
1990/1991,1990,Liga Leumit,,4,Maccabi Netanya,RSSSF
1990/1991,1990,Liga Leumit,,5,Maccabi Tel Aviv,RSSSF
1990/1991,1990,Liga Leumit,,6,Hapoel Be'er Sheva,RSSSF
1990/1991,1990,Liga Leumit,,7,Hapoel Tel Aviv,RSSSF
1990/1991,1990,Liga Leumit,,8,Bnei Yehuda Tel Aviv,RSSSF
1990/1991,1990,Liga Leumit,,9,Hapoel Holon,RSSSF
1990/1991,1990,Liga Leumit,,10,Hapoel Jerusalem,RSSSF
1990/1991,1990,Liga Leumit,,11,Beitar Jerusalem,RSSSF
1990/1991,1990,Liga Leumit,,12,Hapoel Kfar Saba,RSSSF
1991/1992,1991,Liga Alef,North,1,Hapoel Daliyat al-Karmel,English Wikipedia
1991/1992,1991,Liga Alef,North,2,Hapoel Kiryat Shmona,English Wikipedia
1991/1992,1991,Liga Alef,North,3,Hapoel Givat Olga,English Wikipedia
1991/1992,1991,Liga Alef,North,4,Maccabi Afula,English Wikipedia
1991/1992,1991,Liga Alef,North,5,Hapoel Tirat Carmel,English Wikipedia
1991/1992,1991,Liga Alef,North,6,Hapoel Umm al-Fahm,English Wikipedia
1991/1992,1991,Liga Alef,North,7,Hapoel Beit She'an,English Wikipedia
1991/1992,1991,Liga Alef,North,8,Hapoel Acre,English Wikipedia
1991/1992,1991,Liga Alef,North,9,Maccabi Bnei Hatzor,English Wikipedia
1991/1992,1991,Liga Alef,North,10,Maccabi Isfiya,English Wikipedia
1991/1992,1991,Liga Alef,North,11,Hapoel Nof HaGalil,English Wikipedia
1991/1992,1991,Liga Alef,North,12,Hapoel Taibe,English Wikipedia
1991/1992,1991,Liga Alef,North,13,Maccabi Ahi Nazareth,English Wikipedia
1991/1992,1991,Liga Alef,North,14,Maccabi Or Akiva,English Wikipedia
1991/1992,1991,Liga Alef,North,15,Maccabi Tamra,English Wikipedia
1991/1992,1991,Liga Alef,North,16,Maccabi Kafr Kanna,English Wikipedia
1991/1992,1991,Liga Alef,South,1,Hapoel Ashkelon,English Wikipedia
1991/1992,1991,Liga Alef,South,2,Beitar Ramla,English Wikipedia
1991/1992,1991,Liga Alef,South,3,Hapoel Rishon LeZion,English Wikipedia
1991/1992,1991,Liga Alef,South,4,Beitar Be'er Sheva,English Wikipedia
1991/1992,1991,Liga Alef,South,5,Hapoel Bat Yam,English Wikipedia
1991/1992,1991,Liga Alef,South,6,Maccabi Ramat Amidar,English Wikipedia
1991/1992,1991,Liga Alef,South,7,Hapoel Kfar Shalem,English Wikipedia
1991/1992,1991,Liga Alef,South,8,Hapoel Kiryat Malakhi,English Wikipedia
1991/1992,1991,Liga Alef,South,9,Hapoel Be'er Ya'akov,English Wikipedia
1991/1992,1991,Liga Alef,South,10,Maccabi Kiryat Gat,English Wikipedia
1991/1992,1991,Liga Alef,South,11,Maccabi HaShikma Hen,English Wikipedia
1991/1992,1991,Liga Alef,South,12,Maccabi Lazaros Holon,English Wikipedia
1991/1992,1991,Liga Alef,South,13,Hapoel Marmorek,English Wikipedia
1991/1992,1991,Liga Alef,South,14,Hapoel Kiryat Ono,English Wikipedia
1991/1992,1991,Liga Alef,South,15,Hapoel Aliyah Kfar Saba,English Wikipedia
1991/1992,1991,Liga Alef,South,16,Hapoel Yehud,English Wikipedia
1991/1992,1991,Liga Artzit,,1,Beitar Jerusalem,Hebrew Wikipedia
1991/1992,1991,Liga Artzit,,2,Hapoel Haifa,Hebrew Wikipedia
1991/1992,1991,Liga Artzit,,3,Shimshon Tel Aviv,Hebrew Wikipedia
1991/1992,1991,Liga Artzit,,4,Hapoel Kfar Saba,Hebrew Wikipedia
1991/1992,1991,Liga Artzit,,5,Maccabi Acre,Hebrew Wikipedia
1991/1992,1991,Liga Artzit,,6,Maccabi Jaffa,Hebrew Wikipedia
1991/1992,1991,Liga Artzit,,7,Maccabi Herzliya,Hebrew Wikipedia
1991/1992,1991,Liga Artzit,,8,Hapoel Hadera,Hebrew Wikipedia
1991/1992,1991,Liga Artzit,,9,Maccabi Ironi Ashdod,Hebrew Wikipedia
1991/1992,1991,Liga Artzit,,10,Hapoel Ramat Gan,Hebrew Wikipedia
1991/1992,1991,Liga Artzit,,11,Sektzia Nes Tziona,Hebrew Wikipedia
1991/1992,1991,Liga Artzit,,12,Maccabi Sha'arayim,Hebrew Wikipedia
1991/1992,1991,Liga Artzit,,13,Hakoah Ramat Gan,Hebrew Wikipedia
1991/1992,1991,Liga Artzit,,14,Hapoel Ashdod,Hebrew Wikipedia
1991/1992,1991,Liga Artzit,,15,Beitar Netanya,Hebrew Wikipedia
1991/1992,1991,Liga Artzit,,15,Beitar Nes Tubruk,English Wikipedia
1991/1992,1991,Liga Artzit,,16,Hapoel Tiberias,Hebrew Wikipedia
1991/1992,1991,Liga Leumit,,1,Maccabi Tel Aviv,RSSSF
1991/1992,1991,Liga Leumit,,2,Bnei Yehuda Tel Aviv,RSSSF
1991/1992,1991,Liga Leumit,,3,Maccabi Haifa,RSSSF
1991/1992,1991,Liga Leumit,,4,Hapoel Petah Tikva,RSSSF
1991/1992,1991,Liga Leumit,,5,Beitar Tel Aviv,RSSSF
1991/1992,1991,Liga Leumit,,6,Maccabi Netanya,RSSSF
1991/1992,1991,Liga Leumit,,7,Maccabi Petah Tikva,RSSSF
1991/1992,1991,Liga Leumit,,8,Hapoel Holon,RSSSF
1991/1992,1991,Liga Leumit,,9,Hapoel Tel Aviv,RSSSF
1991/1992,1991,Liga Leumit,,10,Hapoel Be'er Sheva,RSSSF
1991/1992,1991,Liga Leumit,,11,Maccabi Yavne,RSSSF
1991/1992,1991,Liga Leumit,,12,Hapoel Jerusalem,RSSSF
1992/1993,1992,Liga Alef,North,1,Hapoel Beit She'an,English Wikipedia
1992/1993,1992,Liga Alef,North,2,Hapoel Taibe,English Wikipedia
1992/1993,1992,Liga Alef,North,3,Hapoel Givat Olga,English Wikipedia
1992/1993,1992,Liga Alef,North,4,Beitar Nahariya,English Wikipedia
1992/1993,1992,Liga Alef,North,5,Hapoel Kiryat Shmona,English Wikipedia
1992/1993,1992,Liga Alef,North,6,Hapoel Acre,English Wikipedia
1992/1993,1992,Liga Alef,North,7,Maccabi Hadera,English Wikipedia
1992/1993,1992,Liga Alef,North,8,Hapoel Umm al-Fahm,English Wikipedia
1992/1993,1992,Liga Alef,North,9,Maccabi Afula,English Wikipedia
1992/1993,1992,Liga Alef,North,10,Hapoel Tiberias,English Wikipedia
1992/1993,1992,Liga Alef,North,11,Maccabi Ahi Nazareth,English Wikipedia
1992/1993,1992,Liga Alef,North,12,Hapoel Nof HaGalil,English Wikipedia
1992/1993,1992,Liga Alef,North,13,Maccabi Or Akiva,English Wikipedia
1992/1993,1992,Liga Alef,North,14,Maccabi Isfiya,English Wikipedia
1992/1993,1992,Liga Alef,North,15,Hapoel Tirat Carmel,English Wikipedia
1992/1993,1992,Liga Alef,North,16,Maccabi Bnei Hatzor,English Wikipedia
1992/1993,1992,Liga Alef,South,1,Hapoel Rishon LeZion,English Wikipedia
1992/1993,1992,Liga Alef,South,2,Hapoel Bat Yam,English Wikipedia
1992/1993,1992,Liga Alef,South,3,Hapoel Kiryat Ono,English Wikipedia
1992/1993,1992,Liga Alef,South,4,Beitar Be'er Sheva,English Wikipedia
1992/1993,1992,Liga Alef,South,5,Maccabi Kiryat Gat,English Wikipedia
1992/1993,1992,Liga Alef,South,6,Maccabi Ramat Amidar,English Wikipedia
1992/1993,1992,Liga Alef,South,7,Beitar Ramla,English Wikipedia
1992/1993,1992,Liga Alef,South,8,Hapoel Kfar Shalem,English Wikipedia
1992/1993,1992,Liga Alef,South,9,Hapoel Ihud Tzeirei Jaffa,English Wikipedia
1992/1993,1992,Liga Alef,South,10,Hapoel Yeruham,English Wikipedia
1992/1993,1992,Liga Alef,South,11,Hapoel Kiryat Malakhi,English Wikipedia
1992/1993,1992,Liga Alef,South,12,Maccabi HaShikma Hen,English Wikipedia
1992/1993,1992,Liga Alef,South,13,Hapoel Marmorek,English Wikipedia
1992/1993,1992,Liga Alef,South,14,Maccabi Lazaros Holon,English Wikipedia
1992/1993,1992,Liga Alef,South,15,Hapoel Be'er Ya'akov,English Wikipedia
1992/1993,1992,Liga Alef,South,16,Beitar Netanya,English Wikipedia
1992/1993,1992,Liga Artzit,,1,Maccabi Herzliya,Hebrew Wikipedia
1992/1993,1992,Liga Artzit,,2,Maccabi Ironi Ashdod,Hebrew Wikipedia
1992/1993,1992,Liga Artzit,,3,Hapoel Kfar Saba,Hebrew Wikipedia
1992/1993,1992,Liga Artzit,,4,Maccabi Jaffa,Hebrew Wikipedia
1992/1993,1992,Liga Artzit,,5,Hapoel Ashkelon,Hebrew Wikipedia
1992/1993,1992,Liga Artzit,,6,Hakoah Ramat Gan,Hebrew Wikipedia
1992/1993,1992,Liga Artzit,,7,Maccabi Acre,Hebrew Wikipedia
1992/1993,1992,Liga Artzit,,8,Hapoel Jerusalem,Hebrew Wikipedia
1992/1993,1992,Liga Artzit,,9,Hapoel Ashdod,Hebrew Wikipedia
1992/1993,1992,Liga Artzit,,10,Maccabi Yavne,Hebrew Wikipedia
1992/1993,1992,Liga Artzit,,11,Sektzia Nes Tziona,Hebrew Wikipedia
1992/1993,1992,Liga Artzit,,12,Hapoel Daliyat al-Karmel,Hebrew Wikipedia
1992/1993,1992,Liga Artzit,,13,Shimshon Tel Aviv,Hebrew Wikipedia
1992/1993,1992,Liga Artzit,,14,Hapoel Hadera,Hebrew Wikipedia
1992/1993,1992,Liga Artzit,,15,Hapoel Ramat Gan,Hebrew Wikipedia
1992/1993,1992,Liga Artzit,,15,Hapoel Ramat Gan Giv'atayim,English Wikipedia
1992/1993,1992,Liga Artzit,,16,Maccabi Sha'arayim,Hebrew Wikipedia
1992/1993,1992,Liga Leumit,,1,Beitar Jerusalem,RSSSF
1992/1993,1992,Liga Leumit,,2,Maccabi Tel Aviv,RSSSF
1992/1993,1992,Liga Leumit,,3,Bnei Yehuda Tel Aviv,RSSSF
1992/1993,1992,Liga Leumit,,4,Hapoel Be'er Sheva,RSSSF
1992/1993,1992,Liga Leumit,,5,Maccabi Haifa,RSSSF
1992/1993,1992,Liga Leumit,,6,Hapoel Holon,RSSSF
1992/1993,1992,Liga Leumit,,7,Hapoel Haifa,RSSSF
1992/1993,1992,Liga Leumit,,8,Maccabi Netanya,RSSSF
1992/1993,1992,Liga Leumit,,9,Hapoel Tel Aviv,RSSSF
1992/1993,1992,Liga Leumit,,10,Maccabi Petah Tikva,RSSSF
1992/1993,1992,Liga Leumit,,11,Hapoel Petah Tikva,RSSSF
1992/1993,1992,Liga Leumit,,12,Beitar Tel Aviv,RSSSF
1993/1994,1993,Liga Alef,North,1,Hapoel Ramat Gan,English Wikipedia
1993/1994,1993,Liga Alef,North,2,Hapoel Kiryat Shmona,English Wikipedia
1993/1994,1993,Liga Alef,North,3,Maccabi Afula,English Wikipedia
1993/1994,1993,Liga Alef,North,4,Hapoel Acre,English Wikipedia
1993/1994,1993,Liga Alef,North,5,Hapoel Tirat Carmel,English Wikipedia
1993/1994,1993,Liga Alef,North,6,Maccabi Tamra,English Wikipedia
1993/1994,1993,Liga Alef,North,7,Hapoel Givat Olga,English Wikipedia
1993/1994,1993,Liga Alef,North,8,Maccabi Or Akiva,English Wikipedia
1993/1994,1993,Liga Alef,North,9,Hapoel Umm al-Fahm,English Wikipedia
1993/1994,1993,Liga Alef,North,10,Hapoel Nof HaGalil,English Wikipedia
1993/1994,1993,Liga Alef,North,11,Maccabi Hadera,English Wikipedia
1993/1994,1993,Liga Alef,North,12,Maccabi Ahi Nazareth,English Wikipedia
1993/1994,1993,Liga Alef,North,13,Hapoel Tiberias,English Wikipedia
1993/1994,1993,Liga Alef,North,14,Maccabi Shefa-'Amr,English Wikipedia
1993/1994,1993,Liga Alef,North,15,Maccabi Isfiya,English Wikipedia
1993/1994,1993,Liga Alef,North,16,Beitar Nahariya,English Wikipedia
1993/1994,1993,Liga Alef,South,1,Maccabi Kiryat Gat,English Wikipedia
1993/1994,1993,Liga Alef,South,2,Hapoel Lod,English Wikipedia
1993/1994,1993,Liga Alef,South,3,Hapoel Kiryat Ono,English Wikipedia
1993/1994,1993,Liga Alef,South,4,Beitar Be'er Sheva,English Wikipedia
1993/1994,1993,Liga Alef,South,5,Hapoel Yeruham,English Wikipedia
1993/1994,1993,Liga Alef,South,6,Hapoel Kfar Shalem,English Wikipedia
1993/1994,1993,Liga Alef,South,7,Hapoel Kiryat Malakhi,English Wikipedia
1993/1994,1993,Liga Alef,South,8,Hapoel Ihud Tzeirei Jaffa,English Wikipedia
1993/1994,1993,Liga Alef,South,9,Maccabi Sha'arayim,English Wikipedia
1993/1994,1993,Liga Alef,South,10,Maccabi Ramat Amidar,English Wikipedia
1993/1994,1993,Liga Alef,South,11,Beitar Ramla,English Wikipedia
1993/1994,1993,Liga Alef,South,12,Hapoel Marmorek,English Wikipedia
1993/1994,1993,Liga Alef,South,13,Maccabi Lazaros Holon,English Wikipedia
1993/1994,1993,Liga Alef,South,14,Hapoel Or Yehuda,English Wikipedia
1993/1994,1993,Liga Alef,South,15,Hapoel Be'er Ya'akov,English Wikipedia
1993/1994,1993,Liga Alef,South,16,Maccabi HaShikma Hen,English Wikipedia
1993/1994,1993,Liga Artzit,,1,Hapoel Rishon LeZion,Hebrew Wikipedia
1993/1994,1993,Liga Artzit,,2,Hapoel Beit She'an,Hebrew Wikipedia
1993/1994,1993,Liga Artzit,,3,Beitar Tel Aviv,Hebrew Wikipedia
1993/1994,1993,Liga Artzit,,4,Shimshon Tel Aviv,Hebrew Wikipedia
1993/1994,1993,Liga Artzit,,5,Hapoel Taibe,Hebrew Wikipedia
1993/1994,1993,Liga Artzit,,6,Hapoel Bat Yam,Hebrew Wikipedia
1993/1994,1993,Liga Artzit,,7,Maccabi Yavne,Hebrew Wikipedia
1993/1994,1993,Liga Artzit,,8,Hapoel Hadera,Hebrew Wikipedia
1993/1994,1993,Liga Artzit,,9,Hapoel Ashkelon,Hebrew Wikipedia
1993/1994,1993,Liga Artzit,,10,Hapoel Jerusalem,Hebrew Wikipedia
1993/1994,1993,Liga Artzit,,11,Sektzia Nes Tziona,Hebrew Wikipedia
1993/1994,1993,Liga Artzit,,12,Hakoah Ramat Gan,Hebrew Wikipedia
1993/1994,1993,Liga Artzit,,12,Hakoah Maccabi Amidar Ramat Gan,English Wikipedia
1993/1994,1993,Liga Artzit,,13,Maccabi Jaffa,Hebrew Wikipedia
1993/1994,1993,Liga Artzit,,14,Hapoel Ashdod,Hebrew Wikipedia
1993/1994,1993,Liga Artzit,,15,Maccabi Ironi Kiryat Ata,Hebrew Wikipedia
1993/1994,1993,Liga Artzit,,16,Hapoel Daliyat al-Karmel,Hebrew Wikipedia
1993/1994,1993,Liga Leumit,,1,Maccabi Haifa,RSSSF
1993/1994,1993,Liga Leumit,,2,Maccabi Tel Aviv,RSSSF
1993/1994,1993,Liga Leumit,,3,Hapoel Be'er Sheva,RSSSF
1993/1994,1993,Liga Leumit,,4,Beitar Jerusalem,RSSSF
1993/1994,1993,Liga Leumit,,5,Hapoel Tel Aviv,RSSSF
1993/1994,1993,Liga Leumit,,6,Maccabi Netanya,RSSSF
1993/1994,1993,Liga Leumit,,7,Hapoel Petah Tikva,RSSSF
1993/1994,1993,Liga Leumit,,8,Maccabi Petah Tikva,RSSSF
1993/1994,1993,Liga Leumit,,9,Bnei Yehuda Tel Aviv,RSSSF
1993/1994,1993,Liga Leumit,,10,Hapoel Holon,RSSSF
1993/1994,1993,Liga Leumit,,11,Maccabi Herzliya,RSSSF
1993/1994,1993,Liga Leumit,,12,Maccabi Ironi Ashdod,RSSSF
1993/1994,1993,Liga Leumit,,13,Hapoel Haifa,RSSSF
1993/1994,1993,Liga Leumit,,14,Hapoel Kfar Saba,RSSSF
1994/1995,1994,Liga Alef,North,1,Maccabi Ironi Kiryat Ata,English Wikipedia
1994/1995,1994,Liga Alef,North,2,Bnei Sakhnin,English Wikipedia
1994/1995,1994,Liga Alef,North,3,Maccabi Ahi Nazareth,English Wikipedia
1994/1995,1994,Liga Alef,North,4,Hapoel Umm al-Fahm,English Wikipedia
1994/1995,1994,Liga Alef,North,5,Hapoel Acre,English Wikipedia
1994/1995,1994,Liga Alef,North,6,Maccabi Shefa-'Amr,English Wikipedia
1994/1995,1994,Liga Alef,North,7,Hapoel Givat Olga,English Wikipedia
1994/1995,1994,Liga Alef,North,8,Maccabi Tamra,English Wikipedia
1994/1995,1994,Liga Alef,North,9,Hapoel Kafr Kanna,English Wikipedia
1994/1995,1994,Liga Alef,North,10,Maccabi Isfiya,English Wikipedia
1994/1995,1994,Liga Alef,North,11,Maccabi Afula,English Wikipedia
1994/1995,1994,Liga Alef,North,12,Maccabi Hadera,English Wikipedia
1994/1995,1994,Liga Alef,North,13,Maccabi Or Akiva,English Wikipedia
1994/1995,1994,Liga Alef,North,14,Hapoel Nof HaGalil,English Wikipedia
1994/1995,1994,Liga Alef,North,15,Hapoel Tirat Carmel,English Wikipedia
1994/1995,1994,Liga Alef,South,1,Hapoel Kfar Shalem,English Wikipedia
1994/1995,1994,Liga Alef,South,2,Hapoel Yehud,English Wikipedia
1994/1995,1994,Liga Alef,South,3,Hapoel Kiryat Ono,English Wikipedia
1994/1995,1994,Liga Alef,South,4,Hapoel Or Yehuda,English Wikipedia
1994/1995,1994,Liga Alef,South,5,Maccabi Lazarus Holon,English Wikipedia
1994/1995,1994,Liga Alef,South,6,Hapoel Yeruham,English Wikipedia
1994/1995,1994,Liga Alef,South,7,Hapoel Marmorek,English Wikipedia
1994/1995,1994,Liga Alef,South,8,Beitar Be'er Sheva,English Wikipedia
1994/1995,1994,Liga Alef,South,9,Maccabi Ramat Amidar,English Wikipedia
1994/1995,1994,Liga Alef,South,10,Hapoel Merhavim,English Wikipedia
1994/1995,1994,Liga Alef,South,11,Hapoel Ihud Tzeirei Jaffa,English Wikipedia
1994/1995,1994,Liga Alef,South,12,Maccabi Sha'arayim,English Wikipedia
1994/1995,1994,Liga Alef,South,13,Hapoel Kiryat Malakhi,English Wikipedia
1994/1995,1994,Liga Alef,South,14,Beitar Ramla,English Wikipedia
1994/1995,1994,Liga Alef,South,15,Hapoel Be'er Ya'akov,English Wikipedia
1994/1995,1994,Liga Alef,South,16,Hapoel Daliyat al-Karmel,English Wikipedia
1994/1995,1994,Liga Artzit,,1,Maccabi Jaffa,Hebrew Wikipedia
1994/1995,1994,Liga Artzit,,2,Hapoel Kfar Saba,Hebrew Wikipedia
1994/1995,1994,Liga Artzit,,3,Hakoah Ramat Gan,Hebrew Wikipedia
1994/1995,1994,Liga Artzit,,4,Hapoel Bat Yam,Hebrew Wikipedia
1994/1995,1994,Liga Artzit,,5,Hapoel Taibe,Hebrew Wikipedia
1994/1995,1994,Liga Artzit,,6,Maccabi Kiryat Gat,Hebrew Wikipedia
1994/1995,1994,Liga Artzit,,7,Hapoel Ramat Gan,Hebrew Wikipedia
1994/1995,1994,Liga Artzit,,8,Hapoel Ashdod,Hebrew Wikipedia
1994/1995,1994,Liga Artzit,,9,Maccabi Yavne,Hebrew Wikipedia
1994/1995,1994,Liga Artzit,,10,Shimshon Tel Aviv,Hebrew Wikipedia
1994/1995,1994,Liga Artzit,,11,Hapoel Hadera,Hebrew Wikipedia
1994/1995,1994,Liga Artzit,,12,Sektzia Nes Tziona,Hebrew Wikipedia
1994/1995,1994,Liga Artzit,,13,Hapoel Jerusalem,Hebrew Wikipedia
1994/1995,1994,Liga Artzit,,14,Hapoel Kiryat Shmona,Hebrew Wikipedia
1994/1995,1994,Liga Artzit,,15,Hapoel Ashkelon,Hebrew Wikipedia
1994/1995,1994,Liga Artzit,,16,Hapoel Lod,Hebrew Wikipedia
1994/1995,1994,Liga Bet,North A,1,Maccabi Kafr Kanna,English Wikipedia
1994/1995,1994,Liga Bet,North A,2,Hapoel Bnei Nazareth,English Wikipedia
1994/1995,1994,Liga Bet,North A,3,Hapoel Arraba,English Wikipedia
1994/1995,1994,Liga Bet,North A,4,Hapoel Tuba,English Wikipedia
1994/1995,1994,Liga Bet,North A,5,Hapoel Karmiel,English Wikipedia
1994/1995,1994,Liga Bet,North A,6,Hapoel Bu'eine,English Wikipedia
1994/1995,1994,Liga Bet,North A,7,Hapoel Kafr Sumei,English Wikipedia
1994/1995,1994,Liga Bet,North A,8,Hapoel Majd al-Krum,English Wikipedia
1994/1995,1994,Liga Bet,North A,9,Maccabi Sektzia Ma'alot-Tarshiha,English Wikipedia
1994/1995,1994,Liga Bet,North A,10,Hapoel Kiryat Ata,English Wikipedia
1994/1995,1994,Liga Bet,North A,11,Hapoel Deir Hanna,English Wikipedia
1994/1995,1994,Liga Bet,North A,12,Maccabi Tiberias,English Wikipedia
1994/1995,1994,Liga Bet,North A,13,Hapoel Safed,English Wikipedia
1994/1995,1994,Liga Bet,North A,14,Maccabi Nahariya,English Wikipedia
1994/1995,1994,Liga Bet,North A,15,Hapoel Bnei Acre,English Wikipedia
1994/1995,1994,Liga Bet,North B,1,Hapoel Migdal HaEmek,English Wikipedia
1994/1995,1994,Liga Bet,North B,2,Hapoel Nahliel,English Wikipedia
1994/1995,1994,Liga Bet,North B,3,Beitar Kfar Yona,English Wikipedia
1994/1995,1994,Liga Bet,North B,4,Hapoel Bir al-Maksur,English Wikipedia
1994/1995,1994,Liga Bet,North B,5,Hapoel Arab Nujeidat,English Wikipedia
1994/1995,1994,Liga Bet,North B,6,Maccabi Tzur Shalom,English Wikipedia
1994/1995,1994,Liga Bet,North B,7,Ironi Sayid Umm al-Fahm,English Wikipedia
1994/1995,1994,Liga Bet,North B,8,Hapoel Kafr Qara,English Wikipedia
1994/1995,1994,Liga Bet,North B,9,Maccabi Umm al-Fahm,English Wikipedia
1994/1995,1994,Liga Bet,North B,10,Hapoel Arara,English Wikipedia
1994/1995,1994,Liga Bet,North B,11,Hapoel Fureidis,English Wikipedia
1994/1995,1994,Liga Bet,North B,12,Hapoel Iksal,English Wikipedia
1994/1995,1994,Liga Bet,North B,13,Hapoel Yafa,English Wikipedia
1994/1995,1994,Liga Bet,North B,14,Hapoel Reineh,English Wikipedia
1994/1995,1994,Liga Bet,North B,15,Hapoel Qalansawe,English Wikipedia
1994/1995,1994,Liga Bet,North B,16,Hapoel Tel Hanan,English Wikipedia
1994/1995,1994,Liga Bet,South A,1,Hapoel Kafr Qasim,English Wikipedia
1994/1995,1994,Liga Bet,South A,2,Hapoel Azor,English Wikipedia
1994/1995,1994,Liga Bet,South A,3,Hapoel Ironi Herzliya,English Wikipedia
1994/1995,1994,Liga Bet,South A,4,Hapoel Nahlat Yehuda,English Wikipedia
1994/1995,1994,Liga Bet,South A,5,Hapoel Aliyah Kfar Saba,English Wikipedia
1994/1995,1994,Liga Bet,South A,6,Hapoel Tira,English Wikipedia
1994/1995,1994,Liga Bet,South A,7,Hapoel Mahane Yehuda,English Wikipedia
1994/1995,1994,Liga Bet,South A,8,Maccabi Bat Yam,English Wikipedia
1994/1995,1994,Liga Bet,South A,9,Beitar Holon,English Wikipedia
1994/1995,1994,Liga Bet,South A,10,Beitar Beit Dagan,English Wikipedia
1994/1995,1994,Liga Bet,South A,11,Hapoel Ramat HaSharon,English Wikipedia
1994/1995,1994,Liga Bet,South A,12,M.M. Givat Shmuel,English Wikipedia
1994/1995,1994,Liga Bet,South A,13,Maccabi Kafr Qasim,English Wikipedia
1994/1995,1994,Liga Bet,South A,14,Beitar Petah Tikva,English Wikipedia
1994/1995,1994,Liga Bet,South A,15,Hapoel Jaljulia,English Wikipedia
1994/1995,1994,Liga Bet,South A,16,Maccabi HaShikma Hen,English Wikipedia
1994/1995,1994,Liga Bet,South B,1,Maccabi Shikun HaMizrah,English Wikipedia
1994/1995,1994,Liga Bet,South B,2,Hapoel Eilat,English Wikipedia
1994/1995,1994,Liga Bet,South B,3,Beitar Beit Shemesh,English Wikipedia
1994/1995,1994,Liga Bet,South B,4,Hapoel Dimona,English Wikipedia
1994/1995,1994,Liga Bet,South B,5,Maccabi Ben Zvi,English Wikipedia
1994/1995,1994,Liga Bet,South B,6,A.S. Ramat Eliyahu,English Wikipedia
1994/1995,1994,Liga Bet,South B,7,Hapoel Mevaseret Zion,English Wikipedia
1994/1995,1994,Liga Bet,South B,8,Maccabi Ramla,English Wikipedia
1994/1995,1994,Liga Bet,South B,9,Maccabi Ashkelon,English Wikipedia
1994/1995,1994,Liga Bet,South B,10,Beitar Lod,English Wikipedia
1994/1995,1994,Liga Bet,South B,11,Beitar Ashdod,English Wikipedia
1994/1995,1994,Liga Bet,South B,12,Maccabi Rehovot,English Wikipedia
1994/1995,1994,Liga Bet,South B,13,Beitar Yavne,English Wikipedia
1994/1995,1994,Liga Bet,South B,14,Hapoel Arad,English Wikipedia
1994/1995,1994,Liga Bet,South B,15,Maccabi Kiryat Malakhi,English Wikipedia
1994/1995,1994,Liga Bet,South B,16,Maccabi Dimona,English Wikipedia
1994/1995,1994,Liga Leumit,,1,Maccabi Tel Aviv,RSSSF
1994/1995,1994,Liga Leumit,,2,Maccabi Haifa,RSSSF
1994/1995,1994,Liga Leumit,,3,Hapoel Be'er Sheva,RSSSF
1994/1995,1994,Liga Leumit,,4,Hapoel Tel Aviv,RSSSF
1994/1995,1994,Liga Leumit,,5,Hapoel Petah Tikva,RSSSF
1994/1995,1994,Liga Leumit,,6,Beitar Jerusalem,RSSSF
1994/1995,1994,Liga Leumit,,7,Hapoel Holon,RSSSF
1994/1995,1994,Liga Leumit,,8,Maccabi Petah Tikva,RSSSF
1994/1995,1994,Liga Leumit,,9,Hapoel Rishon LeZion,RSSSF
1994/1995,1994,Liga Leumit,,10,Bnei Yehuda Tel Aviv,RSSSF
1994/1995,1994,Liga Leumit,,11,Beitar Tel Aviv,RSSSF
1994/1995,1994,Liga Leumit,,12,Hapoel Beit She'an,RSSSF
1994/1995,1994,Liga Leumit,,13,Hapoel Haifa,RSSSF
1994/1995,1994,Liga Leumit,,14,Maccabi Herzliya,RSSSF
1994/1995,1994,Liga Leumit,,15,Maccabi Ironi Ashdod,RSSSF
1994/1995,1994,Liga Leumit,,16,Maccabi Netanya,RSSSF
1995/1996,1995,Liga Alef,North,1,Maccabi Kafr Kanna,English Wikipedia
1995/1996,1995,Liga Alef,North,2,Hapoel Kafr Kanna,English Wikipedia
1995/1996,1995,Liga Alef,North,3,Bnei Sakhnin,English Wikipedia
1995/1996,1995,Liga Alef,North,4,Maccabi Afula,English Wikipedia
1995/1996,1995,Liga Alef,North,5,Maccabi Hadera,English Wikipedia
1995/1996,1995,Liga Alef,North,6,Hapoel Migdal HaEmek,English Wikipedia
1995/1996,1995,Liga Alef,North,7,Maccabi Ahi Nazareth,English Wikipedia
1995/1996,1995,Liga Alef,North,8,Hapoel Umm al-Fahm,English Wikipedia
1995/1996,1995,Liga Alef,North,9,Hapoel Nof HaGalil,English Wikipedia
1995/1996,1995,Liga Alef,North,10,Maccabi Isfiya,English Wikipedia
1995/1996,1995,Liga Alef,North,11,Maccabi Shefa-'Amr,English Wikipedia
1995/1996,1995,Liga Alef,North,12,Hapoel Kafr Qasim,English Wikipedia
1995/1996,1995,Liga Alef,North,13,Maccabi Tamra,English Wikipedia
1995/1996,1995,Liga Alef,North,14,Hapoel Acre,English Wikipedia
1995/1996,1995,Liga Alef,North,15,Hapoel Givat Olga,English Wikipedia
1995/1996,1995,Liga Alef,North,16,Maccabi Or Akiva,English Wikipedia
1995/1996,1995,Liga Alef,South,1,Hapoel Ashkelon,English Wikipedia
1995/1996,1995,Liga Alef,South,2,Hapoel Or Yehuda,English Wikipedia
1995/1996,1995,Liga Alef,South,3,Beitar Be'er Sheva,English Wikipedia
1995/1996,1995,Liga Alef,South,4,Maccabi Shikun HaMizrah,English Wikipedia
1995/1996,1995,Liga Alef,South,5,Hapoel Yehud,English Wikipedia
1995/1996,1995,Liga Alef,South,6,Hapoel Lod,English Wikipedia
1995/1996,1995,Liga Alef,South,7,Maccabi Lazarus Holon,English Wikipedia
1995/1996,1995,Liga Alef,South,8,Hapoel Ihud Tzeirei Jaffa,English Wikipedia
1995/1996,1995,Liga Alef,South,9,Maccabi Sha'arayim,English Wikipedia
1995/1996,1995,Liga Alef,South,10,Maccabi Ramat Amidar,English Wikipedia
1995/1996,1995,Liga Alef,South,11,Hapoel Kiryat Ono,English Wikipedia
1995/1996,1995,Liga Alef,South,12,Beitar Ramla,English Wikipedia
1995/1996,1995,Liga Alef,South,13,Hapoel Yeruham,English Wikipedia
1995/1996,1995,Liga Alef,South,14,Hapoel Kiryat Malakhi,English Wikipedia
1995/1996,1995,Liga Alef,South,15,Hapoel Marmorek,English Wikipedia
1995/1996,1995,Liga Alef,South,16,Hapoel Merhavim,English Wikipedia
1995/1996,1995,Liga Artzit,,1,Hapoel Taibe,Hebrew Wikipedia
1995/1996,1995,Liga Artzit,,2,Hapoel Jerusalem,Hebrew Wikipedia
1995/1996,1995,Liga Artzit,,3,Hapoel Bat Yam,Hebrew Wikipedia
1995/1996,1995,Liga Artzit,,4,Maccabi Kiryat Gat,Hebrew Wikipedia
1995/1996,1995,Liga Artzit,,5,Maccabi Ironi Ashdod,Hebrew Wikipedia
1995/1996,1995,Liga Artzit,,6,Hapoel Ramat Gan,Hebrew Wikipedia
1995/1996,1995,Liga Artzit,,7,Hakoah Ramat Gan,Hebrew Wikipedia
1995/1996,1995,Liga Artzit,,8,Maccabi Acre,Hebrew Wikipedia
1995/1996,1995,Liga Artzit,,8,Maccabi Ironi Kiryat Ata,English Wikipedia
1995/1996,1995,Liga Artzit,,9,Maccabi Netanya,Hebrew Wikipedia
1995/1996,1995,Liga Artzit,,10,Maccabi Yavne,Hebrew Wikipedia
1995/1996,1995,Liga Artzit,,11,Hapoel Hadera,Hebrew Wikipedia
1995/1996,1995,Liga Artzit,,12,Sektzia Nes Tziona,Hebrew Wikipedia
1995/1996,1995,Liga Artzit,,13,Hapoel Ashdod,Hebrew Wikipedia
1995/1996,1995,Liga Artzit,,14,Hapoel Kiryat Shmona,Hebrew Wikipedia
1995/1996,1995,Liga Artzit,,15,Shimshon Tel Aviv,Hebrew Wikipedia
1995/1996,1995,Liga Artzit,,16,Hapoel Kfar Shalem,Hebrew Wikipedia
1995/1996,1995,Liga Leumit,,1,Maccabi Tel Aviv,RSSSF
1995/1996,1995,Liga Leumit,,2,Maccabi Haifa,RSSSF
1995/1996,1995,Liga Leumit,,3,Beitar Jerusalem,RSSSF
1995/1996,1995,Liga Leumit,,4,Hapoel Haifa,RSSSF
1995/1996,1995,Liga Leumit,,5,Hapoel Tel Aviv,RSSSF
1995/1996,1995,Liga Leumit,,6,Maccabi Petah Tikva,RSSSF
1995/1996,1995,Liga Leumit,,7,Maccabi Herzliya,RSSSF
1995/1996,1995,Liga Leumit,,8,Hapoel Petah Tikva,RSSSF
1995/1996,1995,Liga Leumit,,9,Hapoel Rishon LeZion,RSSSF
1995/1996,1995,Liga Leumit,,10,Hapoel Be'er Sheva,RSSSF
1995/1996,1995,Liga Leumit,,11,Bnei Yehuda Tel Aviv,RSSSF
1995/1996,1995,Liga Leumit,,12,Hapoel Kfar Saba,RSSSF
1995/1996,1995,Liga Leumit,,13,Hapoel Holon,RSSSF
1995/1996,1995,Liga Leumit,,14,Hapoel Beit She'an,RSSSF
1995/1996,1995,Liga Leumit,,15,Beitar Tel Aviv,RSSSF
1995/1996,1995,Liga Leumit,,16,Maccabi Jaffa,RSSSF
1996/1997,1996,Liga Alef,North,1,Bnei Sakhnin,English Wikipedia
1996/1997,1996,Liga Alef,North,2,Hapoel Acre,English Wikipedia
1996/1997,1996,Liga Alef,North,3,Hapoel Nof HaGalil,English Wikipedia
1996/1997,1996,Liga Alef,North,4,Maccabi Ahi Nazareth,English Wikipedia
1996/1997,1996,Liga Alef,North,5,Hapoel Karmiel,English Wikipedia
1996/1997,1996,Liga Alef,North,6,Hapoel Umm al-Fahm,English Wikipedia
1996/1997,1996,Liga Alef,North,7,Hapoel Kafr Kanna,English Wikipedia
1996/1997,1996,Liga Alef,North,8,Maccabi Shefa-'Amr,English Wikipedia
1996/1997,1996,Liga Alef,North,9,Maccabi Tamra,English Wikipedia
1996/1997,1996,Liga Alef,North,10,Maccabi Hadera,English Wikipedia
1996/1997,1996,Liga Alef,North,11,Hapoel Kafr Qasim,English Wikipedia
1996/1997,1996,Liga Alef,North,12,Maccabi Isfiya,English Wikipedia
1996/1997,1996,Liga Alef,North,13,Maccabi Afula,English Wikipedia
1996/1997,1996,Liga Alef,North,14,Shimshon Tel Aviv,English Wikipedia
1996/1997,1996,Liga Alef,North,15,Hapoel Migdal HaEmek,English Wikipedia
1996/1997,1996,Liga Alef,North,16,Hapoel Iksal,English Wikipedia
1996/1997,1996,Liga Alef,South,1,Hapoel Lod,English Wikipedia
1996/1997,1996,Liga Alef,South,2,Hapoel Ramat HaSharon,English Wikipedia
1996/1997,1996,Liga Alef,South,3,Hapoel Or Yehuda,English Wikipedia
1996/1997,1996,Liga Alef,South,4,Hapoel Dimona,English Wikipedia
1996/1997,1996,Liga Alef,South,5,Beitar Be'er Sheva,English Wikipedia
1996/1997,1996,Liga Alef,South,6,Maccabi Sha'arayim,English Wikipedia
1996/1997,1996,Liga Alef,South,7,Hapoel Kiryat Ono,English Wikipedia
1996/1997,1996,Liga Alef,South,8,Hapoel Yehud,English Wikipedia
1996/1997,1996,Liga Alef,South,9,Hapoel Kfar Shalem,English Wikipedia
1996/1997,1996,Liga Alef,South,10,Beitar Ramla,English Wikipedia
1996/1997,1996,Liga Alef,South,11,Hapoel Yeruham,English Wikipedia
1996/1997,1996,Liga Alef,South,12,Maccabi Lazarus Holon,English Wikipedia
1996/1997,1996,Liga Alef,South,13,Maccabi Ramat Amidar,English Wikipedia
1996/1997,1996,Liga Alef,South,14,Hapoel Ihud Tzeirei Jaffa,English Wikipedia
1996/1997,1996,Liga Alef,South,15,Maccabi Shikun HaMizrah,English Wikipedia
1996/1997,1996,Liga Alef,South,16,Hapoel Kiryat Malakhi,English Wikipedia
1996/1997,1996,Liga Artzit,,1,Hapoel Ashkelon,Hebrew Wikipedia
1996/1997,1996,Liga Artzit,,2,Maccabi Ironi Ashdod,Hebrew Wikipedia
1996/1997,1996,Liga Artzit,,3,Maccabi Netanya,Hebrew Wikipedia
1996/1997,1996,Liga Artzit,,4,Hakoah Ramat Gan,Hebrew Wikipedia
1996/1997,1996,Liga Artzit,,5,Hapoel Bat Yam,Hebrew Wikipedia
1996/1997,1996,Liga Artzit,,6,Maccabi Jaffa,Hebrew Wikipedia
1996/1997,1996,Liga Artzit,,7,Maccabi Kafr Kanna,Hebrew Wikipedia
1996/1997,1996,Liga Artzit,,8,Hapoel Ramat Gan,Hebrew Wikipedia
1996/1997,1996,Liga Artzit,,9,Beitar Tel Aviv,Hebrew Wikipedia
1996/1997,1996,Liga Artzit,,10,Maccabi Acre,Hebrew Wikipedia
1996/1997,1996,Liga Artzit,,10,Maccabi Ironi Kiryat Ata,English Wikipedia
1996/1997,1996,Liga Artzit,,11,Maccabi Kiryat Gat,Hebrew Wikipedia
1996/1997,1996,Liga Artzit,,12,Hapoel Ashdod,Hebrew Wikipedia
1996/1997,1996,Liga Artzit,,13,Sektzia Nes Tziona,Hebrew Wikipedia
1996/1997,1996,Liga Artzit,,14,Maccabi Yavne,Hebrew Wikipedia
1996/1997,1996,Liga Artzit,,15,Hapoel Kiryat Shmona,Hebrew Wikipedia
1996/1997,1996,Liga Artzit,,16,Hapoel Hadera,Hebrew Wikipedia
1996/1997,1996,Liga Bet,North A,1,Hapoel Majd al-Krum,English Wikipedia
1996/1997,1996,Liga Bet,North A,2,Hapoel Arraba,English Wikipedia
1996/1997,1996,Liga Bet,North A,3,Tzeirei Nahf,English Wikipedia
1996/1997,1996,Liga Bet,North A,4,Hapoel Kafr Sumei,English Wikipedia
1996/1997,1996,Liga Bet,North A,5,Hapoel Sakhnin,English Wikipedia
1996/1997,1996,Liga Bet,North A,6,Hapoel Bnei Nazareth,English Wikipedia
1996/1997,1996,Liga Bet,North A,7,Maccabi Sektzia Ma'alot-Tarshiha,English Wikipedia
1996/1997,1996,Liga Bet,North A,8,Hapoel Bu'eine,English Wikipedia
1996/1997,1996,Liga Bet,North A,9,Hapoel Deir Hanna,English Wikipedia
1996/1997,1996,Liga Bet,North A,10,Hapoel Hurfeish,English Wikipedia
1996/1997,1996,Liga Bet,North A,11,Hapoel Tuba,English Wikipedia
1996/1997,1996,Liga Bet,North A,12,Beitar Hatzor,English Wikipedia
1996/1997,1996,Liga Bet,North A,13,Hapoel Ein Mahil,English Wikipedia
1996/1997,1996,Liga Bet,North A,14,Hapoel Bnei Tamra,English Wikipedia
1996/1997,1996,Liga Bet,North A,15,Maccabi Givat HaRakafot,English Wikipedia
1996/1997,1996,Liga Bet,North A,16,Maccabi Kabul,English Wikipedia
1996/1997,1996,Liga Bet,North B,1,Maccabi Tur'an,English Wikipedia
1996/1997,1996,Liga Bet,North B,2,Hapoel Kafr Qara,English Wikipedia
1996/1997,1996,Liga Bet,North B,3,Maccabi Umm al-Fahm,English Wikipedia
1996/1997,1996,Liga Bet,North B,4,Hapoel Nahliel,English Wikipedia
1996/1997,1996,Liga Bet,North B,5,Hapoel Barta'a,English Wikipedia
1996/1997,1996,Liga Bet,North B,6,Maccabi Kiryat Bialik,English Wikipedia
1996/1997,1996,Liga Bet,North B,7,Hapoel Fureidis,English Wikipedia
1996/1997,1996,Liga Bet,North B,8,Maccabi Or Akiva,English Wikipedia
1996/1997,1996,Liga Bet,North B,9,Hapoel Arab Nujeidat,English Wikipedia
1996/1997,1996,Liga Bet,North B,10,Hapoel Bir al-Maksur,English Wikipedia
1996/1997,1996,Liga Bet,North B,11,Maccabi Ironi Tirat HaCarmel,English Wikipedia
1996/1997,1996,Liga Bet,North B,12,Maccabi Ironi Baqa al-Gharbiyye,English Wikipedia
1996/1997,1996,Liga Bet,North B,13,Hapoel Reineh,English Wikipedia
1996/1997,1996,Liga Bet,North B,14,Hapoel Givat Olga,English Wikipedia
1996/1997,1996,Liga Bet,North B,15,Maccabi Tzur Shalom,English Wikipedia
1996/1997,1996,Liga Bet,North B,16,Ironi Sayid Umm al-Fahm,English Wikipedia
1996/1997,1996,Liga Bet,South A,1,Hapoel Nahlat Yehuda,English Wikipedia
1996/1997,1996,Liga Bet,South A,2,M.M. Givat Shmuel,English Wikipedia
1996/1997,1996,Liga Bet,South A,3,Hapoel Azor,English Wikipedia
1996/1997,1996,Liga Bet,South A,4,Maccabi Bat Yam,English Wikipedia
1996/1997,1996,Liga Bet,South A,5,Hapoel Hod HaSharon,English Wikipedia
1996/1997,1996,Liga Bet,South A,6,Hapoel Ra'anana,English Wikipedia
1996/1997,1996,Liga Bet,South A,7,Maccabi Qalansawe,English Wikipedia
1996/1997,1996,Liga Bet,South A,8,Hapoel Ironi Herzliya,English Wikipedia
1996/1997,1996,Liga Bet,South A,9,Beitar Kfar Saba,English Wikipedia
1996/1997,1996,Liga Bet,South A,10,Beitar Kfar Yona,English Wikipedia
1996/1997,1996,Liga Bet,South A,11,Maccabi Holon,English Wikipedia
1996/1997,1996,Liga Bet,South A,12,Maccabi Kafr Qasim,English Wikipedia
1996/1997,1996,Liga Bet,South A,13,Hapoel Tira,English Wikipedia
1996/1997,1996,Liga Bet,South A,14,Hapoel Mahane Yehuda,English Wikipedia
1996/1997,1996,Liga Bet,South A,15,Beitar Bat Yam,English Wikipedia
1996/1997,1996,Liga Bet,South A,16,Beitar Jaffa,English Wikipedia
1996/1997,1996,Liga Bet,South B,1,Maccabi Ashkelon,English Wikipedia
1996/1997,1996,Liga Bet,South B,2,Hapoel Eilat,English Wikipedia
1996/1997,1996,Liga Bet,South B,3,A.S. Ramat Eliyahu,English Wikipedia
1996/1997,1996,Liga Bet,South B,4,Ironi Ofakim,English Wikipedia
1996/1997,1996,Liga Bet,South B,5,Maccabi Ben Zvi,English Wikipedia
1996/1997,1996,Liga Bet,South B,6,Hapoel Bnei Lakhish,English Wikipedia
1996/1997,1996,Liga Bet,South B,7,Hapoel Be'er Ya'akov,English Wikipedia
1996/1997,1996,Liga Bet,South B,8,Hapoel Marmorek,English Wikipedia
1996/1997,1996,Liga Bet,South B,9,Hapoel Merhavim,English Wikipedia
1996/1997,1996,Liga Bet,South B,10,Beitar Beit Shemesh,English Wikipedia
1996/1997,1996,Liga Bet,South B,11,Hapoel Mevaseret Zion,English Wikipedia
1996/1997,1996,Liga Bet,South B,12,Hapoel Bnei Laqiya,English Wikipedia
1996/1997,1996,Liga Bet,South B,13,Beitar Lod,English Wikipedia
1996/1997,1996,Liga Bet,South B,14,Maccabi Neve Alon Lod,English Wikipedia
1996/1997,1996,Liga Bet,South B,15,Beitar Ashdod,English Wikipedia
1996/1997,1996,Liga Bet,South B,16,Hapoel Gedera,English Wikipedia
1996/1997,1996,Liga Gimel,Bay,1,Ironi I'billin,English Wikipedia
1996/1997,1996,Liga Gimel,Bay,2,Hapoel Jadeidi,English Wikipedia
1996/1997,1996,Liga Gimel,Bay,3,Hapoel Makr,English Wikipedia
1996/1997,1996,Liga Gimel,Bay,4,Hapoel Mo'atza Ezorit Galil Tahton,English Wikipedia
1996/1997,1996,Liga Gimel,Bay,5,Hapoel Bnei Acre,English Wikipedia
1996/1997,1996,Liga Gimel,Bay,6,Hapoel Kaukab,English Wikipedia
1996/1997,1996,Liga Gimel,Bay,7,Hapoel Bnei Manda,English Wikipedia
1996/1997,1996,Liga Gimel,Bay,8,Hapoel Wadi Sallama,English Wikipedia
1996/1997,1996,Liga Gimel,Bay,9,Beitar al-Ittihad Shefa-'Amr,English Wikipedia
1996/1997,1996,Liga Gimel,Bay,10,Hapoel Halat al-Sharif Tamra,English Wikipedia
1996/1997,1996,Liga Gimel,Bay,11,Maccabi Daliyat al-Karmel,English Wikipedia
1996/1997,1996,Liga Gimel,Bay,12,Hapoel Ka'abiyye,English Wikipedia
1996/1997,1996,Liga Gimel,Bay,13,Hapoel Shefa-'Amr,English Wikipedia
1996/1997,1996,Liga Gimel,Bay,14,Hapoel Bnei Mazra'a,English Wikipedia
1996/1997,1996,Liga Gimel,Bay,15,Hapoel Kafr Sheikh Danun,English Wikipedia
1996/1997,1996,Liga Gimel,Central,1,Maccabi Jerusalem,English Wikipedia
1996/1997,1996,Liga Gimel,Central,2,Maccabi Kiryat Ekron,English Wikipedia
1996/1997,1996,Liga Gimel,Central,3,Beitar Kiryat Gat,English Wikipedia
1996/1997,1996,Liga Gimel,Central,4,ASA Jerusalem,English Wikipedia
1996/1997,1996,Liga Gimel,Central,5,Beitar Kiryat Ekron,English Wikipedia
1996/1997,1996,Liga Gimel,Central,6,Hapoel Ramla,English Wikipedia
1996/1997,1996,Liga Gimel,Central,7,Beitar Yavne,English Wikipedia
1996/1997,1996,Liga Gimel,Central,8,Bnei Lod,English Wikipedia
1996/1997,1996,Liga Gimel,Central,9,Maccabi Beit Shemesh,English Wikipedia
1996/1997,1996,Liga Gimel,Central,10,Hapoel Rakevet Lod,English Wikipedia
1996/1997,1996,Liga Gimel,Central,11,Maccabi Rehovot,English Wikipedia
1996/1997,1996,Liga Gimel,Central,12,Maccabi Kiryat Malakhi,English Wikipedia
1996/1997,1996,Liga Gimel,Central,13,Hapoel Bnei Ayish,English Wikipedia
1996/1997,1996,Liga Gimel,Dan,1,Hapoel Jaljulia,English Wikipedia
1996/1997,1996,Liga Gimel,Dan,2,Beitar Ariel,English Wikipedia
1996/1997,1996,Liga Gimel,Dan,3,Flamingo Ironi Rosh HaAyin,English Wikipedia
1996/1997,1996,Liga Gimel,Dan,4,Hapoel Neve Golan,English Wikipedia
1996/1997,1996,Liga Gimel,Dan,5,Hapoel Kafr Bara,English Wikipedia
1996/1997,1996,Liga Gimel,Dan,6,Otzma F.C. Holon,English Wikipedia
1996/1997,1996,Liga Gimel,Dan,7,Maccabi Rosh HaAyin,English Wikipedia
1996/1997,1996,Liga Gimel,Dan,8,Maccabi Ramat HaSharon,English Wikipedia
1996/1997,1996,Liga Gimel,Dan,9,Maccabi Yehud,English Wikipedia
1996/1997,1996,Liga Gimel,Dan,10,Beitar Hod HaSharon,English Wikipedia
1996/1997,1996,Liga Gimel,Dan,11,Brit Sport Ma'of,English Wikipedia
1996/1997,1996,Liga Gimel,Dan,12,Hapoel Aliyah Kfar Saba,English Wikipedia
1996/1997,1996,Liga Gimel,Dan,13,Maccabi Ironi Jatt,English Wikipedia
1996/1997,1996,Liga Gimel,Haifa,1,Hapoel Daliyat al-Karmel,English Wikipedia
1996/1997,1996,Liga Gimel,Haifa,2,Hapoel Tirat Carmel,English Wikipedia
1996/1997,1996,Liga Gimel,Haifa,3,Hapoel Yokneam,English Wikipedia
1996/1997,1996,Liga Gimel,Haifa,4,Maccabi Bir al-Maksur,English Wikipedia
1996/1997,1996,Liga Gimel,Haifa,5,Beitar Haifa,English Wikipedia
1996/1997,1996,Liga Gimel,Haifa,6,Beitar Atlit,English Wikipedia
1996/1997,1996,Liga Gimel,Haifa,7,Hapoel Bnei Kababir,English Wikipedia
1996/1997,1996,Liga Gimel,Haifa,8,Hapoel Tel Hanan,English Wikipedia
1996/1997,1996,Liga Gimel,Haifa,9,Maccabi Tzofei Haifa,English Wikipedia
1996/1997,1996,Liga Gimel,Haifa,10,Hapoel Bnei Kafr Yasif,English Wikipedia
1996/1997,1996,Liga Gimel,Haifa,11,Beitar Kiryat Yam,English Wikipedia
1996/1997,1996,Liga Gimel,Haifa,12,Maccabi Ka'abiyye,English Wikipedia
1996/1997,1996,Liga Gimel,Haifa,13,Maccabi Neve Sha'anan Eldad,English Wikipedia
1996/1997,1996,Liga Gimel,Haifa,14,Hapoel Basmat Tab'un,English Wikipedia
1996/1997,1996,Liga Gimel,Jezreel,1,Maccabi Beit She'an,English Wikipedia
1996/1997,1996,Liga Gimel,Jezreel,2,Hapoel Kafr Sulam,English Wikipedia
1996/1997,1996,Liga Gimel,Jezreel,3,Hapoel Ilut,English Wikipedia
1996/1997,1996,Liga Gimel,Jezreel,4,Hapoel Daburiyya,English Wikipedia
1996/1997,1996,Liga Gimel,Jezreel,5,Hapoel Emek Tamra,English Wikipedia
1996/1997,1996,Liga Gimel,Jezreel,6,Hapoel al-Ittihad Nazareth,English Wikipedia
1996/1997,1996,Liga Gimel,Jezreel,7,Hapoel Kfar Kama,English Wikipedia
1996/1997,1996,Liga Gimel,Jezreel,8,Hapoel Yafa,English Wikipedia
1996/1997,1996,Liga Gimel,Jezreel,9,Maccabi Mashhad,English Wikipedia
1996/1997,1996,Liga Gimel,Jezreel,10,Beitar Migdal HaEmek,English Wikipedia
1996/1997,1996,Liga Gimel,Jezreel,11,Beitar Iksal,English Wikipedia
1996/1997,1996,Liga Gimel,Jezreel,12,Hapoel Kafr Misr,English Wikipedia
1996/1997,1996,Liga Gimel,Jezreel,13,Maccabi Ein Mahil,English Wikipedia
1996/1997,1996,Liga Gimel,Jezreel,14,Hapoel Mashhad,English Wikipedia
1996/1997,1996,Liga Gimel,Jezreel,15,Hapoel Kafr Shibli,English Wikipedia
1996/1997,1996,Liga Gimel,Jezreel,16,Beitar Afula,English Wikipedia
1996/1997,1996,Liga Gimel,Samaria,1,Hapoel Asi Gilboa,English Wikipedia
1996/1997,1996,Liga Gimel,Samaria,2,Hapoel Ramot Menashe Megiddo,English Wikipedia
1996/1997,1996,Liga Gimel,Samaria,3,Hapoel Ein as-Sahala,English Wikipedia
1996/1997,1996,Liga Gimel,Samaria,4,Hapoel Baqa al-Gharbiyye,English Wikipedia
1996/1997,1996,Liga Gimel,Samaria,5,Beitar Pardes Hanna,English Wikipedia
1996/1997,1996,Liga Gimel,Samaria,6,Maccabi Fureidis,English Wikipedia
1996/1997,1996,Liga Gimel,Samaria,7,Maccabi Kafr Qara,English Wikipedia
1996/1997,1996,Liga Gimel,Samaria,8,Hapoel Ar'ara,English Wikipedia
1996/1997,1996,Liga Gimel,Samaria,9,Hapoel HaYogev Salem,English Wikipedia
1996/1997,1996,Liga Gimel,Samaria,10,Hapoel Muawiya,English Wikipedia
1996/1997,1996,Liga Gimel,Samaria,11,Ironi Zikhron Ya'akov,English Wikipedia
1996/1997,1996,Liga Gimel,Samaria,12,Beitar Umm al-Fahm,English Wikipedia
1996/1997,1996,Liga Gimel,Samaria,13,Hapoel Musheirifa,English Wikipedia
1996/1997,1996,Liga Gimel,Samaria,14,Maccabi Ar'ara,English Wikipedia
1996/1997,1996,Liga Gimel,Samaria,15,Maccabi Musmus,English Wikipedia
1996/1997,1996,Liga Gimel,Sharon,1,Beitar Nes Tubruk,English Wikipedia
1996/1997,1996,Liga Gimel,Sharon,2,Shimshon Bnei Tayibe,English Wikipedia
1996/1997,1996,Liga Gimel,Sharon,3,Hapoel Tel Mond,English Wikipedia
1996/1997,1996,Liga Gimel,Sharon,4,Maccabi Bnei Tira,English Wikipedia
1996/1997,1996,Liga Gimel,Sharon,5,Maccabi Kfar Yona,English Wikipedia
1996/1997,1996,Liga Gimel,Sharon,6,Maccabi Amidar Netanya,English Wikipedia
1996/1997,1996,Liga Gimel,Sharon,7,Shimshon Tira,English Wikipedia
1996/1997,1996,Liga Gimel,Sharon,8,Hapoel Pardesiya,English Wikipedia
1996/1997,1996,Liga Gimel,Sharon,9,Hapoel Jatt,English Wikipedia
1996/1997,1996,Liga Gimel,Sharon,10,Hapoel Qalansawe,English Wikipedia
1996/1997,1996,Liga Gimel,Sharon,11,Maccabi HaSharon Netanya,English Wikipedia
1996/1997,1996,Liga Gimel,Sharon,12,Hapoel Beit Eliezer,English Wikipedia
1996/1997,1996,Liga Gimel,Sharon,13,Hapoel Jisr az-Zarqa,English Wikipedia
1996/1997,1996,Liga Gimel,Sharon,14,Beitar Hadera,English Wikipedia
1996/1997,1996,Liga Gimel,South,1,Maccabi Be'er Sheva,English Wikipedia
1996/1997,1996,Liga Gimel,South,2,Hapoel Arad,English Wikipedia
1996/1997,1996,Liga Gimel,South,3,Hapoel Aroer,English Wikipedia
1996/1997,1996,Liga Gimel,South,4,Hapoel Sde Uzziah/Be'er Tuvia,English Wikipedia
1996/1997,1996,Liga Gimel,South,5,Hapoel Rahat,English Wikipedia
1996/1997,1996,Liga Gimel,South,6,Maccabi Ironi Sderot,English Wikipedia
1996/1997,1996,Liga Gimel,South,7,Hapoel Masos/Segev Shalom,English Wikipedia
1996/1997,1996,Liga Gimel,South,8,Maccabi Yeruham,English Wikipedia
1996/1997,1996,Liga Gimel,South,9,Hapoel Kuseife,English Wikipedia
1996/1997,1996,Liga Gimel,South,10,F.C. Tzeirei Rahat,English Wikipedia
1996/1997,1996,Liga Gimel,South,11,Hapoel Mitzpe Ramon,English Wikipedia
1996/1997,1996,Liga Gimel,South,12,Hapoel Gan Yavne,English Wikipedia
1996/1997,1996,Liga Gimel,Tel Aviv,1,Maccabi HaShikma Hen,English Wikipedia
1996/1997,1996,Liga Gimel,Tel Aviv,2,Hapoel Tirat Shalom,English Wikipedia
1996/1997,1996,Liga Gimel,Tel Aviv,3,Beitar Ramat Gan,English Wikipedia
1996/1997,1996,Liga Gimel,Tel Aviv,4,Beitar Beit Dagan,English Wikipedia
1996/1997,1996,Liga Gimel,Tel Aviv,5,Maccabi Montefiore,English Wikipedia
1996/1997,1996,Liga Gimel,Tel Aviv,6,Hapoel Ramat Yisrael,English Wikipedia
1996/1997,1996,Liga Gimel,Tel Aviv,7,Beitar Kiryat Ono,English Wikipedia
1996/1997,1996,Liga Gimel,Tel Aviv,8,Beitar Or Yehuda,English Wikipedia
1996/1997,1996,Liga Gimel,Tel Aviv,9,Beitar Holon,English Wikipedia
1996/1997,1996,Liga Gimel,Tel Aviv,10,Elitzur Bar Ilan,English Wikipedia
1996/1997,1996,Liga Gimel,Tel Aviv,11,Hapoel Antonio Ortodoxim Jaffa,English Wikipedia
1996/1997,1996,Liga Gimel,Tel Aviv,12,Hapoel Kiryat Shalom,English Wikipedia
1996/1997,1996,Liga Gimel,Tel Aviv,13,Hapoel F.C. Ortodoxim Jaffa,English Wikipedia
1996/1997,1996,Liga Gimel,Tel Aviv,14,Hapoel Zeitan,English Wikipedia
1996/1997,1996,Liga Gimel,Tel Aviv,15,Beitar Ezra,English Wikipedia
1996/1997,1996,Liga Gimel,Upper Galilee,1,Beitar Tiberias,English Wikipedia
1996/1997,1996,Liga Gimel,Upper Galilee,2,Beitar Maghar,English Wikipedia
1996/1997,1996,Liga Gimel,Upper Galilee,3,Hapoel Yanuh,English Wikipedia
1996/1997,1996,Liga Gimel,Upper Galilee,4,Maccabi Kiryat Shmona,English Wikipedia
1996/1997,1996,Liga Gimel,Upper Galilee,5,Hapoel Bnei Sajur,English Wikipedia
1996/1997,1996,Liga Gimel,Upper Galilee,6,Beitar Safed,English Wikipedia
1996/1997,1996,Liga Gimel,Upper Galilee,7,Maccabi Sajur,English Wikipedia
1996/1997,1996,Liga Gimel,Upper Galilee,8,Hapoel Katzrin,English Wikipedia
1996/1997,1996,Liga Gimel,Upper Galilee,9,Beitar Kafr Kanna,English Wikipedia
1996/1997,1996,Liga Gimel,Upper Galilee,10,Hapoel Fassuta,English Wikipedia
1996/1997,1996,Liga Gimel,Upper Galilee,11,Hapoel Rehaniya,English Wikipedia
1996/1997,1996,Liga Gimel,Upper Galilee,12,Maccabi Bnei Yarka,English Wikipedia
1996/1997,1996,Liga Gimel,Western Galilee,1,Hapoel Kabul,English Wikipedia
1996/1997,1996,Liga Gimel,Western Galilee,2,Maccabi Ironi Shlomi,English Wikipedia
1996/1997,1996,Liga Gimel,Western Galilee,3,Ironi Nahariya,English Wikipedia
1996/1997,1996,Liga Gimel,Western Galilee,4,Maccabi Kafr Sumei,English Wikipedia
1996/1997,1996,Liga Gimel,Western Galilee,5,Hapoel Abu Snan,English Wikipedia
1996/1997,1996,Liga Gimel,Western Galilee,6,Hapoel Maghar,English Wikipedia
1996/1997,1996,Liga Gimel,Western Galilee,7,Hapoel Kisra,English Wikipedia
1996/1997,1996,Liga Gimel,Western Galilee,8,Hapoel Peki'in,English Wikipedia
1996/1997,1996,Liga Gimel,Western Galilee,9,Ironi Bnei Julis,English Wikipedia
1996/1997,1996,Liga Gimel,Western Galilee,10,Hapoel Nahariya,English Wikipedia
1996/1997,1996,Liga Gimel,Western Galilee,11,Hapoel Tarshiha,English Wikipedia
1996/1997,1996,Liga Gimel,Western Galilee,12,Maccabi Bi'ina,English Wikipedia
1996/1997,1996,Liga Gimel,Western Galilee,13,Beitar Ma'alot,English Wikipedia
1996/1997,1996,Liga Gimel,Western Galilee,14,Hapoel Jat HaGlilit,English Wikipedia
1996/1997,1996,Liga Gimel,Western Galilee,15,Hapoel Sha'ab,English Wikipedia
1996/1997,1996,Liga Leumit,,1,Beitar Jerusalem,RSSSF
1996/1997,1996,Liga Leumit,,2,Hapoel Petah Tikva,RSSSF
1996/1997,1996,Liga Leumit,,3,Hapoel Be'er Sheva,RSSSF
1996/1997,1996,Liga Leumit,,4,Maccabi Petah Tikva,RSSSF
1996/1997,1996,Liga Leumit,,5,Maccabi Haifa,RSSSF
1996/1997,1996,Liga Leumit,,6,Maccabi Tel Aviv,RSSSF
1996/1997,1996,Liga Leumit,,7,Hapoel Haifa,RSSSF
1996/1997,1996,Liga Leumit,,8,Hapoel Kfar Saba,RSSSF
1996/1997,1996,Liga Leumit,,9,Hapoel Rishon LeZion,RSSSF
1996/1997,1996,Liga Leumit,,10,Bnei Yehuda Tel Aviv,RSSSF
1996/1997,1996,Liga Leumit,,11,Hapoel Beit She'an,RSSSF
1996/1997,1996,Liga Leumit,,12,Hapoel Jerusalem,RSSSF
1996/1997,1996,Liga Leumit,,13,Hapoel Tel Aviv,RSSSF
1996/1997,1996,Liga Leumit,,14,Maccabi Herzliya,RSSSF
1996/1997,1996,Liga Leumit,,15,Hapoel Holon,RSSSF
1996/1997,1996,Liga Leumit,,16,Hapoel Taibe,RSSSF
1997/1998,1997,Liga Alef,North,1,Maccabi Ahi Nazareth,English Wikipedia
1997/1998,1997,Liga Alef,North,2,Hapoel Umm al-Fahm,English Wikipedia
1997/1998,1997,Liga Alef,North,3,Hapoel Kiryat Shmona,English Wikipedia
1997/1998,1997,Liga Alef,North,4,Hapoel Nof HaGalil,English Wikipedia
1997/1998,1997,Liga Alef,North,5,Maccabi Isfiya,English Wikipedia
1997/1998,1997,Liga Alef,North,6,Hapoel Acre,English Wikipedia
1997/1998,1997,Liga Alef,North,7,Hapoel Hadera,English Wikipedia
1997/1998,1997,Liga Alef,North,8,Hapoel Kafr Kanna,English Wikipedia
1997/1998,1997,Liga Alef,North,9,Maccabi Tur'an,English Wikipedia
1997/1998,1997,Liga Alef,North,10,Hapoel Majd al-Krum,English Wikipedia
1997/1998,1997,Liga Alef,North,11,Maccabi Shefa-'Amr,English Wikipedia
1997/1998,1997,Liga Alef,North,12,Maccabi Afula,English Wikipedia
1997/1998,1997,Liga Alef,North,13,Hapoel Kafr Qasim,English Wikipedia
1997/1998,1997,Liga Alef,North,14,Maccabi Tamra,English Wikipedia
1997/1998,1997,Liga Alef,North,15,Hapoel Karmiel,English Wikipedia
1997/1998,1997,Liga Alef,North,16,Maccabi Hadera,English Wikipedia
1997/1998,1997,Liga Alef,South,1,Beitar Be'er Sheva,English Wikipedia
1997/1998,1997,Liga Alef,South,2,Hapoel Or Yehuda,English Wikipedia
1997/1998,1997,Liga Alef,South,3,Maccabi Lazarus Holon,English Wikipedia
1997/1998,1997,Liga Alef,South,4,Maccabi Sha'arayim,English Wikipedia
1997/1998,1997,Liga Alef,South,5,Hapoel Dimona,English Wikipedia
1997/1998,1997,Liga Alef,South,6,Hapoel Ramat HaSharon,English Wikipedia
1997/1998,1997,Liga Alef,South,7,Maccabi Ashkelon,English Wikipedia
1997/1998,1997,Liga Alef,South,8,Beitar Ramla,English Wikipedia
1997/1998,1997,Liga Alef,South,9,Maccabi Ramat Amidar,English Wikipedia
1997/1998,1997,Liga Alef,South,10,Hapoel Kfar Shalem,English Wikipedia
1997/1998,1997,Liga Alef,South,11,Shimshon Tel Aviv,English Wikipedia
1997/1998,1997,Liga Alef,South,12,Hapoel Nahlat Yehuda,English Wikipedia
1997/1998,1997,Liga Alef,South,13,Hapoel Ihud Tzeirei Jaffa,English Wikipedia
1997/1998,1997,Liga Alef,South,14,Hapoel Yeruham,English Wikipedia
1997/1998,1997,Liga Alef,South,15,Hapoel Kiryat Ono,English Wikipedia
1997/1998,1997,Liga Alef,South,16,Hapoel Yehud,English Wikipedia
1997/1998,1997,Liga Artzit,,1,Maccabi Jaffa,Hebrew Wikipedia
1997/1998,1997,Liga Artzit,,2,Hapoel Holon,Hebrew Wikipedia
1997/1998,1997,Liga Artzit,,3,Hapoel Ashdod,Hebrew Wikipedia
1997/1998,1997,Liga Artzit,,4,Hakoah Ramat Gan,Hebrew Wikipedia
1997/1998,1997,Liga Artzit,,4,Hakoah Maccabi Amidar Ramat Gan,English Wikipedia
1997/1998,1997,Liga Artzit,,5,Maccabi Netanya,Hebrew Wikipedia
1997/1998,1997,Liga Artzit,,6,Beitar Tel Aviv,Hebrew Wikipedia
1997/1998,1997,Liga Artzit,,7,Hapoel Bat Yam,Hebrew Wikipedia
1997/1998,1997,Liga Artzit,,8,Hapoel Taibe,Hebrew Wikipedia
1997/1998,1997,Liga Artzit,,9,Bnei Sakhnin,Hebrew Wikipedia
1997/1998,1997,Liga Artzit,,10,Sektzia Nes Tziona,Hebrew Wikipedia
1997/1998,1997,Liga Artzit,,11,Maccabi Acre,Hebrew Wikipedia
1997/1998,1997,Liga Artzit,,12,Maccabi Kiryat Gat,Hebrew Wikipedia
1997/1998,1997,Liga Artzit,,13,Maccabi Kafr Kanna,Hebrew Wikipedia
1997/1998,1997,Liga Artzit,,14,Hapoel Lod,Hebrew Wikipedia
1997/1998,1997,Liga Artzit,,15,Hapoel Ramat Gan,Hebrew Wikipedia
1997/1998,1997,Liga Artzit,,16,Maccabi Yavne,Hebrew Wikipedia
1997/1998,1997,Liga Leumit,,1,Beitar Jerusalem,RSSSF
1997/1998,1997,Liga Leumit,,2,Hapoel Tel Aviv,RSSSF
1997/1998,1997,Liga Leumit,,3,Hapoel Haifa,RSSSF
1997/1998,1997,Liga Leumit,,4,Maccabi Haifa,RSSSF
1997/1998,1997,Liga Leumit,,5,Hapoel Petah Tikva,RSSSF
1997/1998,1997,Liga Leumit,,6,Maccabi Tel Aviv,RSSSF
1997/1998,1997,Liga Leumit,,7,Hapoel Kfar Saba,RSSSF
1997/1998,1997,Liga Leumit,,8,Maccabi Herzliya,RSSSF
1997/1998,1997,Liga Leumit,,9,Maccabi Petah Tikva,RSSSF
1997/1998,1997,Liga Leumit,,10,Hapoel Rishon LeZion,RSSSF
1997/1998,1997,Liga Leumit,,11,Hapoel Jerusalem,RSSSF
1997/1998,1997,Liga Leumit,,12,Maccabi Ironi Ashdod,RSSSF
1997/1998,1997,Liga Leumit,,13,Hapoel Beit She'an,RSSSF
1997/1998,1997,Liga Leumit,,14,Bnei Yehuda Tel Aviv,RSSSF
1997/1998,1997,Liga Leumit,,15,Hapoel Be'er Sheva,RSSSF
1997/1998,1997,Liga Leumit,,16,Hapoel Ashkelon,RSSSF
1998/1999,1998,Liga Alef,North,1,Hapoel Ra'anana,English Wikipedia
1998/1999,1998,Liga Alef,North,2,Hapoel Nof HaGalil,English Wikipedia
1998/1999,1998,Liga Alef,North,3,Hapoel Iksal,English Wikipedia
1998/1999,1998,Liga Alef,North,4,Hapoel Acre,English Wikipedia
1998/1999,1998,Liga Alef,North,5,Hapoel Majd al-Krum,English Wikipedia
1998/1999,1998,Liga Alef,North,6,Maccabi Shefa-'Amr,English Wikipedia
1998/1999,1998,Liga Alef,North,7,Maccabi Afula,English Wikipedia
1998/1999,1998,Liga Alef,North,8,Maccabi Isfiya,English Wikipedia
1998/1999,1998,Liga Alef,North,9,Hapoel Migdal HaEmek,English Wikipedia
1998/1999,1998,Liga Alef,North,10,Hapoel Hadera,English Wikipedia
1998/1999,1998,Liga Alef,North,11,Maccabi Tamra,English Wikipedia
1998/1999,1998,Liga Alef,North,12,Hapoel Kiryat Shmona,English Wikipedia
1998/1999,1998,Liga Alef,North,13,Maccabi Tur'an,English Wikipedia
1998/1999,1998,Liga Alef,North,14,Hapoel Kafr Kanna,English Wikipedia
1998/1999,1998,Liga Alef,North,15,Hapoel Umm al-Fahm,English Wikipedia
1998/1999,1998,Liga Alef,North,16,Hapoel Kafr Qasim,English Wikipedia
1998/1999,1998,Liga Alef,South,1,Hapoel Dimona,English Wikipedia
1998/1999,1998,Liga Alef,South,2,Hapoel Ramat Gan,English Wikipedia
1998/1999,1998,Liga Alef,South,3,Maccabi Sha'arayim,English Wikipedia
1998/1999,1998,Liga Alef,South,4,Shimshon Tel Aviv,English Wikipedia
1998/1999,1998,Liga Alef,South,5,Maccabi Ashkelon,English Wikipedia
1998/1999,1998,Liga Alef,South,6,Hapoel Or Yehuda,English Wikipedia
1998/1999,1998,Liga Alef,South,7,Hapoel Nahlat Yehuda,English Wikipedia
1998/1999,1998,Liga Alef,South,8,Ironi Nir Ramat HaSharon,English Wikipedia
1998/1999,1998,Liga Alef,South,9,Maccabi Ramat Amidar,English Wikipedia
1998/1999,1998,Liga Alef,South,10,Hapoel Mevaseret Zion,English Wikipedia
1998/1999,1998,Liga Alef,South,11,Hapoel Kfar Shalem,English Wikipedia
1998/1999,1998,Liga Alef,South,12,Maccabi Yavne,English Wikipedia
1998/1999,1998,Liga Alef,South,13,Hapoel Ihud Tzeirei Jaffa,English Wikipedia
1998/1999,1998,Liga Alef,South,14,Maccabi Lazarus Holon,English Wikipedia
1998/1999,1998,Liga Alef,South,15,Hapoel Yeruham,English Wikipedia
1998/1999,1998,Liga Alef,South,16,Beitar Ramla,English Wikipedia
1998/1999,1998,Liga Artzit,,1,Maccabi Netanya,Hebrew Wikipedia
1998/1999,1998,Liga Artzit,,2,Hapoel Ashkelon,Hebrew Wikipedia
1998/1999,1998,Liga Artzit,,3,Hapoel Be'er Sheva,Hebrew Wikipedia
1998/1999,1998,Liga Artzit,,4,Beitar Be'er Sheva,Hebrew Wikipedia
1998/1999,1998,Liga Artzit,,4,Beitar Avraham Be'er Sheva,English Wikipedia
1998/1999,1998,Liga Artzit,,5,Maccabi Acre,Hebrew Wikipedia
1998/1999,1998,Liga Artzit,,6,Hakoah Ramat Gan,Hebrew Wikipedia
1998/1999,1998,Liga Artzit,,6,Hakoah Maccabi Amidar Ramat Gan,English Wikipedia
1998/1999,1998,Liga Artzit,,7,Maccabi Kiryat Gat,Hebrew Wikipedia
1998/1999,1998,Liga Artzit,,8,Maccabi Ahi Nazareth,Hebrew Wikipedia
1998/1999,1998,Liga Artzit,,9,Bnei Sakhnin,Hebrew Wikipedia
1998/1999,1998,Liga Artzit,,10,Hapoel Ashdod,Hebrew Wikipedia
1998/1999,1998,Liga Artzit,,11,Beitar Tel Aviv,Hebrew Wikipedia
1998/1999,1998,Liga Artzit,,12,Hapoel Bat Yam,Hebrew Wikipedia
1998/1999,1998,Liga Artzit,,13,Maccabi Kafr Kanna,Hebrew Wikipedia
1998/1999,1998,Liga Artzit,,14,Hapoel Lod,Hebrew Wikipedia
1998/1999,1998,Liga Artzit,,15,Sektzia Nes Tziona,Hebrew Wikipedia
1998/1999,1998,Liga Artzit,,16,Hapoel Taibe,Hebrew Wikipedia
1998/1999,1998,Liga Bet,North A,1,Hapoel Hurfeish,English Wikipedia
1998/1999,1998,Liga Bet,North A,2,Hapoel Bnei Nazareth,English Wikipedia
1998/1999,1998,Liga Bet,North A,3,Hapoel Tuba,English Wikipedia
1998/1999,1998,Liga Bet,North A,4,Maccabi Givat-Harakafot,English Wikipedia
1998/1999,1998,Liga Bet,North A,5,Maccabi Sektzia Ma'alot-Tarshiha,English Wikipedia
1998/1999,1998,Liga Bet,North A,6,Tzeirei Nahf,English Wikipedia
1998/1999,1998,Liga Bet,North A,7,Hapoel Sakhnin,English Wikipedia
1998/1999,1998,Liga Bet,North A,8,Hapoel Arraba,English Wikipedia
1998/1999,1998,Liga Bet,North A,9,Hapoel Ihud Kafr Sumei,English Wikipedia
1998/1999,1998,Liga Bet,North A,10,Ironi Nahariya,English Wikipedia
1998/1999,1998,Liga Bet,North A,11,Hapoel Dir Hanna,English Wikipedia
1998/1999,1998,Liga Bet,North A,12,Ironi I'billin,English Wikipedia
1998/1999,1998,Liga Bet,North A,13,Hapoel Bnei Kafr Yasif,English Wikipedia
1998/1999,1998,Liga Bet,North A,14,Hapoel Karmiel,English Wikipedia
1998/1999,1998,Liga Bet,North A,15,Beitar Tiberias,English Wikipedia
1998/1999,1998,Liga Bet,North A,16,Hapoel Bu'eine,English Wikipedia
1998/1999,1998,Liga Bet,North B,1,Maccabi Hadera,English Wikipedia
1998/1999,1998,Liga Bet,North B,2,Hapoel Bir al-Maksur,English Wikipedia
1998/1999,1998,Liga Bet,North B,3,Hapoel Nahliel,English Wikipedia
1998/1999,1998,Liga Bet,North B,4,Hapoel Daliyat al-Karmel,English Wikipedia
1998/1999,1998,Liga Bet,North B,5,Hapoel Arab Nujeidat,English Wikipedia
1998/1999,1998,Liga Bet,North B,6,Hapoel Mo'atza Ezorit Galil Tahton,English Wikipedia
1998/1999,1998,Liga Bet,North B,7,Maccabi Ironi Tirat HaCarmel,English Wikipedia
1998/1999,1998,Liga Bet,North B,8,Ironi Zikhron Ya'akov,English Wikipedia
1998/1999,1998,Liga Bet,North B,9,Maccabi Beit She'an,English Wikipedia
1998/1999,1998,Liga Bet,North B,10,Maccabi Ironi Baqa al-Gharbiyye,English Wikipedia
1998/1999,1998,Liga Bet,North B,11,Hapoel Asi Gilboa,English Wikipedia
1998/1999,1998,Liga Bet,North B,12,Hapoel Fureidis,English Wikipedia
1998/1999,1998,Liga Bet,North B,13,Hapoel Reine,English Wikipedia
1998/1999,1998,Liga Bet,North B,14,Hapoel Barta'a,English Wikipedia
1998/1999,1998,Liga Bet,North B,15,Hapoel Ilut,English Wikipedia
1998/1999,1998,Liga Bet,North B,16,Maccabi Umm al-Fahm,English Wikipedia
1998/1999,1998,Liga Bet,South A,1,Hapoel Kiryat Ono,English Wikipedia
1998/1999,1998,Liga Bet,South A,2,Hapoel Ironi Herzliya,English Wikipedia
1998/1999,1998,Liga Bet,South A,3,Beitar Kfar Saba,English Wikipedia
1998/1999,1998,Liga Bet,South A,4,Maccabi Bat Yam,English Wikipedia
1998/1999,1998,Liga Bet,South A,5,M.M. Givat Shmuel,English Wikipedia
1998/1999,1998,Liga Bet,South A,6,Beitar Nes Tubruk,English Wikipedia
1998/1999,1998,Liga Bet,South A,7,Hapoel Azor,English Wikipedia
1998/1999,1998,Liga Bet,South A,8,Beitar Ramat Gan,English Wikipedia
1998/1999,1998,Liga Bet,South A,9,Hapoel Jaljulia,English Wikipedia
1998/1999,1998,Liga Bet,South A,10,Hapoel Tira,English Wikipedia
1998/1999,1998,Liga Bet,South A,11,Hapoel Mahane Yehuda,English Wikipedia
1998/1999,1998,Liga Bet,South A,12,Hapoel Hod HaSharon,English Wikipedia
1998/1999,1998,Liga Bet,South A,13,Maccabi Kafr Qasim,English Wikipedia
1998/1999,1998,Liga Bet,South A,14,Maccabi Qalansawe,English Wikipedia
1998/1999,1998,Liga Bet,South A,15,Hapoel Tel Mond,English Wikipedia
1998/1999,1998,Liga Bet,South A,16,Maccabi Holon,English Wikipedia
1998/1999,1998,Liga Bet,South B,1,A.S. Ramat Eliyahu,English Wikipedia
1998/1999,1998,Liga Bet,South B,2,Maccabi Shikun HaMizrach,English Wikipedia
1998/1999,1998,Liga Bet,South B,3,Hapoel Marmorek,English Wikipedia
1998/1999,1998,Liga Bet,South B,4,Maccabi Ben Zvi,English Wikipedia
1998/1999,1998,Liga Bet,South B,5,Maccabi Jerusalem,English Wikipedia
1998/1999,1998,Liga Bet,South B,6,Hapoel Eilat,English Wikipedia
1998/1999,1998,Liga Bet,South B,7,Maccabi Neve-Alon Lod,English Wikipedia
1998/1999,1998,Liga Bet,South B,8,Bnei Lod,English Wikipedia
1998/1999,1998,Liga Bet,South B,9,Ironi Ofakim,English Wikipedia
1998/1999,1998,Liga Bet,South B,10,Hapoel Merhavim,English Wikipedia
1998/1999,1998,Liga Bet,South B,11,Hapoel Masos/Segev Shalom,English Wikipedia
1998/1999,1998,Liga Bet,South B,12,Maccabi Be'er Sheva,English Wikipedia
1998/1999,1998,Liga Bet,South B,13,Hapoel Be'er Ya'akov,English Wikipedia
1998/1999,1998,Liga Bet,South B,14,Beitar Beit Shemesh,English Wikipedia
1998/1999,1998,Liga Leumit,,1,Hapoel Haifa,RSSSF
1998/1999,1998,Liga Leumit,,2,Maccabi Tel Aviv,RSSSF
1998/1999,1998,Liga Leumit,,3,Maccabi Haifa,RSSSF
1998/1999,1998,Liga Leumit,,4,Beitar Jerusalem,RSSSF
1998/1999,1998,Liga Leumit,,5,Hapoel Tel Aviv,RSSSF
1998/1999,1998,Liga Leumit,,6,Hapoel Petah Tikva,RSSSF
1998/1999,1998,Liga Leumit,,7,Hapoel Rishon LeZion,RSSSF
1998/1999,1998,Liga Leumit,,8,Hapoel Kfar Saba,RSSSF
1998/1999,1998,Liga Leumit,,9,Hapoel Jerusalem,RSSSF
1998/1999,1998,Liga Leumit,,10,Maccabi Petah Tikva,RSSSF
1998/1999,1998,Liga Leumit,,11,Bnei Yehuda Tel Aviv,RSSSF
1998/1999,1998,Liga Leumit,,12,Maccabi Ironi Ashdod,RSSSF
1998/1999,1998,Liga Leumit,,13,Maccabi Herzliya,RSSSF
1998/1999,1998,Liga Leumit,,14,Hapoel Holon,RSSSF
1998/1999,1998,Liga Leumit,,15,Hapoel Beit She'an,RSSSF
1998/1999,1998,Liga Leumit,,16,Maccabi Jaffa,RSSSF
1999/2000,1999,Liga Alef,North,1,Hapoel Majd al-Krum,English Wikipedia
1999/2000,1999,Liga Alef,North,2,Hapoel Hadera,English Wikipedia
1999/2000,1999,Liga Alef,North,3,Maccabi Tamra,English Wikipedia
1999/2000,1999,Liga Alef,North,4,Maccabi Hadera,English Wikipedia
1999/2000,1999,Liga Alef,North,5,Maccabi Tur'an,English Wikipedia
1999/2000,1999,Liga Alef,North,6,Hapoel Kiryat Shmona,English Wikipedia
1999/2000,1999,Liga Alef,North,7,Hapoel Lod,English Wikipedia
1999/2000,1999,Liga Alef,North,8,Hapoel Hurfeish,English Wikipedia
1999/2000,1999,Liga Alef,North,9,Maccabi Shefa-'Amr,English Wikipedia
1999/2000,1999,Liga Alef,North,10,Hapoel Kafr Kanna,English Wikipedia
1999/2000,1999,Liga Alef,North,11,Hapoel Migdal HaEmek,English Wikipedia
1999/2000,1999,Liga Alef,North,12,Maccabi Isfiya,English Wikipedia
1999/2000,1999,Liga Alef,North,13,Maccabi Afula,English Wikipedia
1999/2000,1999,Liga Alef,South,1,Maccabi Ashkelon,English Wikipedia
1999/2000,1999,Liga Alef,South,2,Ironi Nir Ramat HaSharon,English Wikipedia
1999/2000,1999,Liga Alef,South,3,Hapoel Nahlat Yehuda,English Wikipedia
1999/2000,1999,Liga Alef,South,4,Maccabi Lazarus Holon,English Wikipedia
1999/2000,1999,Liga Alef,South,5,A.S. Ramat Eliyahu,English Wikipedia
1999/2000,1999,Liga Alef,South,6,Hapoel Kiryat Ono,English Wikipedia
1999/2000,1999,Liga Alef,South,7,Hapoel Mevaseret Zion,English Wikipedia
1999/2000,1999,Liga Alef,South,8,Hapoel Kfar Shalem,English Wikipedia
1999/2000,1999,Liga Alef,South,9,Maccabi Jaffa,English Wikipedia
1999/2000,1999,Liga Alef,South,10,Maccabi Ramat Amidar,English Wikipedia
1999/2000,1999,Liga Alef,South,11,Hapoel Ihud Tzeirei Jaffa,English Wikipedia
1999/2000,1999,Liga Alef,South,12,Maccabi Yavne,English Wikipedia
1999/2000,1999,Liga Alef,South,13,Sektzia Nes Tziona,English Wikipedia
1999/2000,1999,Liga Alef,South,14,Hapoel Or Yehuda,English Wikipedia
1999/2000,1999,Liga Artzit,,1,Hapoel Ramat Gan,English Wikipedia
1999/2000,1999,Liga Artzit,,2,Beitar Tel Aviv,English Wikipedia
1999/2000,1999,Liga Artzit,,3,Hapoel Ra'anana,English Wikipedia
1999/2000,1999,Liga Artzit,,4,Hapoel Bat Yam,English Wikipedia
1999/2000,1999,Liga Artzit,,5,Maccabi Sha'arayim,English Wikipedia
1999/2000,1999,Liga Artzit,,6,Shimshon Tel Aviv,English Wikipedia
1999/2000,1999,Liga Artzit,,7,Hapoel Taibe,English Wikipedia
1999/2000,1999,Liga Artzit,,8,Hapoel Acre,English Wikipedia
1999/2000,1999,Liga Artzit,,9,Hapoel Nof HaGalil,English Wikipedia
1999/2000,1999,Liga Artzit,,10,Maccabi Kafr Kanna,English Wikipedia
1999/2000,1999,Liga Artzit,,11,Hapoel Ironi Dimona,English Wikipedia
1999/2000,1999,Liga Artzit,,12,Hapoel Iksal,English Wikipedia
1999/2000,1999,Liga Bet,North A,1,Hapoel Tzeirei Nahf,English Wikipedia
1999/2000,1999,Liga Bet,North A,2,Hapoel Kafr Sumei,English Wikipedia
1999/2000,1999,Liga Bet,North A,3,Maccabi Ironi Shlomi,English Wikipedia
1999/2000,1999,Liga Bet,North A,4,Hapoel Tuba,English Wikipedia
1999/2000,1999,Liga Bet,North A,5,Maccabi Kiryat Shmona,English Wikipedia
1999/2000,1999,Liga Bet,North A,6,Ironi Nahariya,English Wikipedia
1999/2000,1999,Liga Bet,North A,7,Hapoel Kaukab,English Wikipedia
1999/2000,1999,Liga Bet,North A,8,Hapoel Deir Hanna,English Wikipedia
1999/2000,1999,Liga Bet,North A,9,Ironi I'billin,English Wikipedia
1999/2000,1999,Liga Bet,North A,10,Hapoel Sakhnin,English Wikipedia
1999/2000,1999,Liga Bet,North A,11,Hapoel Arraba,English Wikipedia
1999/2000,1999,Liga Bet,North A,12,Hapoel Bnei Kafr Yasif,English Wikipedia
1999/2000,1999,Liga Bet,North A,13,Hapoel Bnei Nazareth,English Wikipedia
1999/2000,1999,Liga Bet,North A,14,Maccabi Sektzia Ma'alot-Tarshiha,English Wikipedia
1999/2000,1999,Liga Bet,North A,15,Hapoel Tel Hanan,English Wikipedia
1999/2000,1999,Liga Bet,North A,16,Maccabi Givat HaRakafot,English Wikipedia
1999/2000,1999,Liga Bet,North B,1,Maccabi Ironi Tirat HaCarmel,English Wikipedia
1999/2000,1999,Liga Bet,North B,2,Hapoel Mo'atza Ezorit Galil Tahton,English Wikipedia
1999/2000,1999,Liga Bet,North B,3,Hapoel Asi Gilboa,English Wikipedia
1999/2000,1999,Liga Bet,North B,4,Hapoel Umm al-Fahm,English Wikipedia
1999/2000,1999,Liga Bet,North B,5,Maccabi Ironi Baqa al-Gharbiyye,English Wikipedia
1999/2000,1999,Liga Bet,North B,6,Hapoel Reineh,English Wikipedia
1999/2000,1999,Liga Bet,North B,7,Hapoel Bir al-Maksur,English Wikipedia
1999/2000,1999,Liga Bet,North B,8,Ironi Sayid Umm al-Fahm,English Wikipedia
1999/2000,1999,Liga Bet,North B,9,Hapoel Fureidis,English Wikipedia
1999/2000,1999,Liga Bet,North B,10,Hapoel Nahliel,English Wikipedia
1999/2000,1999,Liga Bet,North B,11,Beitar Iksal,English Wikipedia
1999/2000,1999,Liga Bet,North B,12,Hapoel Daliyat al-Karmel,English Wikipedia
1999/2000,1999,Liga Bet,North B,13,Hapoel Arab Nujeidat,English Wikipedia
1999/2000,1999,Liga Bet,North B,14,Ironi Zikhron Ya'akov,English Wikipedia
1999/2000,1999,Liga Bet,North B,15,Hapoel Barta'a,English Wikipedia
1999/2000,1999,Liga Bet,North B,16,Maccabi Beit She'an,English Wikipedia
1999/2000,1999,Liga Bet,South A,1,Hapoel Ironi Herzliya,English Wikipedia
1999/2000,1999,Liga Bet,South A,2,Hapoel Jaljulia,English Wikipedia
1999/2000,1999,Liga Bet,South A,3,Hapoel Azor,English Wikipedia
1999/2000,1999,Liga Bet,South A,4,Beitar Ramat Gan,English Wikipedia
1999/2000,1999,Liga Bet,South A,5,Hapoel Mahane Yehuda,English Wikipedia
1999/2000,1999,Liga Bet,South A,6,Hapoel Hod HaSharon,English Wikipedia
1999/2000,1999,Liga Bet,South A,7,Maccabi Kafr Qasim,English Wikipedia
1999/2000,1999,Liga Bet,South A,8,M.M. Givat Shmuel,English Wikipedia
1999/2000,1999,Liga Bet,South A,9,Maccabi Bnei Tira,English Wikipedia
1999/2000,1999,Liga Bet,South A,10,Hapoel Kafr Qasim,English Wikipedia
1999/2000,1999,Liga Bet,South A,11,Hapoel Tira,English Wikipedia
1999/2000,1999,Liga Bet,South A,12,Beitar Nes Tubruk,English Wikipedia
1999/2000,1999,Liga Bet,South A,13,Maccabi HaShikma Hen,English Wikipedia
1999/2000,1999,Liga Bet,South A,14,Hapoel Ar'ara,English Wikipedia
1999/2000,1999,Liga Bet,South B,1,Hapoel Marmorek,English Wikipedia
1999/2000,1999,Liga Bet,South B,2,Maccabi Jerusalem,English Wikipedia
1999/2000,1999,Liga Bet,South B,3,Ironi Ofakim,English Wikipedia
1999/2000,1999,Liga Bet,South B,4,Hapoel Masos/Segev Shalom,English Wikipedia
1999/2000,1999,Liga Bet,South B,5,Maccabi Ben Zvi,English Wikipedia
1999/2000,1999,Liga Bet,South B,6,Maccabi Be'er Sheva,English Wikipedia
1999/2000,1999,Liga Bet,South B,7,Hapoel Bnei Lakhish,English Wikipedia
1999/2000,1999,Liga Bet,South B,8,Bnei Lod,English Wikipedia
1999/2000,1999,Liga Bet,South B,9,Hapoel Merhavim,English Wikipedia
1999/2000,1999,Liga Bet,South B,10,Hapoel Yeruham,English Wikipedia
1999/2000,1999,Liga Bet,South B,11,Maccabi Kiryat Ekron,English Wikipedia
1999/2000,1999,Liga Bet,South B,12,Maccabi Neve Alon Lod,English Wikipedia
1999/2000,1999,Liga Gimel,Bay,1,Hapoel Bnei Manda,English Wikipedia
1999/2000,1999,Liga Gimel,Bay,2,Hapoel Bnei Tamra,English Wikipedia
1999/2000,1999,Liga Gimel,Bay,3,Hapoel Karmiel,English Wikipedia
1999/2000,1999,Liga Gimel,Bay,4,Maccabi Bir al-Maksur,English Wikipedia
1999/2000,1999,Liga Gimel,Bay,5,Beitar al-Ittihad Shefa-'Amr,English Wikipedia
1999/2000,1999,Liga Gimel,Bay,6,Hapoel Bnei Acre,English Wikipedia
1999/2000,1999,Liga Gimel,Bay,7,Beitar Acre,English Wikipedia
1999/2000,1999,Liga Gimel,Bay,8,Hapoel Kafr Sheikh Danun,English Wikipedia
1999/2000,1999,Liga Gimel,Bay,9,Hapoel Halat al-Sharif Tamra,English Wikipedia
1999/2000,1999,Liga Gimel,Bay,10,Hapoel Shefa-'Amr,English Wikipedia
1999/2000,1999,Liga Gimel,Bay,11,Hapoel Wadi Sallama,English Wikipedia
1999/2000,1999,Liga Gimel,Bay,12,Bnei Kisra,English Wikipedia
1999/2000,1999,Liga Gimel,Bay,13,Maccabi Kiryat Bialik,English Wikipedia
1999/2000,1999,Liga Gimel,Bay,14,Hapoel Ka'abiyye,English Wikipedia
1999/2000,1999,Liga Gimel,Central,1,Hapoel Sde Uzziah/Be'er Tuvia,English Wikipedia
1999/2000,1999,Liga Gimel,Central,2,Beitar Kiryat Gat,English Wikipedia
1999/2000,1999,Liga Gimel,Central,3,Hapoel Azrikam,English Wikipedia
1999/2000,1999,Liga Gimel,Central,4,ASA Jerusalem,English Wikipedia
1999/2000,1999,Liga Gimel,Central,5,Maccabi Kiryat Malakhi,English Wikipedia
1999/2000,1999,Liga Gimel,Central,6,Ironi Beit Shemesh,English Wikipedia
1999/2000,1999,Liga Gimel,Central,7,Maccabi Rehovot,English Wikipedia
1999/2000,1999,Liga Gimel,Central,8,Beitar Giv'at Ze'ev,English Wikipedia
1999/2000,1999,Liga Gimel,Central,9,Maccabi Beit Shemesh,English Wikipedia
1999/2000,1999,Liga Gimel,Central,10,Hapoel Ramla,English Wikipedia
1999/2000,1999,Liga Gimel,Central,11,Hapoel Bnei Ayish,English Wikipedia
1999/2000,1999,Liga Gimel,Central,12,Hapoel Kiryat Malakhi,English Wikipedia
1999/2000,1999,Liga Gimel,Dan,1,Maccabi Yehud,English Wikipedia
1999/2000,1999,Liga Gimel,Dan,2,Hapoel Aliyah Kfar Saba,English Wikipedia
1999/2000,1999,Liga Gimel,Dan,3,Shimshon Tira,English Wikipedia
1999/2000,1999,Liga Gimel,Dan,4,Maccabi Qalansawe,English Wikipedia
1999/2000,1999,Liga Gimel,Dan,5,Hapoel Qalansawe,English Wikipedia
1999/2000,1999,Liga Gimel,Dan,6,Maccabi Rosh HaAyin,English Wikipedia
1999/2000,1999,Liga Gimel,Dan,7,Hapoel Oranit,English Wikipedia
1999/2000,1999,Liga Gimel,Dan,8,Beitar Ariel,English Wikipedia
1999/2000,1999,Liga Gimel,Dan,9,Ironi Beit Dagan,English Wikipedia
1999/2000,1999,Liga Gimel,Dan,10,Hapoel Bik'at HaYarden,English Wikipedia
1999/2000,1999,Liga Gimel,Dan,11,Beitar Oranit,English Wikipedia
1999/2000,1999,Liga Gimel,Dan,12,Maccabi Amishav Petah Tikva,English Wikipedia
1999/2000,1999,Liga Gimel,Dan,13,Brit Sport Ma'of,English Wikipedia
1999/2000,1999,Liga Gimel,Haifa,1,Maccabi Tzur Shalom,English Wikipedia
1999/2000,1999,Liga Gimel,Haifa,2,Hapoel Ahva Haifa,English Wikipedia
1999/2000,1999,Liga Gimel,Haifa,3,Hapoel Basmat Tab'un,English Wikipedia
1999/2000,1999,Liga Gimel,Haifa,4,Beitar Haifa,English Wikipedia
1999/2000,1999,Liga Gimel,Haifa,5,Beitar Atlit,English Wikipedia
1999/2000,1999,Liga Gimel,Haifa,6,Maccabi Daliyat al-Karmel,English Wikipedia
1999/2000,1999,Liga Gimel,Haifa,7,Hapoel Bnei Kababir,English Wikipedia
1999/2000,1999,Liga Gimel,Haifa,8,Maccabi Tzofei Haifa,English Wikipedia
1999/2000,1999,Liga Gimel,Haifa,9,Hapoel Spartak Haifa,English Wikipedia
1999/2000,1999,Liga Gimel,Haifa,10,Maccabi Ka'abiyye,English Wikipedia
1999/2000,1999,Liga Gimel,Haifa,11,Bnei Abu Snan,English Wikipedia
1999/2000,1999,Liga Gimel,Haifa,12,Maccabi Neve Sha'anan Eldad,English Wikipedia
1999/2000,1999,Liga Gimel,Haifa,13,Beitar al-Amal Nazareth,English Wikipedia
1999/2000,1999,Liga Gimel,Jezreel,1,Hapoel Yafa,English Wikipedia
1999/2000,1999,Liga Gimel,Jezreel,2,Hapoel Ramot Menashe Megiddo,English Wikipedia
1999/2000,1999,Liga Gimel,Jezreel,3,Maccabi Ein Mahil,English Wikipedia
1999/2000,1999,Liga Gimel,Jezreel,4,Maccabi Mashhad,English Wikipedia
1999/2000,1999,Liga Gimel,Jezreel,5,Maccabi Ironi Yafa,English Wikipedia
1999/2000,1999,Liga Gimel,Jezreel,6,Hapoel Emek Tamra,English Wikipedia
1999/2000,1999,Liga Gimel,Jezreel,7,Hapoel Ein Mahil,English Wikipedia
1999/2000,1999,Liga Gimel,Jezreel,8,Beitar Migdal HaEmek,English Wikipedia
1999/2000,1999,Liga Gimel,Jezreel,9,Hapoel Yokneam,English Wikipedia
1999/2000,1999,Liga Gimel,Jezreel,10,Hapoel Daburiyya,English Wikipedia
1999/2000,1999,Liga Gimel,Jezreel,11,Hapoel Kfar Kama,English Wikipedia
1999/2000,1999,Liga Gimel,Jezreel,12,Beitar Afula,English Wikipedia
1999/2000,1999,Liga Gimel,Jezreel,13,Hapoel al-Ittihad Nazareth,English Wikipedia
1999/2000,1999,Liga Gimel,Jezreel,14,Hapoel F.C. Sandala Gilboa,English Wikipedia
1999/2000,1999,Liga Gimel,Jezreel,15,Hapoel Ilut,English Wikipedia
1999/2000,1999,Liga Gimel,Samaria,1,Hapoel Baqa al-Gharbiyye,English Wikipedia
1999/2000,1999,Liga Gimel,Samaria,2,Maccabi Ironi Kafr Qara,English Wikipedia
1999/2000,1999,Liga Gimel,Samaria,3,Beitar Umm al-Fahm,English Wikipedia
1999/2000,1999,Liga Gimel,Samaria,4,Hapoel Kafr Sulam,English Wikipedia
1999/2000,1999,Liga Gimel,Samaria,5,Maccabi Umm al-Fahm,English Wikipedia
1999/2000,1999,Liga Gimel,Samaria,6,Hapoel Mashhad,English Wikipedia
1999/2000,1999,Liga Gimel,Samaria,7,Maccabi Fureidis,English Wikipedia
1999/2000,1999,Liga Gimel,Samaria,8,Hapoel Muawiya,English Wikipedia
1999/2000,1999,Liga Gimel,Samaria,9,Beitar Pardes Hanna,English Wikipedia
1999/2000,1999,Liga Gimel,Samaria,10,Hapoel Kafr Misr,English Wikipedia
1999/2000,1999,Liga Gimel,Samaria,11,Maccabi Ar'ara,English Wikipedia
1999/2000,1999,Liga Gimel,Samaria,12,Hapoel Musheirifa,English Wikipedia
1999/2000,1999,Liga Gimel,Sharon,1,Shimshon Bnei Tayibe,English Wikipedia
1999/2000,1999,Liga Gimel,Sharon,2,Maccabi Or Akiva,English Wikipedia
1999/2000,1999,Liga Gimel,Sharon,3,Hapoel Pardesiya,English Wikipedia
1999/2000,1999,Liga Gimel,Sharon,4,Maccabi HaSharon Netanya,English Wikipedia
1999/2000,1999,Liga Gimel,Sharon,5,Hapoel Tel Mond,English Wikipedia
1999/2000,1999,Liga Gimel,Sharon,6,Hapoel Givat Olga,English Wikipedia
1999/2000,1999,Liga Gimel,Sharon,7,Ironi Kfar Yona,English Wikipedia
1999/2000,1999,Liga Gimel,Sharon,8,Hapoel Jatt,English Wikipedia
1999/2000,1999,Liga Gimel,Sharon,9,Hapoel Beit Eliezer,English Wikipedia
1999/2000,1999,Liga Gimel,Sharon,10,Beitar Hadera,English Wikipedia
1999/2000,1999,Liga Gimel,South,1,Hapoel Rahat,English Wikipedia
1999/2000,1999,Liga Gimel,South,2,Moadon Tzeirei Rahat,English Wikipedia
1999/2000,1999,Liga Gimel,South,3,A.S. Eilat,English Wikipedia
1999/2000,1999,Liga Gimel,South,4,Hapoel Ironi Netivot,English Wikipedia
1999/2000,1999,Liga Gimel,South,5,Hapoel Kuseife,English Wikipedia
1999/2000,1999,Liga Gimel,South,6,Maccabi Ironi Kuseife,English Wikipedia
1999/2000,1999,Liga Gimel,South,7,Hapoel al-Huzeil,English Wikipedia
1999/2000,1999,Liga Gimel,South,8,Hapoel Bnei Shimon,English Wikipedia
1999/2000,1999,Liga Gimel,South,9,Hapoel Arad,English Wikipedia
1999/2000,1999,Liga Gimel,South,10,Maccabi Ironi Sderot,English Wikipedia
1999/2000,1999,Liga Gimel,South,11,Maccabi Ironi Rahat,English Wikipedia
1999/2000,1999,Liga Gimel,South,12,Hapoel Mitzpe Ramon,English Wikipedia
1999/2000,1999,Liga Gimel,Tel Aviv,1,Beitar Holon,English Wikipedia
1999/2000,1999,Liga Gimel,Tel Aviv,2,Maccabi Ironi Bat Yam,English Wikipedia
1999/2000,1999,Liga Gimel,Tel Aviv,3,Ironi Ramla,English Wikipedia
1999/2000,1999,Liga Gimel,Tel Aviv,4,Hapoel Ramat Yisrael,English Wikipedia
1999/2000,1999,Liga Gimel,Tel Aviv,5,Hapoel Tirat Shalom,English Wikipedia
1999/2000,1999,Liga Gimel,Tel Aviv,6,Maccabi Montefiore,English Wikipedia
1999/2000,1999,Liga Gimel,Tel Aviv,7,Beitar Jaffa,English Wikipedia
1999/2000,1999,Liga Gimel,Tel Aviv,8,Otzma F.C. Holon,English Wikipedia
1999/2000,1999,Liga Gimel,Tel Aviv,9,Beitar Kiryat Ono,English Wikipedia
1999/2000,1999,Liga Gimel,Tel Aviv,10,Elitzur Bar Ilan,English Wikipedia
1999/2000,1999,Liga Gimel,Tel Aviv,11,Hapoel Kiryat Shalom,English Wikipedia
1999/2000,1999,Liga Gimel,Tel Aviv,12,Elitzur Yehud,English Wikipedia
1999/2000,1999,Liga Gimel,Tel Aviv,13,Hapoel F.C. Ortodoxim Jaffa,English Wikipedia
1999/2000,1999,Liga Gimel,Tel Aviv,14,Beitar Ezra,English Wikipedia
1999/2000,1999,Liga Gimel,Upper Galilee,1,Beitar Safed,English Wikipedia
1999/2000,1999,Liga Gimel,Upper Galilee,2,Hapoel Peki'in,English Wikipedia
1999/2000,1999,Liga Gimel,Upper Galilee,3,Hapoel Yanuh,English Wikipedia
1999/2000,1999,Liga Gimel,Upper Galilee,4,Beitar Tiberias,English Wikipedia
1999/2000,1999,Liga Gimel,Upper Galilee,5,Maccabi Beit Jann,English Wikipedia
1999/2000,1999,Liga Gimel,Upper Galilee,6,Beitar Kafr Kanna,English Wikipedia
1999/2000,1999,Liga Gimel,Upper Galilee,7,Maccabi Kabul,English Wikipedia
1999/2000,1999,Liga Gimel,Upper Galilee,8,Maccabi Bnei Yarka,English Wikipedia
1999/2000,1999,Liga Gimel,Upper Galilee,9,Hapoel Katzrin,English Wikipedia
1999/2000,1999,Liga Gimel,Upper Galilee,10,Hapoel Bnei Gush Halav,English Wikipedia
1999/2000,1999,Liga Gimel,Upper Galilee,11,Hapoel Rehaniya,English Wikipedia
1999/2000,1999,Liga Gimel,Upper Galilee,12,Hapoel Fassuta,English Wikipedia
1999/2000,1999,Liga Gimel,Upper Galilee,13,Beitar Bi'ina,English Wikipedia
1999/2000,1999,Liga Gimel,Western Galilee,1,Hapoel Maghar,English Wikipedia
1999/2000,1999,Liga Gimel,Western Galilee,2,Hapoel Makr,English Wikipedia
1999/2000,1999,Liga Gimel,Western Galilee,3,Maccabi Kafr Sumei,English Wikipedia
1999/2000,1999,Liga Gimel,Western Galilee,4,Hapoel Kabul,English Wikipedia
1999/2000,1999,Liga Gimel,Western Galilee,5,Hapoel Kisra,English Wikipedia
1999/2000,1999,Liga Gimel,Western Galilee,6,Maccabi Sha'ab,English Wikipedia
1999/2000,1999,Liga Gimel,Western Galilee,7,Beitar Ma'alot,English Wikipedia
1999/2000,1999,Liga Gimel,Western Galilee,8,Hapoel Nahariya,English Wikipedia
1999/2000,1999,Liga Gimel,Western Galilee,9,Hapoel Tarshiha,English Wikipedia
1999/2000,1999,Liga Gimel,Western Galilee,10,Maccabi Bi'ina,English Wikipedia
1999/2000,1999,Liga Gimel,Western Galilee,11,Maccabi Yanuh,English Wikipedia
1999/2000,1999,Liga Gimel,Western Galilee,12,Hapoel Jat HaGlilit,English Wikipedia
1999/2000,1999,Liga Gimel,Western Galilee,13,Hapoel Bnei Mazra'a,English Wikipedia
1999/2000,1999,Liga Gimel,Western Galilee,14,Ironi Bnei Julis,English Wikipedia
1999/2000,1999,Liga Leumit,,1,Hapoel Holon,Hebrew Wikipedia
1999/2000,1999,Liga Leumit,,2,Maccabi Kiryat Gat,Hebrew Wikipedia
1999/2000,1999,Liga Leumit,,3,Maccabi Acre,Hebrew Wikipedia
1999/2000,1999,Liga Leumit,,4,Bnei Sakhnin,Hebrew Wikipedia
1999/2000,1999,Liga Leumit,,5,Beitar Be'er Sheva,Hebrew Wikipedia
1999/2000,1999,Liga Leumit,,6,Hakoah Ramat Gan,Hebrew Wikipedia
1999/2000,1999,Liga Leumit,,7,Hapoel Be'er Sheva,Hebrew Wikipedia
1999/2000,1999,Liga Leumit,,8,Hapoel Beit She'an,Hebrew Wikipedia
1999/2000,1999,Liga Leumit,,9,Maccabi Ahi Nazareth,Hebrew Wikipedia
1999/2000,1999,Liga Leumit,,10,Hapoel Ashkelon,Hebrew Wikipedia
1999/2000,1999,Ligat ha'Al,,1,Hapoel Tel Aviv,RSSSF
1999/2000,1999,Ligat ha'Al,,2,Maccabi Haifa,RSSSF
1999/2000,1999,Ligat ha'Al,,3,Hapoel Petah Tikva,RSSSF
1999/2000,1999,Ligat ha'Al,,4,Maccabi Petah Tikva,RSSSF
1999/2000,1999,Ligat ha'Al,,5,Beitar Jerusalem,RSSSF
1999/2000,1999,Ligat ha'Al,,6,Maccabi Tel Aviv,RSSSF
1999/2000,1999,Ligat ha'Al,,7,Hapoel Haifa,RSSSF
1999/2000,1999,Ligat ha'Al,,8,Ashdod S.C.,RSSSF
1999/2000,1999,Ligat ha'Al,,9,Hapoel Rishon LeZion,RSSSF
1999/2000,1999,Ligat ha'Al,,10,Maccabi Netanya,RSSSF
1999/2000,1999,Ligat ha'Al,,11,Bnei Yehuda Tel Aviv,RSSSF
1999/2000,1999,Ligat ha'Al,,12,Hapoel Kfar Saba,RSSSF
1999/2000,1999,Ligat ha'Al,,13,Maccabi Herzliya,RSSSF
1999/2000,1999,Ligat ha'Al,,14,Hapoel Jerusalem,RSSSF
2000/2001,2000,Liga Alef,North,1,Ironi Kiryat Shmona,English Wikipedia
2000/2001,2000,Liga Alef,North,2,Hapoel Hadera,English Wikipedia
2000/2001,2000,Liga Alef,North,3,Maccabi Hadera,English Wikipedia
2000/2001,2000,Liga Alef,North,4,Hapoel Kafr Kanna,English Wikipedia
2000/2001,2000,Liga Alef,North,5,Maccabi Tamra,English Wikipedia
2000/2001,2000,Liga Alef,North,6,Tzeirei Nahf,English Wikipedia
2000/2001,2000,Liga Alef,North,7,Maccabi Shefa-'Amr,English Wikipedia
2000/2001,2000,Liga Alef,North,8,Hapoel Ihud Kafr Sumei,English Wikipedia
2000/2001,2000,Liga Alef,North,9,Hapoel Migdal HaEmek,English Wikipedia
2000/2001,2000,Liga Alef,North,10,Maccabi Tur'an,English Wikipedia
2000/2001,2000,Liga Alef,North,11,Maccabi Ironi Tirat HaCarmel,English Wikipedia
2000/2001,2000,Liga Alef,North,12,Hapoel Hurfeish,English Wikipedia
2000/2001,2000,Liga Alef,North,13,Maccabi Isfiya,English Wikipedia
2000/2001,2000,Liga Alef,North,14,Hapoel Iksal,English Wikipedia
2000/2001,2000,Liga Alef,South,1,Maccabi Yavne,English Wikipedia
2000/2001,2000,Liga Alef,South,2,Maccabi Ramat Amidar,English Wikipedia
2000/2001,2000,Liga Alef,South,3,Maccabi Jaffa,English Wikipedia
2000/2001,2000,Liga Alef,South,4,Hapoel Ironi Herzliya,English Wikipedia
2000/2001,2000,Liga Alef,South,5,Hapoel Mevaseret Zion,English Wikipedia
2000/2001,2000,Liga Alef,South,6,Hapoel Dimona,English Wikipedia
2000/2001,2000,Liga Alef,South,7,Hapoel Marmorek,English Wikipedia
2000/2001,2000,Liga Alef,South,8,Hapoel Kfar Shalem,English Wikipedia
2000/2001,2000,Liga Alef,South,9,Hapoel Nahlat Yehuda,English Wikipedia
2000/2001,2000,Liga Alef,South,10,Hapoel Jaljulia,English Wikipedia
2000/2001,2000,Liga Alef,South,11,Maccabi Jerusalem,English Wikipedia
2000/2001,2000,Liga Alef,South,12,Hapoel Kiryat Ono,English Wikipedia
2000/2001,2000,Liga Alef,South,13,Hapoel Lod,English Wikipedia
2000/2001,2000,Liga Alef,South,14,Hapoel Ihud Tzeirei Jaffa,English Wikipedia
2000/2001,2000,Liga Alef,South,15,Sektzia Nes Tziona,English Wikipedia
2000/2001,2000,Liga Artzit,,1,Hapoel Ra'anana,English Wikipedia
2000/2001,2000,Liga Artzit,,2,Maccabi Kafr Kanna,English Wikipedia
2000/2001,2000,Liga Artzit,,3,Hapoel Majd al-Krum,English Wikipedia
2000/2001,2000,Liga Artzit,,4,Beitar Tel Aviv,English Wikipedia
2000/2001,2000,Liga Artzit,,5,Hapoel Ashkelon,English Wikipedia
2000/2001,2000,Liga Artzit,,6,Ironi Nir Ramat HaSharon,English Wikipedia
2000/2001,2000,Liga Artzit,,7,Hapoel Taibe,English Wikipedia
2000/2001,2000,Liga Artzit,,8,Hapoel Acre,English Wikipedia
2000/2001,2000,Liga Artzit,,9,Hapoel Bat Yam,English Wikipedia
2000/2001,2000,Liga Artzit,,10,Hapoel Nof HaGalil,English Wikipedia
2000/2001,2000,Liga Artzit,,11,Maccabi Ashkelon,English Wikipedia
2000/2001,2000,Liga Artzit,,12,Maccabi Sha'arayim,English Wikipedia
2000/2001,2000,Liga Bet,North A,1,Maccabi Ironi Shlomi,English Wikipedia
2000/2001,2000,Liga Bet,North A,2,Ironi Nahariya,English Wikipedia
2000/2001,2000,Liga Bet,North A,3,Hapoel Tuba,English Wikipedia
2000/2001,2000,Liga Bet,North A,4,Hapoel Deir Hanna,English Wikipedia
2000/2001,2000,Liga Bet,North A,5,Hapoel Makr,English Wikipedia
2000/2001,2000,Liga Bet,North A,6,Hapoel Arraba,English Wikipedia
2000/2001,2000,Liga Bet,North A,7,Hapoel Bnei Manda,English Wikipedia
2000/2001,2000,Liga Bet,North A,8,Hapoel Sakhnin,English Wikipedia
2000/2001,2000,Liga Bet,North A,9,Hapoel Maghar,English Wikipedia
2000/2001,2000,Liga Bet,North A,10,Maccabi Sektzia Ma'alot-Tarshiha,English Wikipedia
2000/2001,2000,Liga Bet,North A,11,Hapoel Kaukab,English Wikipedia
2000/2001,2000,Liga Bet,North A,12,Hapoel Bnei Kafr Yasif,English Wikipedia
2000/2001,2000,Liga Bet,North A,13,Hapoel Bnei Nazareth,English Wikipedia
2000/2001,2000,Liga Bet,North A,14,Hapoel Ramot Menashe Megiddo,English Wikipedia
2000/2001,2000,Liga Bet,North A,15,Beitar Safed,English Wikipedia
2000/2001,2000,Liga Bet,North A,16,Hapoel Ironi I'billin,English Wikipedia
2000/2001,2000,Liga Bet,North B,1,Hapoel Asi Gilboa,English Wikipedia
2000/2001,2000,Liga Bet,North B,2,Hapoel Mo'atza Ezorit Galil Tahton,English Wikipedia
2000/2001,2000,Liga Bet,North B,3,Hapoel Daliyat al-Karmel,English Wikipedia
2000/2001,2000,Liga Bet,North B,4,Maccabi Tzur Shalom,English Wikipedia
2000/2001,2000,Liga Bet,North B,5,Hapoel Tel Hanan,English Wikipedia
2000/2001,2000,Liga Bet,North B,6,Hapoel Reineh,English Wikipedia
2000/2001,2000,Liga Bet,North B,7,Hapoel Bir al-Maksur,English Wikipedia
2000/2001,2000,Liga Bet,North B,8,Hapoel Umm al-Fahm,English Wikipedia
2000/2001,2000,Liga Bet,North B,9,Maccabi Ironi Baqa al-Gharbiyye,English Wikipedia
2000/2001,2000,Liga Bet,North B,10,Hapoel Ironi Baqa al-Gharbiyye,English Wikipedia
2000/2001,2000,Liga Bet,North B,11,Hapoel Nahliel,English Wikipedia
2000/2001,2000,Liga Bet,North B,12,Hapoel Fureidis,English Wikipedia
2000/2001,2000,Liga Bet,North B,13,Hapoel Yafa,English Wikipedia
2000/2001,2000,Liga Bet,North B,14,Hapoel Arab Nujeidat,English Wikipedia
2000/2001,2000,Liga Bet,North B,15,Beitar Iksal,English Wikipedia
2000/2001,2000,Liga Bet,North B,16,Ironi Sayid Umm al-Fahm,English Wikipedia
2000/2001,2000,Liga Bet,South B,1,Ironi Ofakim,English Wikipedia
2000/2001,2000,Liga Bet,South B,2,Beitar Kiryat Gat,English Wikipedia
2000/2001,2000,Liga Bet,South B,3,Hapoel Masos/Segev Shalom,English Wikipedia
2000/2001,2000,Liga Bet,South B,4,Maccabi Ironi Bat Yam,English Wikipedia
2000/2001,2000,Liga Bet,South B,5,Maccabi Be'er Sheva,English Wikipedia
2000/2001,2000,Liga Bet,South B,6,Hapoel Merhavim,English Wikipedia
2000/2001,2000,Liga Bet,South B,7,Hapoel Sde Uzziah,English Wikipedia
2000/2001,2000,Liga Bet,South B,8,Maccabi Kiryat Ekron,English Wikipedia
2000/2001,2000,Liga Bet,South B,9,Hapoel Bnei Lakhish,English Wikipedia
2000/2001,2000,Liga Bet,South B,10,Hapoel Yeruham,English Wikipedia
2000/2001,2000,Liga Bet,South B,11,Maccabi Neve Alon Lod,English Wikipedia
2000/2001,2000,Liga Bet,South B,12,Maccabi Ben Zvi,English Wikipedia
2000/2001,2000,Liga Bet,South B,13,Bnei Lod,English Wikipedia
2000/2001,2000,Liga Bet,South B,14,Moadon Tzeirei Rahat,English Wikipedia
2000/2001,2000,Liga Bet,South B,15,Hapoel Aliyah Kfar Saba,English Wikipedia
2000/2001,2000,Liga Bet,South B,16,Hapoel Rahat,English Wikipedia
2000/2001,2000,Liga Leumit,,1,Hapoel Be'er Sheva,Hebrew Wikipedia
2000/2001,2000,Liga Leumit,,2,Maccabi Kiryat Gat,Hebrew Wikipedia
2000/2001,2000,Liga Leumit,,3,Beitar Be'er Sheva,Hebrew Wikipedia
2000/2001,2000,Liga Leumit,,4,Hapoel Ramat Gan,Hebrew Wikipedia
2000/2001,2000,Liga Leumit,,5,Hakoah Ramat Gan,Hebrew Wikipedia
2000/2001,2000,Liga Leumit,,6,Hapoel Beit She'an,Hebrew Wikipedia
2000/2001,2000,Liga Leumit,,7,Bnei Sakhnin,Hebrew Wikipedia
2000/2001,2000,Liga Leumit,,8,Hapoel Kfar Saba,Hebrew Wikipedia
2000/2001,2000,Liga Leumit,,9,Maccabi Herzliya,Hebrew Wikipedia
2000/2001,2000,Liga Leumit,,10,Maccabi Ahi Nazareth,Hebrew Wikipedia
2000/2001,2000,Liga Leumit,,11,Maccabi Ironi Kiryat Ata,Hebrew Wikipedia
2000/2001,2000,Liga Leumit,,12,Hapoel Jerusalem,Hebrew Wikipedia
2000/2001,2000,Ligat ha'Al,,1,Maccabi Haifa,RSSSF
2000/2001,2000,Ligat ha'Al,,2,Hapoel Tel Aviv,RSSSF
2000/2001,2000,Ligat ha'Al,,3,Hapoel Haifa,RSSSF
2000/2001,2000,Ligat ha'Al,,4,Maccabi Tel Aviv,RSSSF
2000/2001,2000,Ligat ha'Al,,5,Beitar Jerusalem,RSSSF
2000/2001,2000,Ligat ha'Al,,6,Hapoel Petah Tikva,RSSSF
2000/2001,2000,Ligat ha'Al,,7,Maccabi Netanya,RSSSF
2000/2001,2000,Ligat ha'Al,,8,Maccabi Petah Tikva,RSSSF
2000/2001,2000,Ligat ha'Al,,9,Hapoel Rishon LeZion,RSSSF
2000/2001,2000,Ligat ha'Al,,10,Ashdod S.C.,RSSSF
2000/2001,2000,Ligat ha'Al,,11,Bnei Yehuda Tel Aviv,RSSSF
2000/2001,2000,Ligat ha'Al,,12,Hapoel Holon,RSSSF
2001/2002,2001,Liga Alef,North,1,Hapoel Ihud Kafr Sumei,English Wikipedia
2001/2002,2001,Liga Alef,North,2,Maccabi Shefa-'Amr,English Wikipedia
2001/2002,2001,Liga Alef,North,3,Hapoel Ironi Herzliya,English Wikipedia
2001/2002,2001,Liga Alef,North,4,Ironi Shlomi,English Wikipedia
2001/2002,2001,Liga Alef,North,5,Hapoel Hadera,English Wikipedia
2001/2002,2001,Liga Alef,North,6,Maccabi Tamra,English Wikipedia
2001/2002,2001,Liga Alef,North,7,Hapoel Migdal HaEmek,English Wikipedia
2001/2002,2001,Liga Alef,North,8,Maccabi Ironi Tirat HaCarmel,English Wikipedia
2001/2002,2001,Liga Alef,North,9,Hapoel Asi Gilboa,English Wikipedia
2001/2002,2001,Liga Alef,North,10,Maccabi Tur'an,English Wikipedia
2001/2002,2001,Liga Alef,North,11,Hapoel Kafr Kanna,English Wikipedia
2001/2002,2001,Liga Alef,North,12,Maccabi Hadera,English Wikipedia
2001/2002,2001,Liga Alef,North,13,Tzeirei Nahf,English Wikipedia
2001/2002,2001,Liga Alef,North,14,Hapoel Hurfeish,English Wikipedia
2001/2002,2001,Liga Alef,South,1,Maccabi Ramat Amidar,English Wikipedia
2001/2002,2001,Liga Alef,South,2,Maccabi Sha'arayim,English Wikipedia
2001/2002,2001,Liga Alef,South,3,Hapoel Nahlat Yehuda,English Wikipedia
2001/2002,2001,Liga Alef,South,4,Ironi Ofakim,English Wikipedia
2001/2002,2001,Liga Alef,South,5,Hapoel Jaljulia,English Wikipedia
2001/2002,2001,Liga Alef,South,6,Beitar Kiryat Gat,English Wikipedia
2001/2002,2001,Liga Alef,South,7,Hapoel Marmorek,English Wikipedia
2001/2002,2001,Liga Alef,South,8,Hapoel Mevaseret Zion,English Wikipedia
2001/2002,2001,Liga Alef,South,9,Hapoel Tira,English Wikipedia
2001/2002,2001,Liga Alef,South,10,Hapoel Kfar Shalem,English Wikipedia
2001/2002,2001,Liga Alef,South,11,Hapoel Dimona,English Wikipedia
2001/2002,2001,Liga Alef,South,12,Maccabi Jaffa,English Wikipedia
2001/2002,2001,Liga Alef,South,13,Hapoel Kiryat Ono,English Wikipedia
2001/2002,2001,Liga Alef,South,14,Hapoel Lod,English Wikipedia
2001/2002,2001,Liga Alef,South,15,Maccabi Jerusalem,English Wikipedia
2001/2002,2001,Liga Artzit,,1,Hapoel Jerusalem,English Wikipedia
2001/2002,2001,Liga Artzit,,2,Hapoel Nof HaGalil,English Wikipedia
2001/2002,2001,Liga Artzit,,3,Beitar Tel Aviv,English Wikipedia
2001/2002,2001,Liga Artzit,,4,Maccabi Ironi Kiryat Ata,English Wikipedia
2001/2002,2001,Liga Artzit,,5,Hapoel Ashkelon,English Wikipedia
2001/2002,2001,Liga Artzit,,6,Hapoel Acre,English Wikipedia
2001/2002,2001,Liga Artzit,,7,Ironi Nir Ramat HaSharon,English Wikipedia
2001/2002,2001,Liga Artzit,,8,Ironi Kiryat Shmona,English Wikipedia
2001/2002,2001,Liga Artzit,,9,Hapoel Bat Yam,English Wikipedia
2001/2002,2001,Liga Artzit,,10,Hapoel Majd al-Krum,English Wikipedia
2001/2002,2001,Liga Artzit,,11,Hapoel Taibe,English Wikipedia
2001/2002,2001,Liga Artzit,,12,Maccabi Yavne,English Wikipedia
2001/2002,2001,Liga Bet,North A,1,Hapoel Tuba,English Wikipedia
2001/2002,2001,Liga Bet,North A,2,Hapoel Arraba,English Wikipedia
2001/2002,2001,Liga Bet,North A,3,Hapoel Iksal,English Wikipedia
2001/2002,2001,Liga Bet,North A,4,Hapoel Karmiel,English Wikipedia
2001/2002,2001,Liga Bet,North A,5,Ironi Nahariya,English Wikipedia
2001/2002,2001,Liga Bet,North A,6,Hapoel Sakhnin,English Wikipedia
2001/2002,2001,Liga Bet,North A,7,Maccabi Sektzia Ma'alot-Tarshiha,English Wikipedia
2001/2002,2001,Liga Bet,North A,8,Hapoel Kaukab,English Wikipedia
2001/2002,2001,Liga Bet,North A,9,Maccabi Bnei Yarka,English Wikipedia
2001/2002,2001,Liga Bet,North A,10,Hapoel Bnei Nazareth,English Wikipedia
2001/2002,2001,Liga Bet,North A,11,Hapoel Deir Hanna,English Wikipedia
2001/2002,2001,Liga Bet,North A,12,Hapoel Kisra,English Wikipedia
2001/2002,2001,Liga Bet,North A,13,Hapoel Makr,English Wikipedia
2001/2002,2001,Liga Bet,North A,14,Hapoel Bnei Manda,English Wikipedia
2001/2002,2001,Liga Bet,North A,15,Hapoel Ramot Menashe Megiddo,English Wikipedia
2001/2002,2001,Liga Bet,North B,1,Maccabi Tzur Shalom,English Wikipedia
2001/2002,2001,Liga Bet,North B,2,Hapoel Mo'atza Ezorit Galil Tahton,English Wikipedia
2001/2002,2001,Liga Bet,North B,3,Hapoel Reineh,English Wikipedia
2001/2002,2001,Liga Bet,North B,4,Maccabi Isfiya,English Wikipedia
2001/2002,2001,Liga Bet,North B,5,Hapoel Tel Hanan,English Wikipedia
2001/2002,2001,Liga Bet,North B,6,Hapoel Umm al-Fahm,English Wikipedia
2001/2002,2001,Liga Bet,North B,7,Hapoel Ahva Haifa,English Wikipedia
2001/2002,2001,Liga Bet,North B,8,Hapoel Yafa,English Wikipedia
2001/2002,2001,Liga Bet,North B,9,Maccabi Kafr Qara,English Wikipedia
2001/2002,2001,Liga Bet,North B,10,Hapoel Bir al-Maksur,English Wikipedia
2001/2002,2001,Liga Bet,North B,11,Hapoel Emek Tamra,English Wikipedia
2001/2002,2001,Liga Bet,North B,12,Hapoel Nahliel,English Wikipedia
2001/2002,2001,Liga Bet,North B,13,Hapoel Daliyat al-Karmel,English Wikipedia
2001/2002,2001,Liga Bet,North B,14,Hapoel Ironi Baqa al-Gharbiyye,English Wikipedia
2001/2002,2001,Liga Bet,North B,15,Maccabi Ironi Baqa al-Gharbiyye,English Wikipedia
2001/2002,2001,Liga Bet,North B,16,Hapoel Fureidis,English Wikipedia
2001/2002,2001,Liga Bet,South A,1,Maccabi HaShikma Hen,English Wikipedia
2001/2002,2001,Liga Bet,South A,2,Hapoel Hod HaSharon,English Wikipedia
2001/2002,2001,Liga Bet,South A,3,Otzma F.C. Holon,English Wikipedia
2001/2002,2001,Liga Bet,South A,4,Beitar Ramat Gan,English Wikipedia
2001/2002,2001,Liga Bet,South A,5,Hapoel Mahane Yehuda,English Wikipedia
2001/2002,2001,Liga Bet,South A,6,Maccabi Ironi Bat Yam,English Wikipedia
2001/2002,2001,Liga Bet,South A,7,Hapoel Qalansawe,English Wikipedia
2001/2002,2001,Liga Bet,South A,8,Maccabi Yehud,English Wikipedia
2001/2002,2001,Liga Bet,South A,9,Hapoel Ar'ara,English Wikipedia
2001/2002,2001,Liga Bet,South A,10,Hapoel Azor,English Wikipedia
2001/2002,2001,Liga Bet,South A,11,Shimshon Bnei Tayibe,English Wikipedia
2001/2002,2001,Liga Bet,South A,12,Beitar Jaffa,English Wikipedia
2001/2002,2001,Liga Bet,South A,13,M.M. Givat Shmuel,English Wikipedia
2001/2002,2001,Liga Bet,South A,14,Beitar Holon,English Wikipedia
2001/2002,2001,Liga Bet,South A,15,Hapoel Kafr Qasim,English Wikipedia
2001/2002,2001,Liga Bet,South A,16,Maccabi Qalansawe,English Wikipedia
2001/2002,2001,Liga Bet,South A,17,Beitar Ironi Ariel,English Wikipedia
2001/2002,2001,Liga Bet,South A,18,Beitar Nes Tubruk,English Wikipedia
2001/2002,2001,Liga Bet,South B,1,Maccabi Be'er Sheva,English Wikipedia
2001/2002,2001,Liga Bet,South B,2,A.S. Eilat,English Wikipedia
2001/2002,2001,Liga Bet,South B,3,Hapoel Masos/Segev Shalom,English Wikipedia
2001/2002,2001,Liga Bet,South B,4,Hapoel Arad,English Wikipedia
2001/2002,2001,Liga Bet,South B,5,Hapoel Merhavim,English Wikipedia
2001/2002,2001,Liga Bet,South B,6,Maccabi Ben Zvi,English Wikipedia
2001/2002,2001,Liga Bet,South B,7,Ironi Ramla,English Wikipedia
2001/2002,2001,Liga Bet,South B,8,Hapoel Bnei Lakhish,English Wikipedia
2001/2002,2001,Liga Bet,South B,9,Bnei Lod,English Wikipedia
2001/2002,2001,Liga Bet,South B,10,Hapoel Yeruham,English Wikipedia
2001/2002,2001,Liga Bet,South B,11,Maccabi Kiryat Ekron,English Wikipedia
2001/2002,2001,Liga Bet,South B,12,Beitar Giv'at Ze'ev,English Wikipedia
2001/2002,2001,Liga Bet,South B,13,Hapoel Sde Uzziah,English Wikipedia
2001/2002,2001,Liga Bet,South B,14,Moadon Tzeirei Rahat,English Wikipedia
2001/2002,2001,Liga Bet,South B,15,Maccabi Neve Alon Lod,English Wikipedia
2001/2002,2001,Liga Bet,South B,16,Hapoel Aliyah Kfar Saba,English Wikipedia
2001/2002,2001,Liga Leumit,,1,Hapoel Kfar Saba,Hebrew Wikipedia
2001/2002,2001,Liga Leumit,,2,Bnei Yehuda Tel Aviv,Hebrew Wikipedia
2001/2002,2001,Liga Leumit,,3,Maccabi Herzliya,Hebrew Wikipedia
2001/2002,2001,Liga Leumit,,4,Beitar Be'er Sheva,Hebrew Wikipedia
2001/2002,2001,Liga Leumit,,5,Maccabi Kafr Kanna,Hebrew Wikipedia
2001/2002,2001,Liga Leumit,,6,Bnei Sakhnin,Hebrew Wikipedia
2001/2002,2001,Liga Leumit,,7,Hakoah Ramat Gan,Hebrew Wikipedia
2001/2002,2001,Liga Leumit,,8,Maccabi Ahi Nazareth,Hebrew Wikipedia
2001/2002,2001,Liga Leumit,,9,Hapoel Ra'anana,Hebrew Wikipedia
2001/2002,2001,Liga Leumit,,10,Hapoel Ramat Gan,Hebrew Wikipedia
2001/2002,2001,Liga Leumit,,11,Hapoel Holon,Hebrew Wikipedia
2001/2002,2001,Liga Leumit,,12,Hapoel Beit She'an,Hebrew Wikipedia
2001/2002,2001,Ligat ha'Al,,1,Maccabi Haifa,RSSSF
2001/2002,2001,Ligat ha'Al,,2,Hapoel Tel Aviv,RSSSF
2001/2002,2001,Ligat ha'Al,,3,Maccabi Tel Aviv,RSSSF
2001/2002,2001,Ligat ha'Al,,4,Ashdod S.C.,RSSSF
2001/2002,2001,Ligat ha'Al,,5,Hapoel Be'er Sheva,RSSSF
2001/2002,2001,Ligat ha'Al,,6,Hapoel Petah Tikva,RSSSF
2001/2002,2001,Ligat ha'Al,,7,Maccabi Netanya,RSSSF
2001/2002,2001,Ligat ha'Al,,8,Maccabi Petah Tikva,RSSSF
2001/2002,2001,Ligat ha'Al,,9,Hapoel Rishon LeZion,RSSSF
2001/2002,2001,Ligat ha'Al,,10,Beitar Jerusalem,RSSSF
2001/2002,2001,Ligat ha'Al,,11,Hapoel Haifa,RSSSF
2001/2002,2001,Ligat ha'Al,,12,Maccabi Kiryat Gat,RSSSF
2002/2003,2002,Liga Alef,North,1,Hapoel Ironi Herzliya,English Wikipedia
2002/2003,2002,Liga Alef,North,2,Hapoel Asi Gilboa,English Wikipedia
2002/2003,2002,Liga Alef,North,3,Maccabi Shefa-'Amr,English Wikipedia
2002/2003,2002,Liga Alef,North,4,Hapoel Tuba,English Wikipedia
2002/2003,2002,Liga Alef,North,5,Hapoel Migdal HaEmek,English Wikipedia
2002/2003,2002,Liga Alef,North,6,Maccabi Ironi Tirat HaCarmel,English Wikipedia
2002/2003,2002,Liga Alef,North,7,Ironi Shlomi,English Wikipedia
2002/2003,2002,Liga Alef,North,8,Maccabi Tzur Shalom,English Wikipedia
2002/2003,2002,Liga Alef,North,9,Maccabi Tur'an,English Wikipedia
2002/2003,2002,Liga Alef,North,10,Maccabi Hadera,English Wikipedia
2002/2003,2002,Liga Alef,North,11,Hapoel Kafr Kanna,English Wikipedia
2002/2003,2002,Liga Alef,North,12,Maccabi Tamra,English Wikipedia
2002/2003,2002,Liga Alef,North,13,Hapoel Hadera,English Wikipedia
2002/2003,2002,Liga Alef,North,14,Hapoel Taibe,English Wikipedia
2002/2003,2002,Liga Alef,South,1,Hapoel Tira,English Wikipedia
2002/2003,2002,Liga Alef,South,2,Hapoel Marmorek,English Wikipedia
2002/2003,2002,Liga Alef,South,3,Maccabi HaShikma Hen,English Wikipedia
2002/2003,2002,Liga Alef,South,4,Maccabi Be'er Sheva,English Wikipedia
2002/2003,2002,Liga Alef,South,5,Maccabi Sha'arayim,English Wikipedia
2002/2003,2002,Liga Alef,South,6,Maccabi Yavne,English Wikipedia
2002/2003,2002,Liga Alef,South,7,Hapoel Kfar Shalem,English Wikipedia
2002/2003,2002,Liga Alef,South,8,Hapoel Nahlat Yehuda,English Wikipedia
2002/2003,2002,Liga Alef,South,9,Ironi Ofakim,English Wikipedia
2002/2003,2002,Liga Alef,South,10,Hapoel Jaljulia,English Wikipedia
2002/2003,2002,Liga Alef,South,11,Hapoel Dimona,English Wikipedia
2002/2003,2002,Liga Alef,South,12,Hapoel Mevaseret Zion,English Wikipedia
2002/2003,2002,Liga Alef,South,13,Beitar Kiryat Gat,English Wikipedia
2002/2003,2002,Liga Alef,South,14,Maccabi Jaffa,English Wikipedia
2002/2003,2002,Liga Artzit,,1,Hakoah Ramat Gan,English Wikipedia
2002/2003,2002,Liga Artzit,,2,Ironi Kiryat Shmona,English Wikipedia
2002/2003,2002,Liga Artzit,,3,Maccabi Ramat Amidar,English Wikipedia
2002/2003,2002,Liga Artzit,,4,Hapoel Acre,English Wikipedia
2002/2003,2002,Liga Artzit,,5,Hapoel Majd al-Krum,English Wikipedia
2002/2003,2002,Liga Artzit,,6,Hapoel Ashkelon,English Wikipedia
2002/2003,2002,Liga Artzit,,7,Maccabi Ironi Kiryat Ata,English Wikipedia
2002/2003,2002,Liga Artzit,,8,Beitar Tel Aviv,English Wikipedia
2002/2003,2002,Liga Artzit,,9,Hapoel Beit She'an,English Wikipedia
2002/2003,2002,Liga Artzit,,10,Ironi Nir Ramat HaSharon,English Wikipedia
2002/2003,2002,Liga Artzit,,11,Hapoel Ihud Kafr Sumei,English Wikipedia
2002/2003,2002,Liga Artzit,,12,Hapoel Bat Yam,English Wikipedia
2002/2003,2002,Liga Bet,North A,1,Hapoel Makr,English Wikipedia
2002/2003,2002,Liga Bet,North A,2,Hapoel Tzeirei Nahf,English Wikipedia
2002/2003,2002,Liga Bet,North A,3,Hapoel Peki'in,English Wikipedia
2002/2003,2002,Liga Bet,North A,4,Hapoel Arraba,English Wikipedia
2002/2003,2002,Liga Bet,North A,5,Ironi Nahariya,English Wikipedia
2002/2003,2002,Liga Bet,North A,6,Maccabi Sektzia Ma'alot-Tarshiha,English Wikipedia
2002/2003,2002,Liga Bet,North A,7,Bnei Abu Snan,English Wikipedia
2002/2003,2002,Liga Bet,North A,8,Hapoel Bnei Jadeidi,English Wikipedia
2002/2003,2002,Liga Bet,North A,9,Hapoel Karmiel,English Wikipedia
2002/2003,2002,Liga Bet,North A,10,Hapoel Yanuh,English Wikipedia
2002/2003,2002,Liga Bet,North A,11,Hapoel Bnei Manda,English Wikipedia
2002/2003,2002,Liga Bet,North A,12,Hapoel Deir Hanna,English Wikipedia
2002/2003,2002,Liga Bet,North A,13,Beitar Haifa,English Wikipedia
2002/2003,2002,Liga Bet,North A,14,Maccabi Bnei Yarka,English Wikipedia
2002/2003,2002,Liga Bet,North A,15,Hapoel Kisra,English Wikipedia
2002/2003,2002,Liga Bet,North A,16,Hapoel Sakhnin,English Wikipedia
2002/2003,2002,Liga Bet,North B,1,Hapoel Reineh,English Wikipedia
2002/2003,2002,Liga Bet,North B,2,Hapoel Afula,English Wikipedia
2002/2003,2002,Liga Bet,North B,3,Hapoel Umm al-Fahm,English Wikipedia
2002/2003,2002,Liga Bet,North B,4,Hapoel Daliyat al-Karmel,English Wikipedia
2002/2003,2002,Liga Bet,North B,5,Hapoel Iksal,English Wikipedia
2002/2003,2002,Liga Bet,North B,6,Hapoel Ahva Haifa,English Wikipedia
2002/2003,2002,Liga Bet,North B,7,Hapoel Mo'atza Ezorit Galil Tahton,English Wikipedia
2002/2003,2002,Liga Bet,North B,8,Maccabi Isfiya,English Wikipedia
2002/2003,2002,Liga Bet,North B,9,Hapoel Emek Tamra,English Wikipedia
2002/2003,2002,Liga Bet,North B,10,Hapoel Bir al-Maksur,English Wikipedia
2002/2003,2002,Liga Bet,North B,11,Hapoel Yafa,English Wikipedia
2002/2003,2002,Liga Bet,North B,12,Hapoel Tel Hanan,English Wikipedia
2002/2003,2002,Liga Bet,North B,13,Ironi Sayid Umm al-Fahm,English Wikipedia
2002/2003,2002,Liga Bet,North B,14,Maccabi Kafr Qara,English Wikipedia
2002/2003,2002,Liga Bet,North B,15,Hapoel Bnei Nazareth,English Wikipedia
2002/2003,2002,Liga Bet,North B,16,Hapoel Nahliel,English Wikipedia
2002/2003,2002,Liga Bet,South A,1,F.C. Kafr Qasim,English Wikipedia
2002/2003,2002,Liga Bet,South A,2,Hapoel Hod HaSharon,English Wikipedia
2002/2003,2002,Liga Bet,South A,3,Hapoel Kiryat Ono,English Wikipedia
2002/2003,2002,Liga Bet,South A,4,Hapoel Azor,English Wikipedia
2002/2003,2002,Liga Bet,South A,5,Hapoel Mahane Yehuda,English Wikipedia
2002/2003,2002,Liga Bet,South A,6,Otzma F.C. Holon,English Wikipedia
2002/2003,2002,Liga Bet,South A,7,Maccabi Ironi Bat Yam,English Wikipedia
2002/2003,2002,Liga Bet,South A,8,Maccabi Montefiore,English Wikipedia
2002/2003,2002,Liga Bet,South A,9,Beitar Ramat Gan,English Wikipedia
2002/2003,2002,Liga Bet,South A,10,Hapoel Qalansawe,English Wikipedia
2002/2003,2002,Liga Bet,South A,11,M.M. Giv'at Shmuel,English Wikipedia
2002/2003,2002,Liga Bet,South A,12,Beitar Jaffa,English Wikipedia
2002/2003,2002,Liga Bet,South A,13,Hapoel Ar'ara,English Wikipedia
2002/2003,2002,Liga Bet,South A,14,Maccabi Ironi Kfar Yona,English Wikipedia
2002/2003,2002,Liga Bet,South A,15,Maccabi Yehud,English Wikipedia
2002/2003,2002,Liga Bet,South A,16,Shimshon Bnei Tayibe,English Wikipedia
2002/2003,2002,Liga Bet,South B,1,Beitar Giv'at Ze'ev,English Wikipedia
2002/2003,2002,Liga Bet,South B,2,Hapoel Arad,English Wikipedia
2002/2003,2002,Liga Bet,South B,3,Hapoel Masos/Segev Shalom,English Wikipedia
2002/2003,2002,Liga Bet,South B,4,Hapoel Namal Ashdod,English Wikipedia
2002/2003,2002,Liga Bet,South B,5,Bnei Lod,English Wikipedia
2002/2003,2002,Liga Bet,South B,6,Hapoel Bnei Lakhish,English Wikipedia
2002/2003,2002,Liga Bet,South B,7,Hapoel Yeruham,English Wikipedia
2002/2003,2002,Liga Bet,South B,8,Hapoel Merhavim,English Wikipedia
2002/2003,2002,Liga Bet,South B,9,A.S. Eilat,English Wikipedia
2002/2003,2002,Liga Bet,South B,10,Maccabi Ben Zvi,English Wikipedia
2002/2003,2002,Liga Bet,South B,11,Maccabi Kiryat Ekron,English Wikipedia
2002/2003,2002,Liga Bet,South B,12,Hapoel Oranit,English Wikipedia
2002/2003,2002,Liga Bet,South B,13,Maccabi Jerusalem,English Wikipedia
2002/2003,2002,Liga Bet,South B,14,Ironi Ramla,English Wikipedia
2002/2003,2002,Liga Bet,South B,15,Hapoel Rahat,English Wikipedia
2002/2003,2002,Liga Bet,South B,16,Hapoel Sde Uzziah,English Wikipedia
2002/2003,2002,Liga Leumit,,1,Maccabi Ahi Nazareth,Hebrew Wikipedia
2002/2003,2002,Liga Leumit,,2,Bnei Sakhnin,Hebrew Wikipedia
2002/2003,2002,Liga Leumit,,3,Hapoel Jerusalem,Hebrew Wikipedia
2002/2003,2002,Liga Leumit,,4,Hapoel Nof HaGalil,Hebrew Wikipedia
2002/2003,2002,Liga Leumit,,5,Maccabi Herzliya,Hebrew Wikipedia
2002/2003,2002,Liga Leumit,,6,Hapoel Haifa,Hebrew Wikipedia
2002/2003,2002,Liga Leumit,,7,Hapoel Ramat Gan,Hebrew Wikipedia
2002/2003,2002,Liga Leumit,,8,Hapoel Ra'anana,Hebrew Wikipedia
2002/2003,2002,Liga Leumit,,9,Hapoel Holon,Hebrew Wikipedia
2002/2003,2002,Liga Leumit,,10,Maccabi Kiryat Gat,Hebrew Wikipedia
2002/2003,2002,Liga Leumit,,11,Maccabi Kafr Kanna,Hebrew Wikipedia
2002/2003,2002,Liga Leumit,,12,Beitar Be'er Sheva,Hebrew Wikipedia
2002/2003,2002,Ligat ha'Al,,1,Maccabi Tel Aviv,RSSSF
2002/2003,2002,Ligat ha'Al,,2,Maccabi Haifa,RSSSF
2002/2003,2002,Ligat ha'Al,,3,Hapoel Tel Aviv,RSSSF
2002/2003,2002,Ligat ha'Al,,4,Maccabi Netanya,RSSSF
2002/2003,2002,Ligat ha'Al,,5,Hapoel Be'er Sheva,RSSSF
2002/2003,2002,Ligat ha'Al,,6,Maccabi Petah Tikva,RSSSF
2002/2003,2002,Ligat ha'Al,,7,Ashdod S.C.,RSSSF
2002/2003,2002,Ligat ha'Al,,8,Hapoel Petah Tikva,RSSSF
2002/2003,2002,Ligat ha'Al,,9,Beitar Jerusalem,RSSSF
2002/2003,2002,Ligat ha'Al,,10,Bnei Yehuda Tel Aviv,RSSSF
2002/2003,2002,Ligat ha'Al,,11,Hapoel Kfar Saba,RSSSF
2002/2003,2002,Ligat ha'Al,,12,Hapoel Rishon LeZion,RSSSF
2003/2004,2003,Liga Alef,North,1,Maccabi Hadera,English Wikipedia
2003/2004,2003,Liga Alef,North,2,Maccabi Ironi Tirat HaCarmel,English Wikipedia
2003/2004,2003,Liga Alef,North,3,Hapoel Asi Gilboa,English Wikipedia
2003/2004,2003,Liga Alef,North,4,Maccabi Tzur Shalom,English Wikipedia
2003/2004,2003,Liga Alef,North,5,Hapoel Tuba,English Wikipedia
2003/2004,2003,Liga Alef,North,6,Maccabi Tamra,English Wikipedia
2003/2004,2003,Liga Alef,North,7,Hapoel Makr,English Wikipedia
2003/2004,2003,Liga Alef,North,8,Maccabi Tur'an,English Wikipedia
2003/2004,2003,Liga Alef,North,9,Hapoel Kafr Kanna,English Wikipedia
2003/2004,2003,Liga Alef,North,10,Hapoel Ihud Kafr Sumei,English Wikipedia
2003/2004,2003,Liga Alef,North,11,Hapoel Reineh,English Wikipedia
2003/2004,2003,Liga Alef,North,12,Maccabi Shefa-'Amr,English Wikipedia
2003/2004,2003,Liga Alef,North,13,Ironi Shlomi,English Wikipedia
2003/2004,2003,Liga Alef,North,14,Hapoel Migdal HaEmek,English Wikipedia
2003/2004,2003,Liga Alef,South,1,Maccabi Be'er Sheva,English Wikipedia
2003/2004,2003,Liga Alef,South,2,Maccabi HaShikma Hen,English Wikipedia
2003/2004,2003,Liga Alef,South,3,Ironi Ofakim,English Wikipedia
2003/2004,2003,Liga Alef,South,4,Hapoel Jaljulia,English Wikipedia
2003/2004,2003,Liga Alef,South,5,Maccabi Yavne,English Wikipedia
2003/2004,2003,Liga Alef,South,6,Beitar Kiryat Gat,English Wikipedia
2003/2004,2003,Liga Alef,South,7,Hapoel Kfar Shalem,English Wikipedia
2003/2004,2003,Liga Alef,South,8,Maccabi Sha'arayim,English Wikipedia
2003/2004,2003,Liga Alef,South,9,F.C. Kafr Qasim,English Wikipedia
2003/2004,2003,Liga Alef,South,10,Maccabi Jaffa,English Wikipedia
2003/2004,2003,Liga Alef,South,11,Beitar Giv'at Ze'ev,English Wikipedia
2003/2004,2003,Liga Alef,South,12,Hapoel Nahlat Yehuda,English Wikipedia
2003/2004,2003,Liga Alef,South,13,Hapoel Bat Yam,English Wikipedia
2003/2004,2003,Liga Alef,South,14,Hapoel Mevaseret Zion,English Wikipedia
2003/2004,2003,Liga Artzit,,1,Ironi Nir Ramat HaSharon,English Wikipedia
2003/2004,2003,Liga Artzit,,2,Hapoel Acre,English Wikipedia
2003/2004,2003,Liga Artzit,,3,Hapoel Ashkelon,English Wikipedia
2003/2004,2003,Liga Artzit,,4,Maccabi Ironi Kiryat Ata,English Wikipedia
2003/2004,2003,Liga Artzit,,5,Maccabi Kafr Kanna,English Wikipedia
2003/2004,2003,Liga Artzit,,6,Hapoel Ironi Herzliya,English Wikipedia
2003/2004,2003,Liga Artzit,,7,Maccabi Ramat Amidar,English Wikipedia
2003/2004,2003,Liga Artzit,,8,Hapoel Marmorek,English Wikipedia
2003/2004,2003,Liga Artzit,,9,Hapoel Majd al-Krum,English Wikipedia
2003/2004,2003,Liga Artzit,,10,Beitar Tel Aviv,English Wikipedia
2003/2004,2003,Liga Artzit,,11,Hapoel Tira,English Wikipedia
2003/2004,2003,Liga Artzit,,12,Hapoel Beit She'an,English Wikipedia
2003/2004,2003,Liga Bet,North A,1,Hapoel Bnei Jadeidi,English Wikipedia
2003/2004,2003,Liga Bet,North A,2,Ironi Nahariya,English Wikipedia
2003/2004,2003,Liga Bet,North A,3,Maccabi Sektzia Ma'alot-Tarshiha,English Wikipedia
2003/2004,2003,Liga Bet,North A,4,Hapoel Karmiel,English Wikipedia
2003/2004,2003,Liga Bet,North A,5,Hapoel Deir Hanna,English Wikipedia
2003/2004,2003,Liga Bet,North A,6,Hapoel Bnei Manda,English Wikipedia
2003/2004,2003,Liga Bet,North A,7,Hapoel Sakhnin,English Wikipedia
2003/2004,2003,Liga Bet,North A,8,Beitar Safed,English Wikipedia
2003/2004,2003,Liga Bet,North A,9,Beitar Haifa,English Wikipedia
2003/2004,2003,Liga Bet,North A,10,Hapoel Peki'in,English Wikipedia
2003/2004,2003,Liga Bet,North A,11,Tzeirei Nahf,English Wikipedia
2003/2004,2003,Liga Bet,North A,12,Hapoel Arraba,English Wikipedia
2003/2004,2003,Liga Bet,North A,13,Bnei Abu Snan,English Wikipedia
2003/2004,2003,Liga Bet,North A,14,Hapoel Yanuh,English Wikipedia
2003/2004,2003,Liga Bet,North A,15,Maccabi Bir al-Maksur,English Wikipedia
2003/2004,2003,Liga Bet,North A,16,Beitar Acre,English Wikipedia
2003/2004,2003,Liga Bet,North B,1,Hapoel Afula,English Wikipedia
2003/2004,2003,Liga Bet,North B,2,Hapoel Umm al-Fahm,English Wikipedia
2003/2004,2003,Liga Bet,North B,3,Hapoel Daliyat al-Karmel,English Wikipedia
2003/2004,2003,Liga Bet,North B,4,Hapoel Yafa,English Wikipedia
2003/2004,2003,Liga Bet,North B,5,Hapoel Bir al-Maksur,English Wikipedia
2003/2004,2003,Liga Bet,North B,6,Hapoel Ar'ara,English Wikipedia
2003/2004,2003,Liga Bet,North B,7,Hapoel Iksal,English Wikipedia
2003/2004,2003,Liga Bet,North B,8,Hapoel Ahva Haifa,English Wikipedia
2003/2004,2003,Liga Bet,North B,9,Hapoel Tel Hanan,English Wikipedia
2003/2004,2003,Liga Bet,North B,10,Hapoel Bnei Tamra,English Wikipedia
2003/2004,2003,Liga Bet,North B,11,Maccabi Kafr Qara,English Wikipedia
2003/2004,2003,Liga Bet,North B,12,Hapoel Mo'atza Ezorit Galil Tahton,English Wikipedia
2003/2004,2003,Liga Bet,North B,13,Hapoel Yokneam,English Wikipedia
2003/2004,2003,Liga Bet,North B,14,Ironi Sayid Umm al-Fahm,English Wikipedia
2003/2004,2003,Liga Bet,North B,15,Hapoel Bnei Nazareth,English Wikipedia
2003/2004,2003,Liga Bet,North B,16,Maccabi Daliyat al-Karmel,English Wikipedia
2003/2004,2003,Liga Bet,South A,1,Hapoel Qalansawe,English Wikipedia
2003/2004,2003,Liga Bet,South A,2,Hapoel Azor,English Wikipedia
2003/2004,2003,Liga Bet,South A,3,Maccabi Ironi Kfar Yona,English Wikipedia
2003/2004,2003,Liga Bet,South A,4,Hapoel Hod HaSharon,English Wikipedia
2003/2004,2003,Liga Bet,South A,5,Hapoel Mahane Yehuda,English Wikipedia
2003/2004,2003,Liga Bet,South A,6,Hapoel Kiryat Ono,English Wikipedia
2003/2004,2003,Liga Bet,South A,7,Maccabi Ironi Bat Yam,English Wikipedia
2003/2004,2003,Liga Bet,South A,8,Beitar Ramat Gan,English Wikipedia
2003/2004,2003,Liga Bet,South A,9,Hapoel Hadera,English Wikipedia
2003/2004,2003,Liga Bet,South A,10,Beitar Jaffa,English Wikipedia
2003/2004,2003,Liga Bet,South A,12,Otzma F.C. Holon,English Wikipedia
2003/2004,2003,Liga Bet,South A,13,Maccabi Bnei Tira,English Wikipedia
2003/2004,2003,Liga Bet,South A,14,M.M. Giv'at Shmuel,English Wikipedia
2003/2004,2003,Liga Bet,South A,15,Maccabi Montefiore,English Wikipedia
2003/2004,2003,Liga Bet,South A,16,Maccabi Yehud,English Wikipedia
2003/2004,2003,Liga Bet,South B,1,Bnei Lod,English Wikipedia
2003/2004,2003,Liga Bet,South B,2,Hapoel Yeruham,English Wikipedia
2003/2004,2003,Liga Bet,South B,3,A.S. Eilat,English Wikipedia
2003/2004,2003,Liga Bet,South B,4,Hapoel Namal Ashdod,English Wikipedia
2003/2004,2003,Liga Bet,South B,5,Maccabi Ben Zvi,English Wikipedia
2003/2004,2003,Liga Bet,South B,6,Maccabi Kiryat Malakhi,English Wikipedia
2003/2004,2003,Liga Bet,South B,7,Maccabi Ironi Sderot,English Wikipedia
2003/2004,2003,Liga Bet,South B,8,Hapoel Arad,English Wikipedia
2003/2004,2003,Liga Bet,South B,9,Hapoel Masos/Segev Shalom,English Wikipedia
2003/2004,2003,Liga Bet,South B,10,Hapoel Or Yehuda,English Wikipedia
2003/2004,2003,Liga Bet,South B,11,Ironi Ramla,English Wikipedia
2003/2004,2003,Liga Bet,South B,12,Hapoel Merhavim,English Wikipedia
2003/2004,2003,Liga Bet,South B,13,Hapoel Bnei Lakhish,English Wikipedia
2003/2004,2003,Liga Bet,South B,14,Maccabi Jerusalem,English Wikipedia
2003/2004,2003,Liga Bet,South B,15,Maccabi Kiryat Ekron,English Wikipedia
2003/2004,2003,Liga Bet,South B,16,Hapoel Oranit,English Wikipedia
2003/2004,2003,Liga Leumit,,1,Hapoel Haifa,Hebrew Wikipedia
2003/2004,2003,Liga Leumit,,2,Hapoel Nof HaGalil,Hebrew Wikipedia
2003/2004,2003,Liga Leumit,,3,Ironi Kiryat Shmona,Hebrew Wikipedia
2003/2004,2003,Liga Leumit,,4,Hapoel Kfar Saba,Hebrew Wikipedia
2003/2004,2003,Liga Leumit,,5,Hapoel Ra'anana,Hebrew Wikipedia
2003/2004,2003,Liga Leumit,,6,Hapoel Jerusalem,Hebrew Wikipedia
2003/2004,2003,Liga Leumit,,7,Maccabi Kiryat Gat,Hebrew Wikipedia
2003/2004,2003,Liga Leumit,,8,Hakoah Ramat Gan,Hebrew Wikipedia
2003/2004,2003,Liga Leumit,,9,Maccabi Herzliya,Hebrew Wikipedia
2003/2004,2003,Liga Leumit,,10,Hapoel Rishon LeZion,Hebrew Wikipedia
2003/2004,2003,Liga Leumit,,11,Hapoel Holon,Hebrew Wikipedia
2003/2004,2003,Liga Leumit,,12,Hapoel Ramat Gan,Hebrew Wikipedia
2003/2004,2003,Ligat ha'Al,,1,Maccabi Haifa,RSSSF
2003/2004,2003,Ligat ha'Al,,2,Maccabi Tel Aviv,RSSSF
2003/2004,2003,Ligat ha'Al,,3,Maccabi Petah Tikva,RSSSF
2003/2004,2003,Ligat ha'Al,,4,Hapoel Be'er Sheva,RSSSF
2003/2004,2003,Ligat ha'Al,,5,Hapoel Tel Aviv,RSSSF
2003/2004,2003,Ligat ha'Al,,6,Bnei Yehuda Tel Aviv,RSSSF
2003/2004,2003,Ligat ha'Al,,7,Ashdod S.C.,RSSSF
2003/2004,2003,Ligat ha'Al,,8,Hapoel Petah Tikva,RSSSF
2003/2004,2003,Ligat ha'Al,,9,Beitar Jerusalem,RSSSF
2003/2004,2003,Ligat ha'Al,,10,Bnei Sakhnin,RSSSF
2003/2004,2003,Ligat ha'Al,,11,Maccabi Netanya,RSSSF
2003/2004,2003,Ligat ha'Al,,12,Maccabi Ahi Nazareth,RSSSF
2004/2005,2004,Liga Alef,North,1,Maccabi Tzur Shalom,English Wikipedia
2004/2005,2004,Liga Alef,North,2,Hapoel Bnei Jadeidi,English Wikipedia
2004/2005,2004,Liga Alef,North,3,Ironi Shlomi,English Wikipedia
2004/2005,2004,Liga Alef,North,4,Hapoel Kafr Kanna,English Wikipedia
2004/2005,2004,Liga Alef,North,5,Hapoel Afula,English Wikipedia
2004/2005,2004,Liga Alef,North,6,Maccabi Tamra,English Wikipedia
2004/2005,2004,Liga Alef,North,7,Hapoel Asi Gilboa,English Wikipedia
2004/2005,2004,Liga Alef,North,8,Hapoel Ihud Kafr Sumei,English Wikipedia
2004/2005,2004,Liga Alef,North,9,Hapoel Reineh,English Wikipedia
2004/2005,2004,Liga Alef,North,10,Hapoel Makr,English Wikipedia
2004/2005,2004,Liga Alef,North,11,Hapoel Beit She'an,English Wikipedia
2004/2005,2004,Liga Alef,North,12,Maccabi Shefa-'Amr,English Wikipedia
2004/2005,2004,Liga Alef,North,13,Hapoel Tuba,English Wikipedia
2004/2005,2004,Liga Alef,North,14,Maccabi Tur'an,English Wikipedia
2004/2005,2004,Liga Alef,South,1,Bnei Lod,English Wikipedia
2004/2005,2004,Liga Alef,South,2,Ironi Ofakim,English Wikipedia
2004/2005,2004,Liga Alef,South,3,Maccabi Sha'arayim,English Wikipedia
2004/2005,2004,Liga Alef,South,4,Hapoel Nahlat Yehuda,English Wikipedia
2004/2005,2004,Liga Alef,South,5,F.C. Kafr Qasim,English Wikipedia
2004/2005,2004,Liga Alef,South,6,Maccabi Yavne,English Wikipedia
2004/2005,2004,Liga Alef,South,7,Hapoel Kfar Shalem,English Wikipedia
2004/2005,2004,Liga Alef,South,8,Maccabi Jaffa,English Wikipedia
2004/2005,2004,Liga Alef,South,9,Hapoel Mevaseret Zion,English Wikipedia
2004/2005,2004,Liga Alef,South,10,Beitar Kiryat Gat,English Wikipedia
2004/2005,2004,Liga Alef,South,11,Maccabi Kiryat Gat,English Wikipedia
2004/2005,2004,Liga Alef,South,12,Beitar Giv'at Ze'ev,English Wikipedia
2004/2005,2004,Liga Alef,South,13,Hapoel Qalansawe,English Wikipedia
2004/2005,2004,Liga Alef,South,14,Hapoel Jaljulia,English Wikipedia
2004/2005,2004,Liga Artzit,,1,Hapoel Ashkelon,English Wikipedia
2004/2005,2004,Liga Artzit,,2,Maccabi Be'er Sheva,English Wikipedia
2004/2005,2004,Liga Artzit,,3,Hapoel Marmorek,English Wikipedia
2004/2005,2004,Liga Artzit,,4,Maccabi Ramat Amidar,English Wikipedia
2004/2005,2004,Liga Artzit,,5,Maccabi HaShikma Hen,English Wikipedia
2004/2005,2004,Liga Artzit,,6,Beitar Tel Aviv,English Wikipedia
2004/2005,2004,Liga Artzit,,7,Hapoel Ironi Herzliya,English Wikipedia
2004/2005,2004,Liga Artzit,,8,Hapoel Ramat Gan,English Wikipedia
2004/2005,2004,Liga Artzit,,9,Maccabi Ironi Tirat HaCarmel,English Wikipedia
2004/2005,2004,Liga Artzit,,10,Maccabi Kafr Kanna,English Wikipedia
2004/2005,2004,Liga Artzit,,11,Maccabi Ironi Kiryat Ata,English Wikipedia
2004/2005,2004,Liga Artzit,,12,Hapoel Majd al-Krum,English Wikipedia
2004/2005,2004,Liga Bet,North A,1,Maccabi Sektzia Ma'alot-Tarshiha,English Wikipedia
2004/2005,2004,Liga Bet,North A,2,Hapoel Karmiel,English Wikipedia
2004/2005,2004,Liga Bet,North A,3,Beitar Haifa,English Wikipedia
2004/2005,2004,Liga Bet,North A,4,Beitar Safed,English Wikipedia
2004/2005,2004,Liga Bet,North A,5,Hapoel Sakhnin,English Wikipedia
2004/2005,2004,Liga Bet,North A,6,Hapoel Bnei Manda,English Wikipedia
2004/2005,2004,Liga Bet,North A,7,Hapoel Ironi I'billin,English Wikipedia
2004/2005,2004,Liga Bet,North A,8,Hapoel Yanuh,English Wikipedia
2004/2005,2004,Liga Bet,North A,9,Hapoel Deir Hanna,English Wikipedia
2004/2005,2004,Liga Bet,North A,10,Beitar Kafr Kanna,English Wikipedia
2004/2005,2004,Liga Bet,North A,11,Bnei Abu Snan,English Wikipedia
2004/2005,2004,Liga Bet,North A,12,Hapoel Peki'in,English Wikipedia
2004/2005,2004,Liga Bet,North A,13,Ironi Nahariya,English Wikipedia
2004/2005,2004,Liga Bet,North A,14,Beitar Julis,English Wikipedia
2004/2005,2004,Liga Bet,North A,15,Beitar Acre,English Wikipedia
2004/2005,2004,Liga Bet,North B,1,Hapoel Bnei Tamra,English Wikipedia
2004/2005,2004,Liga Bet,North B,2,Hapoel Umm al-Fahm,English Wikipedia
2004/2005,2004,Liga Bet,North B,3,Hapoel Tel Hanan,English Wikipedia
2004/2005,2004,Liga Bet,North B,4,Hapoel Ahva Haifa,English Wikipedia
2004/2005,2004,Liga Bet,North B,5,Maccabi Kafr Qara,English Wikipedia
2004/2005,2004,Liga Bet,North B,6,Maccabi Or Akiva,English Wikipedia
2004/2005,2004,Liga Bet,North B,7,Hapoel Daliyat al-Karmel,English Wikipedia
2004/2005,2004,Liga Bet,North B,8,Hapoel Iksal,English Wikipedia
2004/2005,2004,Liga Bet,North B,9,Hapoel Migdal HaEmek,English Wikipedia
2004/2005,2004,Liga Bet,North B,10,Hapoel Yokneam,English Wikipedia
2004/2005,2004,Liga Bet,North B,11,Hapoel Mo'atza Ezorit Galil Tahton,English Wikipedia
2004/2005,2004,Liga Bet,North B,12,Ironi Sayid Umm al-Fahm,English Wikipedia
2004/2005,2004,Liga Bet,North B,13,Hapoel Yafa,English Wikipedia
2004/2005,2004,Liga Bet,North B,14,Hapoel Ar'ara,English Wikipedia
2004/2005,2004,Liga Bet,North B,15,Maccabi Daliyat al-Karmel,English Wikipedia
2004/2005,2004,Liga Bet,North B,16,Hapoel Kafr Misr/Nein,English Wikipedia
2004/2005,2004,Liga Bet,South A,1,Maccabi Ironi Bat Yam,English Wikipedia
2004/2005,2004,Liga Bet,South A,2,Hapoel Azor,English Wikipedia
2004/2005,2004,Liga Bet,South A,3,Maccabi Ironi Kfar Yona,English Wikipedia
2004/2005,2004,Liga Bet,South A,4,Beitar Kfar Saba,English Wikipedia
2004/2005,2004,Liga Bet,South A,5,Hapoel Hod HaSharon,English Wikipedia
2004/2005,2004,Liga Bet,South A,6,Beitar Ramat Gan,English Wikipedia
2004/2005,2004,Liga Bet,South A,7,Hapoel Or Yehuda,English Wikipedia
2004/2005,2004,Liga Bet,South A,8,Hapoel Kiryat Ono,English Wikipedia
2004/2005,2004,Liga Bet,South A,9,Hapoel Mahane Yehuda,English Wikipedia
2004/2005,2004,Liga Bet,South A,10,Hapoel Hadera,English Wikipedia
2004/2005,2004,Liga Bet,South A,11,Beitar Jaffa,English Wikipedia
2004/2005,2004,Liga Bet,South A,12,Hapoel Ramat Yisrael,English Wikipedia
2004/2005,2004,Liga Bet,South A,13,Shimshon Bnei Tayibe,English Wikipedia
2004/2005,2004,Liga Bet,South A,14,Otzma F.C. Holon,English Wikipedia
2004/2005,2004,Liga Bet,South A,15,Maccabi Bnei Tira,English Wikipedia
2004/2005,2004,Liga Bet,South B,1,Hapoel Arad,English Wikipedia
2004/2005,2004,Liga Bet,South B,2,Sektzia Nes Tziona,English Wikipedia
2004/2005,2004,Liga Bet,South B,3,Maccabi Kiryat Malakhi,English Wikipedia
2004/2005,2004,Liga Bet,South B,4,Maccabi Ironi Sderot,English Wikipedia
2004/2005,2004,Liga Bet,South B,5,Maccabi Jerusalem,English Wikipedia
2004/2005,2004,Liga Bet,South B,6,Hapoel Merhavim,English Wikipedia
2004/2005,2004,Liga Bet,South B,7,Hapoel Yeruham,English Wikipedia
2004/2005,2004,Liga Bet,South B,8,A.S. Eilat,English Wikipedia
2004/2005,2004,Liga Bet,South B,9,Maccabi Ironi Netivot,English Wikipedia
2004/2005,2004,Liga Bet,South B,10,Hapoel Oranit,English Wikipedia
2004/2005,2004,Liga Bet,South B,11,Maccabi Kiryat Ekron,English Wikipedia
2004/2005,2004,Liga Bet,South B,12,Hapoel Bnei Lakhish,English Wikipedia
2004/2005,2004,Liga Bet,South B,13,Ironi Ramla,English Wikipedia
2004/2005,2004,Liga Bet,South B,14,Hapoel Tirat Shalom,English Wikipedia
2004/2005,2004,Liga Bet,South B,15,Moadon Tzeirei Rahat,English Wikipedia
2004/2005,2004,Liga Bet,South B,16,Maccabi Yehud,English Wikipedia
2004/2005,2004,Liga Leumit,,1,Hapoel Kfar Saba,Hebrew Wikipedia
2004/2005,2004,Liga Leumit,,2,Maccabi Netanya,Hebrew Wikipedia
2004/2005,2004,Liga Leumit,,3,Hapoel Acre,Hebrew Wikipedia
2004/2005,2004,Liga Leumit,,4,Hapoel Jerusalem,Hebrew Wikipedia
2004/2005,2004,Liga Leumit,,5,Hakoah Ramat Gan,Hebrew Wikipedia
2004/2005,2004,Liga Leumit,,6,Hapoel Rishon LeZion,Hebrew Wikipedia
2004/2005,2004,Liga Leumit,,7,Maccabi Herzliya,Hebrew Wikipedia
2004/2005,2004,Liga Leumit,,8,Ironi Kiryat Shmona,Hebrew Wikipedia
2004/2005,2004,Liga Leumit,,9,Hapoel Ra'anana,Hebrew Wikipedia
2004/2005,2004,Liga Leumit,,10,Ironi Nir Ramat HaSharon,Hebrew Wikipedia
2004/2005,2004,Liga Leumit,,11,Maccabi Ahi Nazareth,Hebrew Wikipedia
2004/2005,2004,Liga Leumit,,12,Hapoel Holon,Hebrew Wikipedia
2004/2005,2004,Ligat ha'Al,,1,Maccabi Haifa,RSSSF
2004/2005,2004,Ligat ha'Al,,2,Maccabi Petah Tikva,RSSSF
2004/2005,2004,Ligat ha'Al,,3,Ashdod S.C.,RSSSF
2004/2005,2004,Ligat ha'Al,,4,Beitar Jerusalem,RSSSF
2004/2005,2004,Ligat ha'Al,,5,Hapoel Nof HaGalil,RSSSF
2004/2005,2004,Ligat ha'Al,,6,Bnei Yehuda Tel Aviv,RSSSF
2004/2005,2004,Ligat ha'Al,,7,Hapoel Petah Tikva,RSSSF
2004/2005,2004,Ligat ha'Al,,8,Maccabi Tel Aviv,RSSSF
2004/2005,2004,Ligat ha'Al,,9,Hapoel Tel Aviv,RSSSF
2004/2005,2004,Ligat ha'Al,,10,Bnei Sakhnin,RSSSF
2004/2005,2004,Ligat ha'Al,,11,Hapoel Haifa,RSSSF
2004/2005,2004,Ligat ha'Al,,12,Hapoel Be'er Sheva,RSSSF
2005/2006,2005,Liga Alef,North,1,Hapoel Bnei Tamra,English Wikipedia
2005/2006,2005,Liga Alef,North,2,Hapoel Bnei Jadeidi,English Wikipedia
2005/2006,2005,Liga Alef,North,3,Hapoel Umm al-Fahm,English Wikipedia
2005/2006,2005,Liga Alef,North,4,Hapoel Asi Gilboa,English Wikipedia
2005/2006,2005,Liga Alef,North,5,Hapoel Afula,English Wikipedia
2005/2006,2005,Liga Alef,North,6,Maccabi Sektzia Ma'alot-Tarshiha,English Wikipedia
2005/2006,2005,Liga Alef,North,7,Maccabi Ironi Shlomi/Nahariya,English Wikipedia
2005/2006,2005,Liga Alef,North,8,Hapoel Reineh,English Wikipedia
2005/2006,2005,Liga Alef,North,9,Hapoel Makr,English Wikipedia
2005/2006,2005,Liga Alef,North,10,Hapoel Ihud Kafr Sumei,English Wikipedia
2005/2006,2005,Liga Alef,North,11,Hapoel Kafr Kanna,English Wikipedia
2005/2006,2005,Liga Alef,North,12,Maccabi Tamra,English Wikipedia
2005/2006,2005,Liga Alef,North,13,Hapoel Beit She'an,English Wikipedia
2005/2006,2005,Liga Alef,North,14,Maccabi Shefa-'Amr,English Wikipedia
2005/2006,2005,Liga Alef,South,1,Sektzia Nes Tziona,English Wikipedia
2005/2006,2005,Liga Alef,South,2,Hapoel Mevaseret Zion,English Wikipedia
2005/2006,2005,Liga Alef,South,3,Ironi Ofakim,English Wikipedia
2005/2006,2005,Liga Alef,South,4,Maccabi Ironi Bat Yam,English Wikipedia
2005/2006,2005,Liga Alef,South,5,Maccabi Jaffa,English Wikipedia
2005/2006,2005,Liga Alef,South,6,Hapoel Arad,English Wikipedia
2005/2006,2005,Liga Alef,South,7,Maccabi Yavne,English Wikipedia
2005/2006,2005,Liga Alef,South,8,Hapoel Nahlat Yehuda,English Wikipedia
2005/2006,2005,Liga Alef,South,9,Beitar Kiryat Gat,English Wikipedia
2005/2006,2005,Liga Alef,South,10,Maccabi Kiryat Gat,English Wikipedia
2005/2006,2005,Liga Alef,South,11,Hapoel Kfar Shalem,English Wikipedia
2005/2006,2005,Liga Alef,South,12,Maccabi Sha'arayim,English Wikipedia
2005/2006,2005,Liga Alef,South,13,F.C. Kafr Qasim,English Wikipedia
2005/2006,2005,Liga Alef,South,14,Beitar Giv'at Ze'ev,English Wikipedia
2005/2006,2005,Liga Artzit,,1,Bnei Lod,English Wikipedia
2005/2006,2005,Liga Artzit,,2,Maccabi Ahi Nazareth,English Wikipedia
2005/2006,2005,Liga Artzit,,3,Maccabi Ironi Kiryat Ata,English Wikipedia
2005/2006,2005,Liga Artzit,,4,Hapoel Marmorek,English Wikipedia
2005/2006,2005,Liga Artzit,,5,Maccabi Kafr Kanna,English Wikipedia
2005/2006,2005,Liga Artzit,,6,Beitar Tel Aviv,English Wikipedia
2005/2006,2005,Liga Artzit,,7,Maccabi Ironi Tirat HaCarmel,English Wikipedia
2005/2006,2005,Liga Artzit,,8,Hapoel Ironi Herzliya,English Wikipedia
2005/2006,2005,Liga Artzit,,9,Maccabi HaShikma Hen,English Wikipedia
2005/2006,2005,Liga Artzit,,10,Hapoel Ramat Gan,English Wikipedia
2005/2006,2005,Liga Artzit,,11,Maccabi Tzur Shalom,English Wikipedia
2005/2006,2005,Liga Artzit,,12,Hapoel Holon,English Wikipedia
2005/2006,2005,Liga Bet,North A,1,Beitar Safed,English Wikipedia
2005/2006,2005,Liga Bet,North A,2,Beitar Haifa,English Wikipedia
2005/2006,2005,Liga Bet,North A,3,Maccabi Kafr Sumei,English Wikipedia
2005/2006,2005,Liga Bet,North A,4,Beitar Ihud Mashhad,English Wikipedia
2005/2006,2005,Liga Bet,North A,5,Hapoel Karmiel,English Wikipedia
2005/2006,2005,Liga Bet,North A,6,Hapoel Tuba,English Wikipedia
2005/2006,2005,Liga Bet,North A,7,Hapoel Sakhnin,English Wikipedia
2005/2006,2005,Liga Bet,North A,8,Ahva Arraba,English Wikipedia
2005/2006,2005,Liga Bet,North A,9,Bnei Abu Snan,English Wikipedia
2005/2006,2005,Liga Bet,North A,10,Hapoel Halat al-Sharif Tamra,English Wikipedia
2005/2006,2005,Liga Bet,North A,11,Beitar Kafr Kanna,English Wikipedia
2005/2006,2005,Liga Bet,North A,12,Hapoel Kisra,English Wikipedia
2005/2006,2005,Liga Bet,North A,13,Maccabi Kafr Yasif,English Wikipedia
2005/2006,2005,Liga Bet,North A,14,Hapoel Yanuh,English Wikipedia
2005/2006,2005,Liga Bet,North A,15,Hapoel Deir Hanna,English Wikipedia
2005/2006,2005,Liga Bet,North B,1,Hapoel Ahva Haifa,English Wikipedia
2005/2006,2005,Liga Bet,North B,2,Ironi Sayid Umm al-Fahm,English Wikipedia
2005/2006,2005,Liga Bet,North B,3,Hapoel Iksal,English Wikipedia
2005/2006,2005,Liga Bet,North B,4,Maccabi Or Akiva,English Wikipedia
2005/2006,2005,Liga Bet,North B,5,Hapoel Mo'atza Ezorit Galil Tahton,English Wikipedia
2005/2006,2005,Liga Bet,North B,6,Hapoel Migdal HaEmek,English Wikipedia
2005/2006,2005,Liga Bet,North B,7,Maccabi Umm al-Fahm,English Wikipedia
2005/2006,2005,Liga Bet,North B,8,Hapoel Isfiya,English Wikipedia
2005/2006,2005,Liga Bet,North B,9,Maccabi Kafr Qara,English Wikipedia
2005/2006,2005,Liga Bet,North B,10,Hapoel Tel Hanan,English Wikipedia
2005/2006,2005,Liga Bet,North B,11,Hapoel Yokneam,English Wikipedia
2005/2006,2005,Liga Bet,North B,12,Maccabi Tur'an,English Wikipedia
2005/2006,2005,Liga Bet,North B,13,Hapoel Ar'ara,English Wikipedia
2005/2006,2005,Liga Bet,North B,14,Hapoel Daliyat al-Karmel,English Wikipedia
2005/2006,2005,Liga Bet,North B,15,Maccabi Daliyat al-Karmel,English Wikipedia
2005/2006,2005,Liga Bet,South A,1,Maccabi Ironi Amishav Petah Tikva,English Wikipedia
2005/2006,2005,Liga Bet,South A,2,Hapoel Azor,English Wikipedia
2005/2006,2005,Liga Bet,South A,3,Shimshon Bnei Tayibe,English Wikipedia
2005/2006,2005,Liga Bet,South A,4,Hapoel Mahane Yehuda,English Wikipedia
2005/2006,2005,Liga Bet,South A,5,Hapoel Kiryat Ono,English Wikipedia
2005/2006,2005,Liga Bet,South A,6,Maccabi Ironi Kfar Yona,English Wikipedia
2005/2006,2005,Liga Bet,South A,7,Beitar Kfar Saba,English Wikipedia
2005/2006,2005,Liga Bet,South A,8,Hapoel Hadera,English Wikipedia
2005/2006,2005,Liga Bet,South A,9,Hapoel Hod HaSharon,English Wikipedia
2005/2006,2005,Liga Bet,South A,10,Beitar Ramat Gan,English Wikipedia
2005/2006,2005,Liga Bet,South A,11,Hapoel Ramat Yisrael,English Wikipedia
2005/2006,2005,Liga Bet,South A,12,Hapoel Ihud Bnei Jaffa,English Wikipedia
2005/2006,2005,Liga Bet,South A,13,Hapoel Qalansawe,English Wikipedia
2005/2006,2005,Liga Bet,South A,14,Otzma F.C. Holon,English Wikipedia
2005/2006,2005,Liga Bet,South A,15,Beitar Jaffa,English Wikipedia
2005/2006,2005,Liga Bet,South A,16,Agudat Sport Holon,English Wikipedia
2005/2006,2005,Liga Bet,South B,1,Hapoel Lod,English Wikipedia
2005/2006,2005,Liga Bet,South B,2,Ironi Ramla,English Wikipedia
2005/2006,2005,Liga Bet,South B,3,Maccabi Kiryat Malakhi,English Wikipedia
2005/2006,2005,Liga Bet,South B,4,Hapoel Oranit,English Wikipedia
2005/2006,2005,Liga Bet,South B,5,Maccabi Ironi Netivot,English Wikipedia
2005/2006,2005,Liga Bet,South B,6,Hapoel Masos/Segev Shalom,English Wikipedia
2005/2006,2005,Liga Bet,South B,7,Maccabi Ironi Sderot,English Wikipedia
2005/2006,2005,Liga Bet,South B,8,Hapoel Merhavim,English Wikipedia
2005/2006,2005,Liga Bet,South B,9,Maccabi Kiryat Ekron,English Wikipedia
2005/2006,2005,Liga Bet,South B,10,Hapoel Jaljulia,English Wikipedia
2005/2006,2005,Liga Bet,South B,11,Moadon Tzeirei Rahat,English Wikipedia
2005/2006,2005,Liga Bet,South B,12,Hapoel Tirat Shalom,English Wikipedia
2005/2006,2005,Liga Bet,South B,13,Hapoel Tel Sheva,English Wikipedia
2005/2006,2005,Liga Bet,South B,14,F.C. Dimona,English Wikipedia
2005/2006,2005,Liga Bet,South B,15,Hapoel Bnei Lakhish,English Wikipedia
2005/2006,2005,Liga Bet,South B,16,Maccabi Yehud,English Wikipedia
2005/2006,2005,Liga Gimel,Central-South,1,Beitar Ironi Ma'ale Adumim,English Wikipedia
2005/2006,2005,Liga Gimel,Central-South,2,Maccabi Be'er Ya'akov,English Wikipedia
2005/2006,2005,Liga Gimel,Central-South,3,F.C. Shikun HaMizrah,English Wikipedia
2005/2006,2005,Liga Gimel,Central-South,4,Hapoel Rahat,English Wikipedia
2005/2006,2005,Liga Gimel,Central-South,5,Maccabi Lod,English Wikipedia
2005/2006,2005,Liga Gimel,Central-South,6,Ironi Beit Shemesh,English Wikipedia
2005/2006,2005,Liga Gimel,Central-South,7,Beitar Ashkelon,English Wikipedia
2005/2006,2005,Liga Gimel,Central-South,8,Maccabi Rehovot,English Wikipedia
2005/2006,2005,Liga Gimel,Central-South,9,Hapoel F.C. Ortodoxim Lod,English Wikipedia
2005/2006,2005,Liga Gimel,Central-South,10,Hapoel Hura,English Wikipedia
2005/2006,2005,Liga Gimel,Central-South,11,Maccabi Bnei Abu Ghosh,English Wikipedia
2005/2006,2005,Liga Gimel,Central-South,12,Hapoel F.C. Hevel Modi'in,English Wikipedia
2005/2006,2005,Liga Gimel,Jezreel,1,F.C. Tzeirei Bir al-Maksur,English Wikipedia
2005/2006,2005,Liga Gimel,Jezreel,2,Hapoel Mesilot,English Wikipedia
2005/2006,2005,Liga Gimel,Jezreel,3,Hapoel Ramot Menashe Megiddo,English Wikipedia
2005/2006,2005,Liga Gimel,Jezreel,4,Maccabi Neve Sha'anan Eldad,English Wikipedia
2005/2006,2005,Liga Gimel,Jezreel,5,Hapoel Bnei Nazareth,English Wikipedia
2005/2006,2005,Liga Gimel,Jezreel,6,Hapoel Umm al-Ghanam/Nein,English Wikipedia
2005/2006,2005,Liga Gimel,Jezreel,7,Beitar Afula,English Wikipedia
2005/2006,2005,Liga Gimel,Jezreel,8,Hapoel al-Ittihad Nazareth,English Wikipedia
2005/2006,2005,Liga Gimel,Jezreel,9,Hapoel Spartak Haifa,English Wikipedia
2005/2006,2005,Liga Gimel,Jezreel,10,Maccabi Bnei Ilut,English Wikipedia
2005/2006,2005,Liga Gimel,Jezreel,11,Beitar F.C. Tabash,English Wikipedia
2005/2006,2005,Liga Gimel,Jezreel,12,Hapoel Ka'abiyye,English Wikipedia
2005/2006,2005,Liga Gimel,Samaria,1,Ihud Bnei Baqa,English Wikipedia
2005/2006,2005,Liga Gimel,Samaria,2,Maccabi Ironi Barta'a,English Wikipedia
2005/2006,2005,Liga Gimel,Samaria,3,Maccabi Ironi Jatt,English Wikipedia
2005/2006,2005,Liga Gimel,Samaria,4,Hapoel Muawiya,English Wikipedia
2005/2006,2005,Liga Gimel,Samaria,5,Hapoel Bnei Jisr az-Zarqa,English Wikipedia
2005/2006,2005,Liga Gimel,Samaria,6,Beitar Umm al-Fahm,English Wikipedia
2005/2006,2005,Liga Gimel,Samaria,7,Maccabi Fureidis,English Wikipedia
2005/2006,2005,Liga Gimel,Samaria,8,Maccabi Jisr az-Zarqa,English Wikipedia
2005/2006,2005,Liga Gimel,Samaria,9,Hapoel Bnei Zemer,English Wikipedia
2005/2006,2005,Liga Gimel,Samaria,10,Hapoel Bnei Musmus,English Wikipedia
2005/2006,2005,Liga Gimel,Sharon,1,Beitar Pardes Hanna,English Wikipedia
2005/2006,2005,Liga Gimel,Sharon,2,Hapoel Bik'at HaYarden,English Wikipedia
2005/2006,2005,Liga Gimel,Sharon,3,F.C. Bnei Ra'anana,English Wikipedia
2005/2006,2005,Liga Gimel,Sharon,4,Beitar Ironi Ariel,English Wikipedia
2005/2006,2005,Liga Gimel,Sharon,5,Maccabi HaSharon Netanya,English Wikipedia
2005/2006,2005,Liga Gimel,Sharon,6,Beitar Tubruk,English Wikipedia
2005/2006,2005,Liga Gimel,Sharon,7,Hapoel Pardesiya,English Wikipedia
2005/2006,2005,Liga Gimel,Sharon,8,Hapoel Aliyah Kfar Saba,English Wikipedia
2005/2006,2005,Liga Gimel,Sharon,9,F.C. Tira,English Wikipedia
2005/2006,2005,Liga Gimel,Sharon,10,Hapoel Kafr Bara,English Wikipedia
2005/2006,2005,Liga Gimel,Sharon,11,Beitar Oranit,English Wikipedia
2005/2006,2005,Liga Gimel,Sharon,12,Beitar Hadera,English Wikipedia
2005/2006,2005,Liga Gimel,Tel Aviv,1,Shikun Vatikim Ramat Gan,English Wikipedia
2005/2006,2005,Liga Gimel,Tel Aviv,2,F.C. Ironi Or Yehuda,English Wikipedia
2005/2006,2005,Liga Gimel,Tel Aviv,3,Hapoel F.C. Ortodoxim Jaffa,English Wikipedia
2005/2006,2005,Liga Gimel,Tel Aviv,4,Hapoel Neve Golan,English Wikipedia
2005/2006,2005,Liga Gimel,Tel Aviv,5,Hapoel Kiryat Shalom,English Wikipedia
2005/2006,2005,Liga Gimel,Tel Aviv,6,Ironi Beit Dagan,English Wikipedia
2005/2006,2005,Liga Gimel,Tel Aviv,7,Elitzur Yehud,English Wikipedia
2005/2006,2005,Liga Gimel,Tel Aviv,8,Maccabi Ironi Or Yehuda,English Wikipedia
2005/2006,2005,Liga Gimel,Tel Aviv,9,Brit Sport Ma'of,English Wikipedia
2005/2006,2005,Liga Gimel,Tel Aviv,10,Elitzur Jaffa Tel Aviv,English Wikipedia
2005/2006,2005,Liga Gimel,Tel Aviv,11,Beitar Ezra,English Wikipedia
2005/2006,2005,Liga Gimel,Tel Aviv,12,Beitar Pardes Katz,English Wikipedia
2005/2006,2005,Liga Gimel,Tel Aviv,13,Maccabi Dynamo Holon,English Wikipedia
2005/2006,2005,Liga Gimel,Tel Aviv,14,Hapoel Ramla,English Wikipedia
2005/2006,2005,Liga Gimel,Upper Galilee,1,Maccabi Sha'ab,English Wikipedia
2005/2006,2005,Liga Gimel,Upper Galilee,2,Maccabi Bi'ina,English Wikipedia
2005/2006,2005,Liga Gimel,Upper Galilee,3,Hapoel Nahariya,English Wikipedia
2005/2006,2005,Liga Gimel,Upper Galilee,4,Bnei Kisra,English Wikipedia
2005/2006,2005,Liga Gimel,Upper Galilee,5,F.C. Hurfeish,English Wikipedia
2005/2006,2005,Liga Gimel,Upper Galilee,6,Alpha Ironi Safed,English Wikipedia
2005/2006,2005,Liga Gimel,Upper Galilee,7,Hapoel Bnei Gush Halav,English Wikipedia
2005/2006,2005,Liga Gimel,Upper Galilee,8,Hapoel Deir al-Asad,English Wikipedia
2005/2006,2005,Liga Gimel,Upper Galilee,9,Beitar Abu Snan,English Wikipedia
2005/2006,2005,Liga Gimel,Upper Galilee,10,Hapoel Rehaniya,English Wikipedia
2005/2006,2005,Liga Gimel,Upper Galilee,11,Hapoel Jatt Yanuh HaGlilit,English Wikipedia
2005/2006,2005,Liga Gimel,Upper Galilee,12,Beitar Bi'ina,English Wikipedia
2005/2006,2005,Liga Gimel,Upper Galilee,13,Beitar Karmiel,English Wikipedia
2005/2006,2005,Liga Gimel,Western Galilee,1,Maccabi Ironi Kabul,English Wikipedia
2005/2006,2005,Liga Gimel,Western Galilee,2,Ahi Acre,English Wikipedia
2005/2006,2005,Liga Gimel,Western Galilee,3,Hapoel Kaukab,English Wikipedia
2005/2006,2005,Liga Gimel,Western Galilee,4,Maccabi Bnei Nahaf,English Wikipedia
2005/2006,2005,Liga Gimel,Western Galilee,5,Maccabi Bnei Reineh,English Wikipedia
2005/2006,2005,Liga Gimel,Western Galilee,6,Hapoel Shefa-'Amr,English Wikipedia
2005/2006,2005,Liga Gimel,Western Galilee,7,Maccabi Bu'eine Nujeidat,English Wikipedia
2005/2006,2005,Liga Gimel,Western Galilee,8,Beitar Ma'alot,English Wikipedia
2005/2006,2005,Liga Gimel,Western Galilee,9,Maccabi Arab al-Heib,English Wikipedia
2005/2006,2005,Liga Gimel,Western Galilee,10,Hapoel Daburiyya,English Wikipedia
2005/2006,2005,Liga Gimel,Western Galilee,11,Hapoel Sha'ab,English Wikipedia
2005/2006,2005,Liga Leumit,,1,Maccabi Herzliya,Hebrew Wikipedia
2005/2006,2005,Liga Leumit,,2,Hakoah Ramat Gan,Hebrew Wikipedia
2005/2006,2005,Liga Leumit,,3,Ironi Kiryat Shmona,Hebrew Wikipedia
2005/2006,2005,Liga Leumit,,4,Hapoel Be'er Sheva,Hebrew Wikipedia
2005/2006,2005,Liga Leumit,,5,Hapoel Jerusalem,Hebrew Wikipedia
2005/2006,2005,Liga Leumit,,6,Hapoel Haifa,Hebrew Wikipedia
2005/2006,2005,Liga Leumit,,7,Hapoel Acre,Hebrew Wikipedia
2005/2006,2005,Liga Leumit,,8,Hapoel Ashkelon,Hebrew Wikipedia
2005/2006,2005,Liga Leumit,,9,Hapoel Ra'anana,Hebrew Wikipedia
2005/2006,2005,Liga Leumit,,10,Ironi Nir Ramat HaSharon,Hebrew Wikipedia
2005/2006,2005,Liga Leumit,,11,Hapoel Rishon LeZion,Hebrew Wikipedia
2005/2006,2005,Liga Leumit,,12,Maccabi Be'er Sheva,Hebrew Wikipedia
2005/2006,2005,Ligat ha'Al,,1,Maccabi Haifa,RSSSF
2005/2006,2005,Ligat ha'Al,,2,Hapoel Tel Aviv,RSSSF
2005/2006,2005,Ligat ha'Al,,3,Beitar Jerusalem,RSSSF
2005/2006,2005,Ligat ha'Al,,4,Bnei Yehuda Tel Aviv,RSSSF
2005/2006,2005,Ligat ha'Al,,5,Maccabi Petah Tikva,RSSSF
2005/2006,2005,Ligat ha'Al,,6,Maccabi Tel Aviv,RSSSF
2005/2006,2005,Ligat ha'Al,,7,Maccabi Netanya,RSSSF
2005/2006,2005,Ligat ha'Al,,8,Ashdod S.C.,RSSSF
2005/2006,2005,Ligat ha'Al,,9,Hapoel Petah Tikva,RSSSF
2005/2006,2005,Ligat ha'Al,,10,Hapoel Kfar Saba,RSSSF
2005/2006,2005,Ligat ha'Al,,11,Hapoel Nof HaGalil,RSSSF
2005/2006,2005,Ligat ha'Al,,12,Bnei Sakhnin,RSSSF
2006/2007,2006,Liga Alef,North,1,Hapoel Bnei Jadeidi,English Wikipedia
2006/2007,2006,Liga Alef,North,2,Hapoel Umm al-Fahm,English Wikipedia
2006/2007,2006,Liga Alef,North,3,Hapoel Asi Gilboa,English Wikipedia
2006/2007,2006,Liga Alef,North,4,Maccabi Ironi Shlomi/Nahariya,English Wikipedia
2006/2007,2006,Liga Alef,North,5,Hapoel Afula,English Wikipedia
2006/2007,2006,Liga Alef,North,6,Maccabi Tzur Shalom,English Wikipedia
2006/2007,2006,Liga Alef,North,7,Hapoel Makr,English Wikipedia
2006/2007,2006,Liga Alef,North,8,Beitar Haifa,English Wikipedia
2006/2007,2006,Liga Alef,North,9,Hapoel Kafr Kanna,English Wikipedia
2006/2007,2006,Liga Alef,North,10,Beitar Safed,English Wikipedia
2006/2007,2006,Liga Alef,North,11,Hapoel Ahva Haifa,English Wikipedia
2006/2007,2006,Liga Alef,North,12,Hapoel Ihud Bnei Sumei,English Wikipedia
2006/2007,2006,Liga Alef,North,13,Hapoel Reineh,English Wikipedia
2006/2007,2006,Liga Alef,North,14,Maccabi Sektzia Ma'alot-Tarshiha,English Wikipedia
2006/2007,2006,Liga Alef,South,1,Hapoel Lod,English Wikipedia
2006/2007,2006,Liga Alef,South,2,Hapoel Kfar Shalem,English Wikipedia
2006/2007,2006,Liga Alef,South,3,Hapoel Nahlat Yehuda,English Wikipedia
2006/2007,2006,Liga Alef,South,4,Maccabi Ironi Bat Yam,English Wikipedia
2006/2007,2006,Liga Alef,South,5,Ironi Ofakim,English Wikipedia
2006/2007,2006,Liga Alef,South,6,Ironi Ramla,English Wikipedia
2006/2007,2006,Liga Alef,South,7,Maccabi Yavne,English Wikipedia
2006/2007,2006,Liga Alef,South,8,Hapoel Mevaseret Zion,English Wikipedia
2006/2007,2006,Liga Alef,South,9,Maccabi Ironi Amishav Petah Tikva,English Wikipedia
2006/2007,2006,Liga Alef,South,10,Maccabi Kiryat Malakhi,English Wikipedia
2006/2007,2006,Liga Alef,South,11,Maccabi Kiryat Gat,English Wikipedia
2006/2007,2006,Liga Alef,South,12,Hapoel Holon,English Wikipedia
2006/2007,2006,Liga Alef,South,13,Maccabi Jaffa,English Wikipedia
2006/2007,2006,Liga Alef,South,14,Hapoel Arad,English Wikipedia
2006/2007,2006,Liga Artzit,,1,Hapoel Ramat Gan,English Wikipedia
2006/2007,2006,Liga Artzit,,2,Hapoel Rishon LeZion,English Wikipedia
2006/2007,2006,Liga Artzit,,3,Hapoel Bnei Tamra,English Wikipedia
2006/2007,2006,Liga Artzit,,4,Sektzia Nes Tziona,English Wikipedia
2006/2007,2006,Liga Artzit,,5,Maccabi Ironi Tirat HaCarmel,English Wikipedia
2006/2007,2006,Liga Artzit,,6,Beitar Tel Aviv,English Wikipedia
2006/2007,2006,Liga Artzit,,7,Maccabi HaShikma Hen,English Wikipedia
2006/2007,2006,Liga Artzit,,8,Maccabi Kafr Kanna,English Wikipedia
2006/2007,2006,Liga Artzit,,9,Hapoel Marmorek,English Wikipedia
2006/2007,2006,Liga Artzit,,10,Maccabi Ironi Kiryat Ata,English Wikipedia
2006/2007,2006,Liga Artzit,,11,Hapoel Ironi Herzliya,English Wikipedia
2006/2007,2006,Liga Artzit,,12,Maccabi Be'er Sheva,English Wikipedia
2006/2007,2006,Liga Bet,North A,1,Beitar Ihud Mashhad,English Wikipedia
2006/2007,2006,Liga Bet,North A,2,Ahva Arraba,English Wikipedia
2006/2007,2006,Liga Bet,North A,3,Maccabi Tamra,English Wikipedia
2006/2007,2006,Liga Bet,North A,4,Maccabi Bi'ina,English Wikipedia
2006/2007,2006,Liga Bet,North A,5,Hapoel Karmiel,English Wikipedia
2006/2007,2006,Liga Bet,North A,6,Maccabi Sha'ab,English Wikipedia
2006/2007,2006,Liga Bet,North A,7,Maccabi Ironi Kabul,English Wikipedia
2006/2007,2006,Liga Bet,North A,8,Bnei Abu Snan,English Wikipedia
2006/2007,2006,Liga Bet,North A,9,Maccabi Kafr Sumei,English Wikipedia
2006/2007,2006,Liga Bet,North A,10,Maccabi Kafr Yasif,English Wikipedia
2006/2007,2006,Liga Bet,North A,11,Hapoel Yanuh,English Wikipedia
2006/2007,2006,Liga Bet,North A,12,Hapoel Halat el-Sharif Tamra,English Wikipedia
2006/2007,2006,Liga Bet,North A,13,Beitar Kafr Kanna,English Wikipedia
2006/2007,2006,Liga Bet,North A,14,Hapoel Sakhnin,English Wikipedia
2006/2007,2006,Liga Bet,North A,15,Hapoel Kisra,English Wikipedia
2006/2007,2006,Liga Bet,North A,16,Hapoel Deir Hanna,English Wikipedia
2006/2007,2006,Liga Bet,North B,1,Ironi Sayid Umm al-Fahm,English Wikipedia
2006/2007,2006,Liga Bet,North B,2,Ironi Tiberias,English Wikipedia
2006/2007,2006,Liga Bet,North B,3,Maccabi Umm al-Fahm,English Wikipedia
2006/2007,2006,Liga Bet,North B,4,Hapoel Migdal HaEmek,English Wikipedia
2006/2007,2006,Liga Bet,North B,5,Hapoel Iksal,English Wikipedia
2006/2007,2006,Liga Bet,North B,6,Maccabi Tur'an,English Wikipedia
2006/2007,2006,Liga Bet,North B,7,Ihud Bnei Baka,English Wikipedia
2006/2007,2006,Liga Bet,North B,8,Maccabi Or Akiva,English Wikipedia
2006/2007,2006,Liga Bet,North B,9,Maccabi Kafr Qara,English Wikipedia
2006/2007,2006,Liga Bet,North B,10,Hapoel Yokneam,English Wikipedia
2006/2007,2006,Liga Bet,North B,11,F.C. Tzeirei Bir al-Maksur,English Wikipedia
2006/2007,2006,Liga Bet,North B,12,Hapoel Daliyat al-Karmel,English Wikipedia
2006/2007,2006,Liga Bet,North B,13,Hapoel Isfiya,English Wikipedia
2006/2007,2006,Liga Bet,North B,14,Hapoel Ironi Ar'ara,English Wikipedia
2006/2007,2006,Liga Bet,South A,1,Maccabi Ironi Kfar Yona,English Wikipedia
2006/2007,2006,Liga Bet,South A,2,Beitar Kfar Saba,English Wikipedia
2006/2007,2006,Liga Bet,South A,3,Hapoel Azor,English Wikipedia
2006/2007,2006,Liga Bet,South A,4,Shimshon Bnei Tayibe,English Wikipedia
2006/2007,2006,Liga Bet,South A,5,Hapoel Hod HaSharon,English Wikipedia
2006/2007,2006,Liga Bet,South A,6,Hapoel Hadera,English Wikipedia
2006/2007,2006,Liga Bet,South A,7,Beitar Ramat Gan,English Wikipedia
2006/2007,2006,Liga Bet,South A,8,Hapoel Mahane Yehuda,English Wikipedia
2006/2007,2006,Liga Bet,South A,9,Shikun Vatikim Ramat Gan,English Wikipedia
2006/2007,2006,Liga Bet,South A,10,Otzma F.C. Holon,English Wikipedia
2006/2007,2006,Liga Bet,South A,11,Hapoel Qalansawe,English Wikipedia
2006/2007,2006,Liga Bet,South A,12,F.C. Kafr Qasim,English Wikipedia
2006/2007,2006,Liga Bet,South A,13,Beitar Pardes Hanna,English Wikipedia
2006/2007,2006,Liga Bet,South A,14,Hapoel Ramat Israel,English Wikipedia
2006/2007,2006,Liga Bet,South A,15,Hapoel Kiryat Ono,English Wikipedia
2006/2007,2006,Liga Bet,South A,16,Hapoel Ihud Bnei Jaffa,English Wikipedia
2006/2007,2006,Liga Bet,South B,1,Maccabi Ironi Netivot,English Wikipedia
2006/2007,2006,Liga Bet,South B,2,Hapoel Masos/Segev Shalom,English Wikipedia
2006/2007,2006,Liga Bet,South B,3,Maccabi Be'er Ya'akov,English Wikipedia
2006/2007,2006,Liga Bet,South B,4,Hapoel Merhavim,English Wikipedia
2006/2007,2006,Liga Bet,South B,5,Maccabi Ironi Sderot,English Wikipedia
2006/2007,2006,Liga Bet,South B,6,Beitar Ironi Ma'ale Adumim,English Wikipedia
2006/2007,2006,Liga Bet,South B,7,Maccabi Sha'arayim,English Wikipedia
2006/2007,2006,Liga Bet,South B,8,F.C. Dimona,English Wikipedia
2006/2007,2006,Liga Bet,South B,9,Hapoel Tirat Shalom,English Wikipedia
2006/2007,2006,Liga Bet,South B,10,Hapoel Tel Sheva,English Wikipedia
2006/2007,2006,Liga Bet,South B,11,Beitar Giv'at Ze'ev,English Wikipedia
2006/2007,2006,Liga Bet,South B,12,Mo'adon Tzeirei Rahat,English Wikipedia
2006/2007,2006,Liga Bet,South B,13,Hapoel Jaljulia,English Wikipedia
2006/2007,2006,Liga Bet,South B,14,Hapoel Oranit,English Wikipedia
2006/2007,2006,Liga Bet,South B,15,Maccabi Kiryat Ekron,English Wikipedia
2006/2007,2006,Liga Bet,South B,16,Hapoel Bnei Lakhish,English Wikipedia
2006/2007,2006,Liga Gimel,Central-South,1,Bnei Eilat,English Wikipedia
2006/2007,2006,Liga Gimel,Central-South,2,F.C. Be'er Sheva,English Wikipedia
2006/2007,2006,Liga Gimel,Central-South,3,Hapoel Rahat,English Wikipedia
2006/2007,2006,Liga Gimel,Central-South,4,Hapoel F.C. Hevel Modi'in,English Wikipedia
2006/2007,2006,Liga Gimel,Central-South,5,Ironi Beit Shemesh,English Wikipedia
2006/2007,2006,Liga Gimel,Central-South,6,Beitar Ashkelon,English Wikipedia
2006/2007,2006,Liga Gimel,Central-South,7,Maccabi Rehovot,English Wikipedia
2006/2007,2006,Liga Gimel,Central-South,8,Hapoel Ar'arat an-Naqab,English Wikipedia
2006/2007,2006,Liga Gimel,Central-South,9,Hapoel Hura,English Wikipedia
2006/2007,2006,Liga Gimel,Central-South,10,Hapoel F.C. Ortodoxim Lod,English Wikipedia
2006/2007,2006,Liga Gimel,Central-South,11,Maccabi Lod,English Wikipedia
2006/2007,2006,Liga Gimel,Jezreel,1,Maccabi Beit She'an,English Wikipedia
2006/2007,2006,Liga Gimel,Jezreel,2,Hapoel Mesilot,English Wikipedia
2006/2007,2006,Liga Gimel,Jezreel,3,Maccabi Neve Sha'anan Eldad,English Wikipedia
2006/2007,2006,Liga Gimel,Jezreel,4,Hapoel Kaukab,English Wikipedia
2006/2007,2006,Liga Gimel,Jezreel,5,Hapoel Ramot Menashe Megiddo,English Wikipedia
2006/2007,2006,Liga Gimel,Jezreel,6,Hapoel al-Ittihad Nazareth,English Wikipedia
2006/2007,2006,Liga Gimel,Jezreel,7,Hapoel Spartak Haifa,English Wikipedia
2006/2007,2006,Liga Gimel,Jezreel,8,Hapoel Bnei Kababir,English Wikipedia
2006/2007,2006,Liga Gimel,Jezreel,9,Hapoel Umm al-Ghanam/Nein,English Wikipedia
2006/2007,2006,Liga Gimel,Jezreel,10,F.C. Kfar Kama,English Wikipedia
2006/2007,2006,Liga Gimel,Jezreel,11,Hapoel Bnei Nazareth,English Wikipedia
2006/2007,2006,Liga Gimel,Jezreel,12,Hapoel Ka'abiyye,English Wikipedia
2006/2007,2006,Liga Gimel,Jezreel,13,Beitar al-Amal Nazareth,English Wikipedia
2006/2007,2006,Liga Gimel,Jezreel,14,Hapoel Kafr Sulam,English Wikipedia
2006/2007,2006,Liga Gimel,Jezreel,15,Maccabi Bnei Ilut,English Wikipedia
2006/2007,2006,Liga Gimel,Jezreel,16,Beitar F.C. Tabash,English Wikipedia
2006/2007,2006,Liga Gimel,Samaria,1,Maccabi Ironi Barta'a,English Wikipedia
2006/2007,2006,Liga Gimel,Samaria,2,Hapoel Bnei Jisr az-Zarqa,English Wikipedia
2006/2007,2006,Liga Gimel,Samaria,3,Beitar Afula,English Wikipedia
2006/2007,2006,Liga Gimel,Samaria,4,Maccabi HaSharon Netanya,English Wikipedia
2006/2007,2006,Liga Gimel,Samaria,5,Maccabi Fureidis,English Wikipedia
2006/2007,2006,Liga Gimel,Samaria,6,Maccabi Ahi Iksal,English Wikipedia
2006/2007,2006,Liga Gimel,Samaria,7,Beitar Hadera,English Wikipedia
2006/2007,2006,Liga Gimel,Samaria,8,Maccabi Jisr az-Zarqa,English Wikipedia
2006/2007,2006,Liga Gimel,Samaria,9,Beitar Umm al-Fahm,English Wikipedia
2006/2007,2006,Liga Gimel,Samaria,10,Beitar Tubruk,English Wikipedia
2006/2007,2006,Liga Gimel,Samaria,11,Hapoel Bnei Zemer,English Wikipedia
2006/2007,2006,Liga Gimel,Samaria,12,Hapoel Bnei Musmus,English Wikipedia
2006/2007,2006,Liga Gimel,Samaria,13,Maccabi Ironi Jatt,English Wikipedia
2006/2007,2006,Liga Gimel,Samaria,14,Hapoel Muawiya,English Wikipedia
2006/2007,2006,Liga Gimel,Sharon,1,Hapoel Pardesiya,English Wikipedia
2006/2007,2006,Liga Gimel,Sharon,2,F.C. Tira,English Wikipedia
2006/2007,2006,Liga Gimel,Sharon,3,Beitar Ironi Ariel,English Wikipedia
2006/2007,2006,Liga Gimel,Sharon,4,Hapoel Aliyah Kfar Saba,English Wikipedia
2006/2007,2006,Liga Gimel,Sharon,5,F.C. Bnei Ra'anana,English Wikipedia
2006/2007,2006,Liga Gimel,Sharon,6,Hapoel Kafr Bara,English Wikipedia
2006/2007,2006,Liga Gimel,Sharon,7,Hapoel Bik'at HaYarden,English Wikipedia
2006/2007,2006,Liga Gimel,Sharon,8,Beitar Jaffa,English Wikipedia
2006/2007,2006,Liga Gimel,Sharon,9,Beitar Oranit,English Wikipedia
2006/2007,2006,Liga Gimel,Sharon,10,Hapoel Kafr Qasim Shouaa,English Wikipedia
2006/2007,2006,Liga Gimel,Sharon,11,Ironi Ariel,English Wikipedia
2006/2007,2006,Liga Gimel,Tel Aviv,1,F.C. Ironi Or Yehuda,English Wikipedia
2006/2007,2006,Liga Gimel,Tel Aviv,2,Hapoel F.C. Ortodoxim Jaffa,English Wikipedia
2006/2007,2006,Liga Gimel,Tel Aviv,3,Maccabi Ironi Or Yehuda,English Wikipedia
2006/2007,2006,Liga Gimel,Tel Aviv,4,F.C. Shikun HaMizrach,English Wikipedia
2006/2007,2006,Liga Gimel,Tel Aviv,5,Ironi Beit Dagan,English Wikipedia
2006/2007,2006,Liga Gimel,Tel Aviv,6,Hapoel Kiryat Shalom,English Wikipedia
2006/2007,2006,Liga Gimel,Tel Aviv,7,Maccabi Yehud,English Wikipedia
2006/2007,2006,Liga Gimel,Tel Aviv,8,Hapoel Neve Golan,English Wikipedia
2006/2007,2006,Liga Gimel,Tel Aviv,9,Elitzur Yehud,English Wikipedia
2006/2007,2006,Liga Gimel,Tel Aviv,10,Brit Sport Ma'of,English Wikipedia
2006/2007,2006,Liga Gimel,Tel Aviv,11,Elitzur Jaffa Tel Aviv,English Wikipedia
2006/2007,2006,Liga Gimel,Tel Aviv,12,Agudat Sport Holon,English Wikipedia
2006/2007,2006,Liga Gimel,Tel Aviv,13,Beitar Pardes Katz,English Wikipedia
2006/2007,2006,Liga Gimel,Tel Aviv,14,Beitar Ezra,English Wikipedia
2006/2007,2006,Liga Gimel,Tel Aviv,15,Maccabi Dynamo Holon,English Wikipedia
2006/2007,2006,Liga Gimel,Tel Aviv,16,Hapoel Ramla,English Wikipedia
2006/2007,2006,Liga Gimel,Upper Galilee,1,Ahi Acre,English Wikipedia
2006/2007,2006,Liga Gimel,Upper Galilee,2,F.C. Ahva Kafr Manda,English Wikipedia
2006/2007,2006,Liga Gimel,Upper Galilee,3,Hapoel Deir al-Asad,English Wikipedia
2006/2007,2006,Liga Gimel,Upper Galilee,4,Hapoel Nahariya,English Wikipedia
2006/2007,2006,Liga Gimel,Upper Galilee,5,Maccabi Bnei Nahf,English Wikipedia
2006/2007,2006,Liga Gimel,Upper Galilee,6,Maccabi Bnei Reineh,English Wikipedia
2006/2007,2006,Liga Gimel,Upper Galilee,7,Maccabi Majd al-Krum,English Wikipedia
2006/2007,2006,Liga Gimel,Upper Galilee,8,Beitar Ma'alot,English Wikipedia
2006/2007,2006,Liga Gimel,Upper Galilee,9,Hapoel Bnei Gush Halav,English Wikipedia
2006/2007,2006,Liga Gimel,Upper Galilee,10,Hapoel Rehaniya,English Wikipedia
2006/2007,2006,Liga Gimel,Upper Galilee,11,Hapoel Jatt Yanuh HaGlilit,English Wikipedia
2006/2007,2006,Liga Gimel,Upper Galilee,12,Bnei Kisra,English Wikipedia
2006/2007,2006,Liga Gimel,Upper Galilee,13,Hapoel Ironi Hatzor,English Wikipedia
2006/2007,2006,Liga Leumit,,1,Ironi Kiryat Shmona,Hebrew Wikipedia
2006/2007,2006,Liga Leumit,,2,Bnei Sakhnin,Hebrew Wikipedia
2006/2007,2006,Liga Leumit,,3,Hapoel Haifa,Hebrew Wikipedia
2006/2007,2006,Liga Leumit,,4,Hapoel Be'er Sheva,Hebrew Wikipedia
2006/2007,2006,Liga Leumit,,5,Hapoel Acre,Hebrew Wikipedia
2006/2007,2006,Liga Leumit,,6,Hapoel Ra'anana,Hebrew Wikipedia
2006/2007,2006,Liga Leumit,,7,Hapoel Nof HaGalil,Hebrew Wikipedia
2006/2007,2006,Liga Leumit,,8,Maccabi Ahi Nazareth,Hebrew Wikipedia
2006/2007,2006,Liga Leumit,,9,Ironi Nir Ramat HaSharon,Hebrew Wikipedia
2006/2007,2006,Liga Leumit,,10,Bnei Lod,Hebrew Wikipedia
2006/2007,2006,Liga Leumit,,11,Hapoel Ashkelon,Hebrew Wikipedia
2006/2007,2006,Liga Leumit,,12,Hapoel Jerusalem,Hebrew Wikipedia
2006/2007,2006,Ligat ha'Al,,1,Beitar Jerusalem,RSSSF
2006/2007,2006,Ligat ha'Al,,2,Maccabi Netanya,RSSSF
2006/2007,2006,Ligat ha'Al,,3,Maccabi Tel Aviv,RSSSF
2006/2007,2006,Ligat ha'Al,,4,Hapoel Tel Aviv,RSSSF
2006/2007,2006,Ligat ha'Al,,5,Maccabi Haifa,RSSSF
2006/2007,2006,Ligat ha'Al,,6,Maccabi Petah Tikva,RSSSF
2006/2007,2006,Ligat ha'Al,,7,Ashdod S.C.,RSSSF
2006/2007,2006,Ligat ha'Al,,8,Hapoel Kfar Saba,RSSSF
2006/2007,2006,Ligat ha'Al,,9,Bnei Yehuda Tel Aviv,RSSSF
2006/2007,2006,Ligat ha'Al,,10,Maccabi Herzliya,RSSSF
2006/2007,2006,Ligat ha'Al,,11,Hakoah Ramat Gan,RSSSF
2006/2007,2006,Ligat ha'Al,,12,Hapoel Petah Tikva,RSSSF
2007/2008,2007,Liga Alef,North,1,Hapoel Umm al-Fahm,English Wikipedia
2007/2008,2007,Liga Alef,North,2,Ironi Sayid Umm al-Fahm,English Wikipedia
2007/2008,2007,Liga Alef,North,3,Hapoel Asi Gilboa,English Wikipedia
2007/2008,2007,Liga Alef,North,4,Hapoel Ironi Herzliya,English Wikipedia
2007/2008,2007,Liga Alef,North,5,Hapoel Kafr Kanna,English Wikipedia
2007/2008,2007,Liga Alef,North,6,Beitar Safed,English Wikipedia
2007/2008,2007,Liga Alef,North,7,Maccabi Tzur Shalom,English Wikipedia
2007/2008,2007,Liga Alef,North,8,Hapoel Afula,English Wikipedia
2007/2008,2007,Liga Alef,North,9,Beitar Ihud Mashhad,English Wikipedia
2007/2008,2007,Liga Alef,North,10,Ironi Tiberias,English Wikipedia
2007/2008,2007,Liga Alef,North,11,Maccabi Ironi Shlomi/Nahariya,English Wikipedia
2007/2008,2007,Liga Alef,North,12,Beitar Haifa,English Wikipedia
2007/2008,2007,Liga Alef,North,13,Hapoel Ahva Haifa,English Wikipedia
2007/2008,2007,Liga Alef,North,14,Hapoel Makr,English Wikipedia
2007/2008,2007,Liga Alef,South,1,Maccabi Ironi Bat Yam,English Wikipedia
2007/2008,2007,Liga Alef,South,2,Hapoel Mevaseret Zion,English Wikipedia
2007/2008,2007,Liga Alef,South,3,Maccabi Ironi Kfar Yona,English Wikipedia
2007/2008,2007,Liga Alef,South,4,Maccabi Be'er Sheva,English Wikipedia
2007/2008,2007,Liga Alef,South,5,Maccabi Yavne,English Wikipedia
2007/2008,2007,Liga Alef,South,6,Beitar Kfar Saba,English Wikipedia
2007/2008,2007,Liga Alef,South,7,Hapoel Nahlat Yehuda,English Wikipedia
2007/2008,2007,Liga Alef,South,8,Maccabi Kiryat Malakhi,English Wikipedia
2007/2008,2007,Liga Alef,South,9,Maccabi Ironi Netivot,English Wikipedia
2007/2008,2007,Liga Alef,South,10,Ironi Ramla,English Wikipedia
2007/2008,2007,Liga Alef,South,11,Maccabi Kiryat Gat,English Wikipedia
2007/2008,2007,Liga Alef,South,12,Hapoel Holon,English Wikipedia
2007/2008,2007,Liga Alef,South,13,Maccabi Ironi Amishav Petah Tikva,English Wikipedia
2007/2008,2007,Liga Alef,South,14,Ironi Ofakim,English Wikipedia
2007/2008,2007,Liga Artzit,,1,Hapoel Jerusalem,English Wikipedia
2007/2008,2007,Liga Artzit,,2,Maccabi Ironi Kiryat Ata,English Wikipedia
2007/2008,2007,Liga Artzit,,3,Hapoel Bnei Jadeidi,English Wikipedia
2007/2008,2007,Liga Artzit,,4,Hapoel Ashkelon,English Wikipedia
2007/2008,2007,Liga Artzit,,5,Maccabi Kafr Kanna,English Wikipedia
2007/2008,2007,Liga Artzit,,6,Hapoel Bnei Tamra,English Wikipedia
2007/2008,2007,Liga Artzit,,7,Sektzia Nes Tziona,English Wikipedia
2007/2008,2007,Liga Artzit,,8,Hapoel Marmorek,English Wikipedia
2007/2008,2007,Liga Artzit,,9,Beitar Tel Aviv,English Wikipedia
2007/2008,2007,Liga Artzit,,10,Maccabi Ironi Tirat HaCarmel,English Wikipedia
2007/2008,2007,Liga Artzit,,11,Maccabi HaShikma Hen,English Wikipedia
2007/2008,2007,Liga Artzit,,12,Hapoel Kfar Shalem,English Wikipedia
2007/2008,2007,Liga Bet,North A,1,Ahva Arraba,English Wikipedia
2007/2008,2007,Liga Bet,North A,2,Maccabi Tamra,English Wikipedia
2007/2008,2007,Liga Bet,North A,3,Maccabi Sektzia Ma'alot-Tarshiha,English Wikipedia
2007/2008,2007,Liga Bet,North A,4,Hapoel Ihud Bnei Sumei,English Wikipedia
2007/2008,2007,Liga Bet,North A,5,Hapoel Halat el-Sharif Tamra,English Wikipedia
2007/2008,2007,Liga Bet,North A,6,Ahi Acre,English Wikipedia
2007/2008,2007,Liga Bet,North A,7,Bnei Abu Snan,English Wikipedia
2007/2008,2007,Liga Bet,North A,8,Maccabi Ironi Kabul,English Wikipedia
2007/2008,2007,Liga Bet,North A,9,Maccabi Kafr Sumei,English Wikipedia
2007/2008,2007,Liga Bet,North A,10,Maccabi Sha'ab,English Wikipedia
2007/2008,2007,Liga Bet,North A,11,Hapoel Karmiel,English Wikipedia
2007/2008,2007,Liga Bet,North A,12,Maccabi Bi'ina,English Wikipedia
2007/2008,2007,Liga Bet,North A,13,Hapoel Sakhnin,English Wikipedia
2007/2008,2007,Liga Bet,North A,14,F.C. Ahva Kafr Manda,English Wikipedia
2007/2008,2007,Liga Bet,North A,15,Maccabi Kafr Yasif,English Wikipedia
2007/2008,2007,Liga Bet,North A,16,Hapoel Yanuh,English Wikipedia
2007/2008,2007,Liga Bet,North B,1,Maccabi Kafr Qara,English Wikipedia
2007/2008,2007,Liga Bet,North B,2,Hapoel Iksal,English Wikipedia
2007/2008,2007,Liga Bet,North B,3,Hapoel Migdal HaEmek,English Wikipedia
2007/2008,2007,Liga Bet,North B,4,Hapoel Daliyat al-Karmel,English Wikipedia
2007/2008,2007,Liga Bet,North B,5,Maccabi Beit She'an,English Wikipedia
2007/2008,2007,Liga Bet,North B,6,Maccabi Umm al-Fahm,English Wikipedia
2007/2008,2007,Liga Bet,North B,7,F.C. Tzeirei Bir al-Maksur,English Wikipedia
2007/2008,2007,Liga Bet,North B,8,Ihud Bnei Baka,English Wikipedia
2007/2008,2007,Liga Bet,North B,9,Maccabi Tur'an,English Wikipedia
2007/2008,2007,Liga Bet,North B,10,Hapoel Isfiya,English Wikipedia
2007/2008,2007,Liga Bet,North B,11,Maccabi Ironi Barta'a,English Wikipedia
2007/2008,2007,Liga Bet,North B,12,Beitar Kafr Kanna,English Wikipedia
2007/2008,2007,Liga Bet,North B,13,Hapoel Ironi Ar'ara,English Wikipedia
2007/2008,2007,Liga Bet,North B,14,Hapoel Beit She'an,English Wikipedia
2007/2008,2007,Liga Bet,North B,15,Hapoel Yokneam,English Wikipedia
2007/2008,2007,Liga Bet,North B,16,Maccabi Or Akiva,English Wikipedia
2007/2008,2007,Liga Bet,South A,1,Hapoel Hadera,English Wikipedia
2007/2008,2007,Liga Bet,South A,2,Hapoel Mahane Yehuda,English Wikipedia
2007/2008,2007,Liga Bet,South A,3,Hapoel Azor,English Wikipedia
2007/2008,2007,Liga Bet,South A,4,Shimshon Bnei Tayibe,English Wikipedia
2007/2008,2007,Liga Bet,South A,5,F.C. Ironi Or Yehuda,English Wikipedia
2007/2008,2007,Liga Bet,South A,6,Beitar Ramat Gan,English Wikipedia
2007/2008,2007,Liga Bet,South A,7,Hapoel Pardesiya,English Wikipedia
2007/2008,2007,Liga Bet,South A,8,F.C. Kafr Qasim,English Wikipedia
2007/2008,2007,Liga Bet,South A,9,Hapoel Ramat Israel,English Wikipedia
2007/2008,2007,Liga Bet,South A,10,Hapoel Hod HaSharon,English Wikipedia
2007/2008,2007,Liga Bet,South A,11,Shikun Vatikim Ramat Gan,English Wikipedia
2007/2008,2007,Liga Bet,South A,12,Hapoel F.C. Ortodoxim Jaffa,English Wikipedia
2007/2008,2007,Liga Bet,South A,13,Maccabi Jaffa,English Wikipedia
2007/2008,2007,Liga Bet,South A,14,Otzma F.C. Holon,English Wikipedia
2007/2008,2007,Liga Bet,South A,15,Beitar Pardes Hanna,English Wikipedia
2007/2008,2007,Liga Bet,South A,16,Hapoel Qalansawe,English Wikipedia
2007/2008,2007,Liga Bet,South B,1,Hapoel Masos/Segev Shalom,English Wikipedia
2007/2008,2007,Liga Bet,South B,2,Hapoel Arad,English Wikipedia
2007/2008,2007,Liga Bet,South B,3,F.C. Dimona,English Wikipedia
2007/2008,2007,Liga Bet,South B,4,Maccabi Be'er Ya'akov,English Wikipedia
2007/2008,2007,Liga Bet,South B,5,Bnei Eilat,English Wikipedia
2007/2008,2007,Liga Bet,South B,6,Maccabi Sha'arayim,English Wikipedia
2007/2008,2007,Liga Bet,South B,7,Beitar Giv'at Ze'ev,English Wikipedia
2007/2008,2007,Liga Bet,South B,8,Beitar Ironi Ma'ale Adumim,English Wikipedia
2007/2008,2007,Liga Bet,South B,9,Mo'adon Tzeirei Rahat,English Wikipedia
2007/2008,2007,Liga Bet,South B,10,F.C. Be'er Sheva,English Wikipedia
2007/2008,2007,Liga Bet,South B,11,Hapoel Merhavim,English Wikipedia
2007/2008,2007,Liga Bet,South B,12,Hapoel Tirat Shalom,English Wikipedia
2007/2008,2007,Liga Bet,South B,13,Maccabi Ironi Sderot,English Wikipedia
2007/2008,2007,Liga Bet,South B,14,Hapoel Jaljulia,English Wikipedia
2007/2008,2007,Liga Bet,South B,15,Hapoel Tel Sheva,English Wikipedia
2007/2008,2007,Liga Bet,South B,16,Hapoel Oranit,English Wikipedia
2007/2008,2007,Liga Gimel,Central,1,Hapoel F.C. Ortodoxim Lod,English Wikipedia
2007/2008,2007,Liga Gimel,Central,2,F.C. Shikun HaMizrach,English Wikipedia
2007/2008,2007,Liga Gimel,Central,3,Hapoel F.C. Hevel Modi'in,English Wikipedia
2007/2008,2007,Liga Gimel,Central,4,Hapoel Hura,English Wikipedia
2007/2008,2007,Liga Gimel,Central,5,Hapoel Rahat,English Wikipedia
2007/2008,2007,Liga Gimel,Central,6,Beitar Ashkelon,English Wikipedia
2007/2008,2007,Liga Gimel,Central,7,Tzeirei Al-Huzeil,English Wikipedia
2007/2008,2007,Liga Gimel,Central,8,Ironi Beit Shemesh,English Wikipedia
2007/2008,2007,Liga Gimel,Central,9,Bnei Yichalel Rehovot,English Wikipedia
2007/2008,2007,Liga Gimel,Central,10,Maccabi Lod,English Wikipedia
2007/2008,2007,Liga Gimel,Central,11,Maccabi Kiryat Ekron,English Wikipedia
2007/2008,2007,Liga Gimel,Central,12,F.C. Rishon LeZion,English Wikipedia
2007/2008,2007,Liga Gimel,Central,13,Maccabi Rehovot,English Wikipedia
2007/2008,2007,Liga Gimel,Central,14,Hapoel Bnei Beit Safafa,English Wikipedia
2007/2008,2007,Liga Gimel,Jezreel,1,Hapoel Umm al-Ghanam/Nein,English Wikipedia
2007/2008,2007,Liga Gimel,Jezreel,2,Hapoel Ramot Menashe Megiddo,English Wikipedia
2007/2008,2007,Liga Gimel,Jezreel,3,Hapoel Shefa-'Amr,English Wikipedia
2007/2008,2007,Liga Gimel,Jezreel,4,Maccabi Nazareth Illit,English Wikipedia
2007/2008,2007,Liga Gimel,Jezreel,5,Hapoel Kafr Sulam,English Wikipedia
2007/2008,2007,Liga Gimel,Jezreel,6,Beitar Afula,English Wikipedia
2007/2008,2007,Liga Gimel,Jezreel,7,F.C. Kfar Kama,English Wikipedia
2007/2008,2007,Liga Gimel,Jezreel,8,Hapoel Tel Hanan,English Wikipedia
2007/2008,2007,Liga Gimel,Jezreel,9,Hapoel al-Ittihad Nazareth,English Wikipedia
2007/2008,2007,Liga Gimel,Jezreel,10,Hapoel Spartak Haifa,English Wikipedia
2007/2008,2007,Liga Gimel,Jezreel,11,Maccabi Bnei Ilut,English Wikipedia
2007/2008,2007,Liga Gimel,Jezreel,12,Maccabi Daliyat al-Karmel,English Wikipedia
2007/2008,2007,Liga Gimel,Jezreel,13,Beitar F.C. Tabash,English Wikipedia
2007/2008,2007,Liga Gimel,Jezreel,14,Hapoel Bnei Nazareth,English Wikipedia
2007/2008,2007,Liga Gimel,Jezreel,15,Hapoel Ka'abiyye,English Wikipedia
2007/2008,2007,Liga Gimel,Jezreel,16,Beitar al-Amal Nazareth,English Wikipedia
2007/2008,2007,Liga Gimel,Samaria,1,Maccabi Ironi Jatt,English Wikipedia
2007/2008,2007,Liga Gimel,Samaria,2,Hapoel Bnei Jisr az-Zarqa,English Wikipedia
2007/2008,2007,Liga Gimel,Samaria,3,Maccabi Ahi Iksal,English Wikipedia
2007/2008,2007,Liga Gimel,Samaria,4,Hapoel Bnei Musmus,English Wikipedia
2007/2008,2007,Liga Gimel,Samaria,5,F.C. Bnei Qalansawe,English Wikipedia
2007/2008,2007,Liga Gimel,Samaria,6,Maccabi Fureidis,English Wikipedia
2007/2008,2007,Liga Gimel,Samaria,7,Maccabi Neve Sha'anan Eldad,English Wikipedia
2007/2008,2007,Liga Gimel,Samaria,8,Hapoel Bnei Zemer,English Wikipedia
2007/2008,2007,Liga Gimel,Samaria,9,Hapoel Muawiya,English Wikipedia
2007/2008,2007,Liga Gimel,Samaria,10,Maccabi Jisr az-Zarqa,English Wikipedia
2007/2008,2007,Liga Gimel,Samaria,11,Beitar Hadera,English Wikipedia
2007/2008,2007,Liga Gimel,Samaria,12,Beitar Umm al-Fahm,English Wikipedia
2007/2008,2007,Liga Gimel,Sharon,1,Maccabi HaSharon Netanya,English Wikipedia
2007/2008,2007,Liga Gimel,Sharon,2,F.C. Bnei Ra'anana,English Wikipedia
2007/2008,2007,Liga Gimel,Sharon,3,Beitar Petah Tikva,English Wikipedia
2007/2008,2007,Liga Gimel,Sharon,4,Maccabi Bnei Jaljulia,English Wikipedia
2007/2008,2007,Liga Gimel,Sharon,5,Ironi Ariel,English Wikipedia
2007/2008,2007,Liga Gimel,Sharon,6,F.C. Tel Mond,English Wikipedia
2007/2008,2007,Liga Gimel,Sharon,7,Hapoel Kafr Qasim Shouaa,English Wikipedia
2007/2008,2007,Liga Gimel,Sharon,8,Hapoel Aliyah Kfar Saba,English Wikipedia
2007/2008,2007,Liga Gimel,Sharon,9,Beitar Ironi Ariel,English Wikipedia
2007/2008,2007,Liga Gimel,Sharon,10,Beitar Oranit,English Wikipedia
2007/2008,2007,Liga Gimel,Sharon,11,Hapoel Kafr Bara,English Wikipedia
2007/2008,2007,Liga Gimel,Sharon,12,F.C. Tira,English Wikipedia
2007/2008,2007,Liga Gimel,Sharon,13,Hapoel Bik'at HaYarden,English Wikipedia
2007/2008,2007,Liga Gimel,Sharon,14,Beitar Tubruk,English Wikipedia
2007/2008,2007,Liga Gimel,Tel Aviv,1,Maccabi Ironi Or Yehuda,English Wikipedia
2007/2008,2007,Liga Gimel,Tel Aviv,2,Hapoel Kiryat Ono,English Wikipedia
2007/2008,2007,Liga Gimel,Tel Aviv,3,Ironi Beit Dagan,English Wikipedia
2007/2008,2007,Liga Gimel,Tel Aviv,4,Hapoel Kiryat Shalom,English Wikipedia
2007/2008,2007,Liga Gimel,Tel Aviv,5,Hapoel Ihud Bnei Jaffa,English Wikipedia
2007/2008,2007,Liga Gimel,Tel Aviv,6,Bnei Yehud,English Wikipedia
2007/2008,2007,Liga Gimel,Tel Aviv,7,Beitar Jaffa,English Wikipedia
2007/2008,2007,Liga Gimel,Tel Aviv,8,Hapoel Neve Golan,English Wikipedia
2007/2008,2007,Liga Gimel,Tel Aviv,9,Agudat Sport Holon,English Wikipedia
2007/2008,2007,Liga Gimel,Tel Aviv,10,Maccabi Dynamo Holon,English Wikipedia
2007/2008,2007,Liga Gimel,Tel Aviv,11,Elitzur Jaffa Tel Aviv,English Wikipedia
2007/2008,2007,Liga Gimel,Tel Aviv,12,Elitzur Yehud,English Wikipedia
2007/2008,2007,Liga Gimel,Tel Aviv,13,Hapoel Ramla,English Wikipedia
2007/2008,2007,Liga Gimel,Tel Aviv,14,Brit Sport Ma'of,English Wikipedia
2007/2008,2007,Liga Gimel,Tel Aviv,15,Beitar Ezra,English Wikipedia
2007/2008,2007,Liga Gimel,Upper Galilee,1,Hapoel Kaukab,English Wikipedia
2007/2008,2007,Liga Gimel,Upper Galilee,2,Beitar Nahariya,English Wikipedia
2007/2008,2007,Liga Gimel,Upper Galilee,3,Hapoel Deir al-Asad,English Wikipedia
2007/2008,2007,Liga Gimel,Upper Galilee,4,Hapoel Nahariya,English Wikipedia
2007/2008,2007,Liga Gimel,Upper Galilee,5,Hapoel Bnei Gush Halav,English Wikipedia
2007/2008,2007,Liga Gimel,Upper Galilee,6,Beitar Abu Snan,English Wikipedia
2007/2008,2007,Liga Gimel,Upper Galilee,7,Maccabi Ein Mahil,English Wikipedia
2007/2008,2007,Liga Gimel,Upper Galilee,8,Bnei Hurfeish,English Wikipedia
2007/2008,2007,Liga Gimel,Upper Galilee,9,Hapoel Kisra,English Wikipedia
2007/2008,2007,Liga Gimel,Upper Galilee,10,Beitar Makr,English Wikipedia
2007/2008,2007,Liga Gimel,Upper Galilee,11,Beitar Ma'alot,English Wikipedia
2007/2008,2007,Liga Gimel,Upper Galilee,12,Ironi Bnei Kabul,English Wikipedia
2007/2008,2007,Liga Gimel,Upper Galilee,13,Hapoel Ironi Hatzor,English Wikipedia
2007/2008,2007,Liga Gimel,Upper Galilee,14,Maccabi Bnei Reineh,English Wikipedia
2007/2008,2007,Liga Gimel,Upper Galilee,15,Hapoel Jatt Yanuh HaGlilit,English Wikipedia
2007/2008,2007,Liga Leumit,,1,Hakoah Ramat Gan,Hebrew Wikipedia
2007/2008,2007,Liga Leumit,,2,Hapoel Petah Tikva,Hebrew Wikipedia
2007/2008,2007,Liga Leumit,,3,Hapoel Haifa,Hebrew Wikipedia
2007/2008,2007,Liga Leumit,,4,Hapoel Be'er Sheva,Hebrew Wikipedia
2007/2008,2007,Liga Leumit,,5,Bnei Lod,Hebrew Wikipedia
2007/2008,2007,Liga Leumit,,6,Hapoel Ramat Gan,Hebrew Wikipedia
2007/2008,2007,Liga Leumit,,7,Hapoel Ra'anana,Hebrew Wikipedia
2007/2008,2007,Liga Leumit,,8,Ironi Nir Ramat HaSharon,Hebrew Wikipedia
2007/2008,2007,Liga Leumit,,9,Maccabi Ahi Nazareth,Hebrew Wikipedia
2007/2008,2007,Liga Leumit,,10,Hapoel Acre,Hebrew Wikipedia
2007/2008,2007,Liga Leumit,,11,Hapoel Rishon LeZion,Hebrew Wikipedia
2007/2008,2007,Liga Leumit,,12,Hapoel Nof HaGalil,Hebrew Wikipedia
2007/2008,2007,Ligat ha'Al,,1,Beitar Jerusalem,RSSSF
2007/2008,2007,Ligat ha'Al,,2,Maccabi Netanya,RSSSF
2007/2008,2007,Ligat ha'Al,,3,Ironi Kiryat Shmona,RSSSF
2007/2008,2007,Ligat ha'Al,,4,Bnei Sakhnin,RSSSF
2007/2008,2007,Ligat ha'Al,,5,Maccabi Haifa,RSSSF
2007/2008,2007,Ligat ha'Al,,6,Maccabi Tel Aviv,RSSSF
2007/2008,2007,Ligat ha'Al,,7,Hapoel Tel Aviv,RSSSF
2007/2008,2007,Ligat ha'Al,,8,Ashdod S.C.,RSSSF
2007/2008,2007,Ligat ha'Al,,9,Bnei Yehuda Tel Aviv,RSSSF
2007/2008,2007,Ligat ha'Al,,10,Maccabi Petah Tikva,RSSSF
2007/2008,2007,Ligat ha'Al,,11,Hapoel Kfar Saba,RSSSF
2007/2008,2007,Ligat ha'Al,,12,Maccabi Herzliya,RSSSF
2008/2009,2008,Liga Alef,North,1,Ahva Arraba,English Wikipedia
2008/2009,2008,Liga Alef,North,2,Hapoel Asi Gilboa,English Wikipedia
2008/2009,2008,Liga Alef,North,3,Hapoel Ironi Herzliya,English Wikipedia
2008/2009,2008,Liga Alef,North,4,Hapoel Kafr Kanna,English Wikipedia
2008/2009,2008,Liga Alef,North,5,Ironi Tiberias,English Wikipedia
2008/2009,2008,Liga Alef,North,6,Maccabi HaShikma Hen,English Wikipedia
2008/2009,2008,Liga Alef,North,7,Beitar Safed,English Wikipedia
2008/2009,2008,Liga Alef,North,8,Maccabi Tamra,English Wikipedia
2008/2009,2008,Liga Alef,North,9,Maccabi Tzur Shalom,English Wikipedia
2008/2009,2008,Liga Alef,North,10,Ironi Sayid Umm al-Fahm,English Wikipedia
2008/2009,2008,Liga Alef,North,11,Hapoel Afula,English Wikipedia
2008/2009,2008,Liga Alef,North,12,Maccabi Kafr Qara,English Wikipedia
2008/2009,2008,Liga Alef,North,13,Maccabi Ironi Shlomi/Nahariya,English Wikipedia
2008/2009,2008,Liga Alef,North,14,Beitar Ihud Mashhad,English Wikipedia
2008/2009,2008,Liga Alef,South,1,Maccabi Be'er Sheva,English Wikipedia
2008/2009,2008,Liga Alef,South,2,Maccabi Ironi Netivot,English Wikipedia
2008/2009,2008,Liga Alef,South,3,Maccabi Yavne,English Wikipedia
2008/2009,2008,Liga Alef,South,4,Hapoel Hadera,English Wikipedia
2008/2009,2008,Liga Alef,South,5,Maccabi Kiryat Gat,English Wikipedia
2008/2009,2008,Liga Alef,South,6,Maccabi Kiryat Malakhi,English Wikipedia
2008/2009,2008,Liga Alef,South,7,Hapoel Mevaseret Zion,English Wikipedia
2008/2009,2008,Liga Alef,South,8,Hapoel Kfar Shalem,English Wikipedia
2008/2009,2008,Liga Alef,South,9,Maccabi Ironi Kfar Yona,English Wikipedia
2008/2009,2008,Liga Alef,South,10,Hapoel Arad,English Wikipedia
2008/2009,2008,Liga Alef,South,11,Beitar Kfar Saba,English Wikipedia
2008/2009,2008,Liga Alef,South,12,Hapoel Nahlat Yehuda,English Wikipedia
2008/2009,2008,Liga Alef,South,13,Ironi Ramla,English Wikipedia
2008/2009,2008,Liga Alef,South,14,Hapoel Masos/Segev Shalom,English Wikipedia
2008/2009,2008,Liga Artzit,,1,Sektzia Nes Tziona,RSSSF
2008/2009,2008,Liga Artzit,,2,Hapoel Ashkelon,RSSSF
2008/2009,2008,Liga Artzit,,3,Hapoel Marmorek,RSSSF
2008/2009,2008,Liga Artzit,,4,Hapoel Rishon LeZion,RSSSF
2008/2009,2008,Liga Artzit,,5,Ironi Bat Yam,RSSSF
2008/2009,2008,Liga Artzit,,5,Maccabi Ironi Bat Yam,English Wikipedia
2008/2009,2008,Liga Artzit,,6,Beitar Tel Aviv,RSSSF
2008/2009,2008,Liga Artzit,,7,Hapoel Nof HaGalil,RSSSF
2008/2009,2008,Liga Artzit,,8,Maccabi Kafr Kanna,RSSSF
2008/2009,2008,Liga Artzit,,9,Hapoel Bnei Tamra,RSSSF
2008/2009,2008,Liga Artzit,,10,Hapoel Umm al-Fahm,RSSSF
2008/2009,2008,Liga Artzit,,11,Hapoel Bnei Jadida,RSSSF
2008/2009,2008,Liga Artzit,,11,Hapoel Bnei Jadeidi,English Wikipedia
2008/2009,2008,Liga Artzit,,12,Maccabi Tirat Carmel,RSSSF
2008/2009,2008,Liga Artzit,,12,Maccabi Ironi Tirat HaCarmel,English Wikipedia
2008/2009,2008,Liga Bet,North A,1,Maccabi Ironi Jatt,English Wikipedia
2008/2009,2008,Liga Bet,North A,2,Hapoel Ahva Haifa,English Wikipedia
2008/2009,2008,Liga Bet,North A,3,Hapoel Ihud Bnei Sumei,English Wikipedia
2008/2009,2008,Liga Bet,North A,4,Hapoel Sakhnin,English Wikipedia
2008/2009,2008,Liga Bet,North A,5,Hapoel Ramot Menashe Megiddo,English Wikipedia
2008/2009,2008,Liga Bet,North A,6,F.C. Tzeirei Bir al-Maksur,English Wikipedia
2008/2009,2008,Liga Bet,North A,7,Hapoel Kaukab,English Wikipedia
2008/2009,2008,Liga Bet,North A,8,Hapoel Isfiya,English Wikipedia
2008/2009,2008,Liga Bet,North A,9,Beitar Nahariya,English Wikipedia
2008/2009,2008,Liga Bet,North A,10,Hapoel Ironi Ar'ara,English Wikipedia
2008/2009,2008,Liga Bet,North A,11,Hapoel Iksal,English Wikipedia
2008/2009,2008,Liga Bet,North A,12,Ahi Acre,English Wikipedia
2008/2009,2008,Liga Bet,North A,13,Hapoel Karmiel,English Wikipedia
2008/2009,2008,Liga Bet,North A,14,Hapoel Beit She'an,English Wikipedia
2008/2009,2008,Liga Bet,North A,15,Bnei Abu Snan,English Wikipedia
2008/2009,2008,Liga Bet,North A,16,Beitar Kafr Kana,English Wikipedia
2008/2009,2008,Liga Bet,North B,1,Maccabi Umm al-Fahm,English Wikipedia
2008/2009,2008,Liga Bet,North B,2,Hapoel Daliyat al-Karmel,English Wikipedia
2008/2009,2008,Liga Bet,North B,3,Beitar Haifa,English Wikipedia
2008/2009,2008,Liga Bet,North B,4,Hapoel Migdal HaEmek,English Wikipedia
2008/2009,2008,Liga Bet,North B,5,Hapoel Umm al-Ghanam/Nein,English Wikipedia
2008/2009,2008,Liga Bet,North B,6,F.C. Ahva Kafr Manda,English Wikipedia
2008/2009,2008,Liga Bet,North B,7,Maccabi Ironi Kabul,English Wikipedia
2008/2009,2008,Liga Bet,North B,8,Hapoel Halat el-Sharif Tamra,English Wikipedia
2008/2009,2008,Liga Bet,North B,9,Maccabi Beit She'an,English Wikipedia
2008/2009,2008,Liga Bet,North B,10,Ihud Bnei Baka,English Wikipedia
2008/2009,2008,Liga Bet,North B,11,Maccabi Ironi Barta'a,English Wikipedia
2008/2009,2008,Liga Bet,North B,12,Maccabi Sektzia Ma'alot-Tarshiha,English Wikipedia
2008/2009,2008,Liga Bet,North B,13,Hapoel Nahariya,English Wikipedia
2008/2009,2008,Liga Bet,North B,14,Maccabi Kafr Sumei,English Wikipedia
2008/2009,2008,Liga Bet,North B,15,Hapoel Deir el-Asad,English Wikipedia
2008/2009,2008,Liga Bet,North B,16,Maccabi Sha'ab,English Wikipedia
2008/2009,2008,Liga Bet,South A,1,Shimshon Bnei Tayibe,English Wikipedia
2008/2009,2008,Liga Bet,South A,2,Maccabi Ironi Amishav Petah Tikva,English Wikipedia
2008/2009,2008,Liga Bet,South A,3,Hapoel Azor,English Wikipedia
2008/2009,2008,Liga Bet,South A,4,Hapoel Mahane Yehuda,English Wikipedia
2008/2009,2008,Liga Bet,South A,5,F.C. Ironi Or Yehuda,English Wikipedia
2008/2009,2008,Liga Bet,South A,6,Otzma F.C. Holon,English Wikipedia
2008/2009,2008,Liga Bet,South A,7,F.C. Bnei Jaffa,English Wikipedia
2008/2009,2008,Liga Bet,South A,8,F.C. Kafr Qasim,English Wikipedia
2008/2009,2008,Liga Bet,South A,9,Hapoel Pardesiya,English Wikipedia
2008/2009,2008,Liga Bet,South A,10,Shikun Vatikim Ramat Gan,English Wikipedia
2008/2009,2008,Liga Bet,South A,11,Hapoel F.C. Ortodoxim Jaffa,English Wikipedia
2008/2009,2008,Liga Bet,South A,12,Beitar Ramat Gan,English Wikipedia
2008/2009,2008,Liga Bet,South A,13,Hapoel Ramat Israel,English Wikipedia
2008/2009,2008,Liga Bet,South A,14,Maccabi HaSharon Netanya,English Wikipedia
2008/2009,2008,Liga Bet,South A,15,Hapoel Hod HaSharon,English Wikipedia
2008/2009,2008,Liga Bet,South A,16,Maccabi Ironi Or Yehuda,English Wikipedia
2008/2009,2008,Liga Bet,South B,1,Hapoel Holon,English Wikipedia
2008/2009,2008,Liga Bet,South B,2,Maccabi Ironi Sderot,English Wikipedia
2008/2009,2008,Liga Bet,South B,3,Bnei Eilat,English Wikipedia
2008/2009,2008,Liga Bet,South B,4,F.C. Dimona,English Wikipedia
2008/2009,2008,Liga Bet,South B,5,Beitar Ironi Ma'ale Adumim,English Wikipedia
2008/2009,2008,Liga Bet,South B,6,Maccabi Be'er Ya'akov,English Wikipedia
2008/2009,2008,Liga Bet,South B,7,Beitar Giv'at Ze'ev,English Wikipedia
2008/2009,2008,Liga Bet,South B,8,F.C. Be'er Sheva,English Wikipedia
2008/2009,2008,Liga Bet,South B,9,F.C. Shikun HaMizrach,English Wikipedia
2008/2009,2008,Liga Bet,South B,10,Hapoel Merhavim,English Wikipedia
2008/2009,2008,Liga Bet,South B,11,Maccabi Sha'arayim,English Wikipedia
2008/2009,2008,Liga Bet,South B,12,Hapoel F.C. Ortodoxim Lod,English Wikipedia
2008/2009,2008,Liga Bet,South B,13,Hapoel Tirat Shalom,English Wikipedia
2008/2009,2008,Liga Bet,South B,14,Mo'adon Tzeirei Rahat,English Wikipedia
2008/2009,2008,Liga Bet,South B,15,Hapoel F.C. Hevel Modi'in,English Wikipedia
2008/2009,2008,Liga Bet,South B,16,Hapoel Jaljulia,English Wikipedia
2008/2009,2008,Liga Gimel,Central,1,F.C. Kiryat Gat,English Wikipedia
2008/2009,2008,Liga Gimel,Central,2,Hapoel Rahat,English Wikipedia
2008/2009,2008,Liga Gimel,Central,3,Bnei Yichalel Rehovot,English Wikipedia
2008/2009,2008,Liga Gimel,Central,4,Tzeirei Al-Huzeil,English Wikipedia
2008/2009,2008,Liga Gimel,Central,5,Beitar Ashkelon,English Wikipedia
2008/2009,2008,Liga Gimel,Central,6,Beitar Jaffa,English Wikipedia
2008/2009,2008,Liga Gimel,Central,7,Hapoel Matzliah,English Wikipedia
2008/2009,2008,Liga Gimel,Central,8,Ironi Beit Shemesh,English Wikipedia
2008/2009,2008,Liga Gimel,Central,9,Hapoel Hura,English Wikipedia
2008/2009,2008,Liga Gimel,Central,10,Maccabi Rehovot,English Wikipedia
2008/2009,2008,Liga Gimel,Central,11,Maccabi Segev Shalom,English Wikipedia
2008/2009,2008,Liga Gimel,Central,12,Hapoel Tel Sheva,English Wikipedia
2008/2009,2008,Liga Gimel,Central,13,Hapoel Bnei Beit Safafa,English Wikipedia
2008/2009,2008,Liga Gimel,Central,14,F.C. Rishon LeZion,English Wikipedia
2008/2009,2008,Liga Gimel,Jezreel,1,Maccabi Ahi Iksal,English Wikipedia
2008/2009,2008,Liga Gimel,Jezreel,2,Hapoel Bnei Musmus,English Wikipedia
2008/2009,2008,Liga Gimel,Jezreel,3,Maccabi Nazareth Illit,English Wikipedia
2008/2009,2008,Liga Gimel,Jezreel,4,F.C. Kfar Kama,English Wikipedia
2008/2009,2008,Liga Gimel,Jezreel,5,F.C. Daburiyya,English Wikipedia
2008/2009,2008,Liga Gimel,Jezreel,6,Hapoel al-Ittihad Nazareth,English Wikipedia
2008/2009,2008,Liga Gimel,Jezreel,7,Hapoel Bnei Nazareth,English Wikipedia
2008/2009,2008,Liga Gimel,Jezreel,8,Beitar Afula,English Wikipedia
2008/2009,2008,Liga Gimel,Jezreel,9,Beitar Umm al-Fahm,English Wikipedia
2008/2009,2008,Liga Gimel,Jezreel,10,Maccabi Bnei Ilut,English Wikipedia
2008/2009,2008,Liga Gimel,Jezreel,11,Hapoel Ka'abiyye,English Wikipedia
2008/2009,2008,Liga Gimel,Jezreel,12,Hapoel Manshiya Zabda,English Wikipedia
2008/2009,2008,Liga Gimel,Jezreel,13,Beitar el-Amal Nazareth,English Wikipedia
2008/2009,2008,Liga Gimel,Samaria,1,Maccabi Or Akiva,English Wikipedia
2008/2009,2008,Liga Gimel,Samaria,2,Hapoel Bnei Jisr az-Zarqa,English Wikipedia
2008/2009,2008,Liga Gimel,Samaria,3,Maccabi Daliyat al-Karmel,English Wikipedia
2008/2009,2008,Liga Gimel,Samaria,4,Hapoel Spartak Haifa,English Wikipedia
2008/2009,2008,Liga Gimel,Samaria,5,Maccabi Neve Sha'anan Eldad,English Wikipedia
2008/2009,2008,Liga Gimel,Samaria,6,Hapoel Bnei Zemer,English Wikipedia
2008/2009,2008,Liga Gimel,Samaria,7,Hapoel Yokneam,English Wikipedia
2008/2009,2008,Liga Gimel,Samaria,8,Hapoel Tel Hanan,English Wikipedia
2008/2009,2008,Liga Gimel,Samaria,9,Beitar Pardes Hanna,English Wikipedia
2008/2009,2008,Liga Gimel,Samaria,10,F.C. Kiryat Yam,English Wikipedia
2008/2009,2008,Liga Gimel,Samaria,11,Maccabi Jisr az-Zarqa,English Wikipedia
2008/2009,2008,Liga Gimel,Samaria,12,Maccabi Fureidis,English Wikipedia
2008/2009,2008,Liga Gimel,Samaria,13,Beitar Hadera,English Wikipedia
2008/2009,2008,Liga Gimel,Sharon,1,Beitar Petah Tikva,English Wikipedia
2008/2009,2008,Liga Gimel,Sharon,2,Hapoel Bik'at HaYarden,English Wikipedia
2008/2009,2008,Liga Gimel,Sharon,3,F.C. Ariel,English Wikipedia
2008/2009,2008,Liga Gimel,Sharon,4,F.C. Bnei Ra'anana,English Wikipedia
2008/2009,2008,Liga Gimel,Sharon,5,F.C. Tzeirei Tayibe,English Wikipedia
2008/2009,2008,Liga Gimel,Sharon,6,Ahva Tayibe,English Wikipedia
2008/2009,2008,Liga Gimel,Sharon,7,F.C. Tel Mond,English Wikipedia
2008/2009,2008,Liga Gimel,Sharon,8,Maccabi Bnei Jaljulia,English Wikipedia
2008/2009,2008,Liga Gimel,Sharon,9,Hapoel Aliyah Kfar Saba,English Wikipedia
2008/2009,2008,Liga Gimel,Sharon,10,F.C. Bnei Qalansawe,English Wikipedia
2008/2009,2008,Liga Gimel,Sharon,11,F.C. Tira,English Wikipedia
2008/2009,2008,Liga Gimel,Sharon,12,Beitar Tubruk,English Wikipedia
2008/2009,2008,Liga Gimel,Sharon,13,Beitar Ariel,English Wikipedia
2008/2009,2008,Liga Gimel,Sharon,14,Hapoel Kafr Qasim Shouaa,English Wikipedia
2008/2009,2008,Liga Gimel,Sharon,15,Hapoel Kafr Bara,English Wikipedia
2008/2009,2008,Liga Gimel,Sharon,16,Beitar Oranit,English Wikipedia
2008/2009,2008,Liga Gimel,Tel Aviv,1,Maccabi Jaffa,English Wikipedia
2008/2009,2008,Liga Gimel,Tel Aviv,2,Hapoel Kiryat Ono,English Wikipedia
2008/2009,2008,Liga Gimel,Tel Aviv,3,Bnei Yehud,English Wikipedia
2008/2009,2008,Liga Gimel,Tel Aviv,4,Ironi Beit Dagan,English Wikipedia
2008/2009,2008,Liga Gimel,Tel Aviv,5,Gadna Tel Aviv Yehuda,English Wikipedia
2008/2009,2008,Liga Gimel,Tel Aviv,6,Hapoel Neve Golan,English Wikipedia
2008/2009,2008,Liga Gimel,Tel Aviv,7,Elitzur Jaffa Tel Aviv,English Wikipedia
2008/2009,2008,Liga Gimel,Tel Aviv,8,Hapoel Oranit,English Wikipedia
2008/2009,2008,Liga Gimel,Tel Aviv,9,Hapoel Kiryat Shalom,English Wikipedia
2008/2009,2008,Liga Gimel,Tel Aviv,10,Agudat Sport Holon,English Wikipedia
2008/2009,2008,Liga Gimel,Tel Aviv,11,Brit Sport Ma'of,English Wikipedia
2008/2009,2008,Liga Gimel,Tel Aviv,12,Maccabi Dynamo Holon,English Wikipedia
2008/2009,2008,Liga Gimel,Tel Aviv,13,Hapoel Yehud,English Wikipedia
2008/2009,2008,Liga Gimel,Tel Aviv,14,Elitzur Yehud,English Wikipedia
2008/2009,2008,Liga Gimel,Tel Aviv,15,Beitar Ezra,English Wikipedia
2008/2009,2008,Liga Gimel,Tel Aviv,16,Hapoel Ramla,English Wikipedia
2008/2009,2008,Liga Gimel,Upper Galilee,1,Ihud Bnei Majd al-Krum,English Wikipedia
2008/2009,2008,Liga Gimel,Upper Galilee,2,Maccabi Ironi Acre,English Wikipedia
2008/2009,2008,Liga Gimel,Upper Galilee,3,Hapoel Bnei Maghar,English Wikipedia
2008/2009,2008,Liga Gimel,Upper Galilee,4,Maccabi Bnei Nahf,English Wikipedia
2008/2009,2008,Liga Gimel,Upper Galilee,5,F.C. Bnei Arraba,English Wikipedia
2008/2009,2008,Liga Gimel,Upper Galilee,6,Maccabi Ein Mahil,English Wikipedia
2008/2009,2008,Liga Gimel,Upper Galilee,7,Hapoel Bnei Bi'ina,English Wikipedia
2008/2009,2008,Liga Gimel,Upper Galilee,8,Ironi Bnei Kabul,English Wikipedia
2008/2009,2008,Liga Gimel,Upper Galilee,9,Hapoel Shefa-'Amr,English Wikipedia
2008/2009,2008,Liga Gimel,Upper Galilee,10,Beitar F.C. Tabash,English Wikipedia
2008/2009,2008,Liga Gimel,Upper Galilee,11,F.C. Otzma Bnei Yarka,English Wikipedia
2008/2009,2008,Liga Leumit,,1,Hapoel Haifa,RSSSF
2008/2009,2008,Liga Leumit,,2,Hapoel Acre,RSSSF
2008/2009,2008,Liga Leumit,,3,Hapoel Be'er Sheva,RSSSF
2008/2009,2008,Liga Leumit,,4,Hapoel Ramat Gan,RSSSF
2008/2009,2008,Liga Leumit,,5,Hapoel Ra'anana,RSSSF
2008/2009,2008,Liga Leumit,,6,Maccabi Ahi Nazareth,RSSSF
2008/2009,2008,Liga Leumit,,7,Maccabi Herzliya,RSSSF
2008/2009,2008,Liga Leumit,,8,Bnei Lod,RSSSF
2008/2009,2008,Liga Leumit,,9,Hapoel Jerusalem,RSSSF
2008/2009,2008,Liga Leumit,,10,Hapoel Kfar Saba,RSSSF
2008/2009,2008,Liga Leumit,,11,Ironi Nir Ramat HaSharon,RSSSF
2008/2009,2008,Liga Leumit,,12,Maccabi Ironi Kiryat Ata,RSSSF
2008/2009,2008,Ligat ha'Al,,1,Maccabi Haifa,RSSSF
2008/2009,2008,Ligat ha'Al,,2,Hapoel Tel Aviv,RSSSF
2008/2009,2008,Ligat ha'Al,,3,Beitar Jerusalem,RSSSF
2008/2009,2008,Ligat ha'Al,,4,Maccabi Netanya,RSSSF
2008/2009,2008,Ligat ha'Al,,5,Bnei Yehuda Tel Aviv,RSSSF
2008/2009,2008,Ligat ha'Al,,6,Maccabi Tel Aviv,RSSSF
2008/2009,2008,Ligat ha'Al,,7,Maccabi Petah Tikva,RSSSF
2008/2009,2008,Ligat ha'Al,,8,Ashdod S.C.,RSSSF
2008/2009,2008,Ligat ha'Al,,9,Bnei Sakhnin,RSSSF
2008/2009,2008,Ligat ha'Al,,10,Hapoel Petah Tikva,RSSSF
2008/2009,2008,Ligat ha'Al,,11,Hakoah Ramat Gan,RSSSF
2008/2009,2008,Ligat ha'Al,,12,Ironi Kiryat Shmona,RSSSF
2009/2010,2009,Liga Alef,North,1,Maccabi Ironi Jatt,English Wikipedia
2009/2010,2009,Liga Alef,North,2,Ironi Sayid Umm al-Fahm,English Wikipedia
2009/2010,2009,Liga Alef,North,3,Hapoel Afula,English Wikipedia
2009/2010,2009,Liga Alef,North,4,Hapoel Asi Gilboa,English Wikipedia
2009/2010,2009,Liga Alef,North,5,Maccabi Ironi Kiryat Ata,English Wikipedia
2009/2010,2009,Liga Alef,North,6,Maccabi Kafr Qara,English Wikipedia
2009/2010,2009,Liga Alef,North,7,Ironi Tiberias,English Wikipedia
2009/2010,2009,Liga Alef,North,8,Maccabi Kafr Kanna,English Wikipedia
2009/2010,2009,Liga Alef,North,9,Hapoel F.C. Karmiel Safed,English Wikipedia
2009/2010,2009,Liga Alef,North,10,Hapoel Kafr Kanna,English Wikipedia
2009/2010,2009,Liga Alef,North,11,Maccabi Tzur Shalom,English Wikipedia
2009/2010,2009,Liga Alef,North,12,Maccabi Tamra,English Wikipedia
2009/2010,2009,Liga Alef,North,13,Maccabi Umm al-Fahm,English Wikipedia
2009/2010,2009,Liga Alef,North,14,Hapoel Bnei Tamra,English Wikipedia
2009/2010,2009,Liga Alef,North,15,Hapoel Bnei Jadeidi,English Wikipedia
2009/2010,2009,Liga Alef,North,16,Maccabi Ironi Tirat HaCarmel,English Wikipedia
2009/2010,2009,Liga Alef,South,1,Hapoel Ironi Herzliya,English Wikipedia
2009/2010,2009,Liga Alef,South,2,Maccabi HaShikma Hen,English Wikipedia
2009/2010,2009,Liga Alef,South,3,Hapoel Hadera,English Wikipedia
2009/2010,2009,Liga Alef,South,4,Hapoel Holon,English Wikipedia
2009/2010,2009,Liga Alef,South,5,Maccabi Ironi Netivot,English Wikipedia
2009/2010,2009,Liga Alef,South,6,Hapoel Kfar Shalem,English Wikipedia
2009/2010,2009,Liga Alef,South,7,Hapoel Nahlat Yehuda,English Wikipedia
2009/2010,2009,Liga Alef,South,8,Maccabi Ironi Kfar Yona,English Wikipedia
2009/2010,2009,Liga Alef,South,9,Maccabi Kiryat Gat,English Wikipedia
2009/2010,2009,Liga Alef,South,10,Maccabi Yavne,English Wikipedia
2009/2010,2009,Liga Alef,South,11,Maccabi Kiryat Malakhi,English Wikipedia
2009/2010,2009,Liga Alef,South,12,Hapoel Arad,English Wikipedia
2009/2010,2009,Liga Alef,South,13,Maccabi Ironi Amishav Petah Tikva,English Wikipedia
2009/2010,2009,Liga Alef,South,14,Shimshon Bnei Tayibe,English Wikipedia
2009/2010,2009,Liga Alef,South,15,Beitar Kfar Saba,English Wikipedia
2009/2010,2009,Liga Alef,South,16,Hapoel Mevaseret Zion,English Wikipedia
2009/2010,2009,Liga Bet,North A,1,Ahi Acre,English Wikipedia
2009/2010,2009,Liga Bet,North A,2,Hapoel Ihud Bnei Sumei,English Wikipedia
2009/2010,2009,Liga Bet,North A,3,Beitar Nahariya,English Wikipedia
2009/2010,2009,Liga Bet,North A,4,Hapoel Sakhnin,English Wikipedia
2009/2010,2009,Liga Bet,North A,5,Hapoel Ahva Haifa,English Wikipedia
2009/2010,2009,Liga Bet,North A,6,Maccabi Sektzia Ma'alot-Tarshiha,English Wikipedia
2009/2010,2009,Liga Bet,North A,7,Ihud Bnei Majd al-Krum,English Wikipedia
2009/2010,2009,Liga Bet,North A,8,F.C. Ahva Kafr Manda,English Wikipedia
2009/2010,2009,Liga Bet,North A,9,F.C. Tzeirei Bir al-Maksur,English Wikipedia
2009/2010,2009,Liga Bet,North A,10,Maccabi Ironi Acre,English Wikipedia
2009/2010,2009,Liga Bet,North A,11,Hapoel Kaukab,English Wikipedia
2009/2010,2009,Liga Bet,North A,12,Hapoel Nahariya,English Wikipedia
2009/2010,2009,Liga Bet,North A,13,Beitar Haifa,English Wikipedia
2009/2010,2009,Liga Bet,North A,14,Maccabi Ironi Kabul,English Wikipedia
2009/2010,2009,Liga Bet,North A,15,Maccabi Kafr Sumei,English Wikipedia
2009/2010,2009,Liga Bet,North A,16,Hapoel Halat el-Sharif Tamra,English Wikipedia
2009/2010,2009,Liga Bet,North B,1,Hapoel Daliyat al-Karmel,English Wikipedia
2009/2010,2009,Liga Bet,North B,2,Hapoel Iksal,English Wikipedia
2009/2010,2009,Liga Bet,North B,3,Hapoel Ramot Menashe Megido,English Wikipedia
2009/2010,2009,Liga Bet,North B,4,Maccabi Ahi Iksal,English Wikipedia
2009/2010,2009,Liga Bet,North B,5,Hapoel Isfiya,English Wikipedia
2009/2010,2009,Liga Bet,North B,6,Maccabi Or Akiva,English Wikipedia
2009/2010,2009,Liga Bet,North B,7,Hapoel Ironi Ar'ara,English Wikipedia
2009/2010,2009,Liga Bet,North B,8,Hapoel Umm al-Ghanam/Nein,English Wikipedia
2009/2010,2009,Liga Bet,North B,9,Maccabi Beit She'an,English Wikipedia
2009/2010,2009,Liga Bet,North B,10,Ihud Bnei Baqa,English Wikipedia
2009/2010,2009,Liga Bet,North B,11,Hapoel Bnei Jisr az-Zarqa,English Wikipedia
2009/2010,2009,Liga Bet,North B,12,Hapoel Migdal HaEmek,English Wikipedia
2009/2010,2009,Liga Bet,North B,13,Hapoel Beit She'an,English Wikipedia
2009/2010,2009,Liga Bet,North B,14,Maccabi Ironi Barta'a,English Wikipedia
2009/2010,2009,Liga Bet,North B,15,Beitar Ihud Mashhad,English Wikipedia
2009/2010,2009,Liga Bet,North B,16,Hapoel Bnei Musmus,English Wikipedia
2009/2010,2009,Liga Bet,South A,1,Maccabi Jaffa,English Wikipedia
2009/2010,2009,Liga Bet,South A,2,Hapoel Azor,English Wikipedia
2009/2010,2009,Liga Bet,South A,3,F.C. Kafr Qasim,English Wikipedia
2009/2010,2009,Liga Bet,South A,4,Hapoel Kiryat Ono,English Wikipedia
2009/2010,2009,Liga Bet,South A,5,Maccabi HaSharon Netanya,English Wikipedia
2009/2010,2009,Liga Bet,South A,6,F.C. Ironi Or Yehuda,English Wikipedia
2009/2010,2009,Liga Bet,South A,7,Beitar Ramat Gan,English Wikipedia
2009/2010,2009,Liga Bet,South A,8,Hapoel Bik'at HaYarden,English Wikipedia
2009/2010,2009,Liga Bet,South A,9,Hapoel Pardesiya,English Wikipedia
2009/2010,2009,Liga Bet,South A,10,Shikun Vatikim Ramat Gan,English Wikipedia
2009/2010,2009,Liga Bet,South A,11,F.C. Bnei Jaffa,English Wikipedia
2009/2010,2009,Liga Bet,South A,12,Hapoel Mahane Yehuda,English Wikipedia
2009/2010,2009,Liga Bet,South A,13,Beitar Petah Tikva,English Wikipedia
2009/2010,2009,Liga Bet,South A,14,Hapoel F.C. Ortodoxim Jaffa,English Wikipedia
2009/2010,2009,Liga Bet,South A,15,Otzma F.C. Holon,English Wikipedia
2009/2010,2009,Liga Bet,South A,16,Hapoel Ramat Israel,English Wikipedia
2009/2010,2009,Liga Bet,South B,1,Bnei Eilat,English Wikipedia
2009/2010,2009,Liga Bet,South B,2,Ironi Ramla,English Wikipedia
2009/2010,2009,Liga Bet,South B,3,Mo'adon Tzeirei Rahat,English Wikipedia
2009/2010,2009,Liga Bet,South B,4,F.C. Dimona,English Wikipedia
2009/2010,2009,Liga Bet,South B,5,Hapoel F.C. Ortodoxim Lod,English Wikipedia
2009/2010,2009,Liga Bet,South B,6,F.C. Shikun HaMizrach,English Wikipedia
2009/2010,2009,Liga Bet,South B,7,Beitar Ironi Ma'ale Adumim,English Wikipedia
2009/2010,2009,Liga Bet,South B,8,F.C. Kiryat Gat,English Wikipedia
2009/2010,2009,Liga Bet,South B,9,Hapoel Merhavim,English Wikipedia
2009/2010,2009,Liga Bet,South B,10,F.C. Be'er Sheva,English Wikipedia
2009/2010,2009,Liga Bet,South B,11,Maccabi Sha'arayim,English Wikipedia
2009/2010,2009,Liga Bet,South B,12,Beitar Giv'at Ze'ev,English Wikipedia
2009/2010,2009,Liga Bet,South B,13,Maccabi Sderot,English Wikipedia
2009/2010,2009,Liga Bet,South B,14,Maccabi Be'er Ya'akov,English Wikipedia
2009/2010,2009,Liga Bet,South B,15,Hapoel Rahat,English Wikipedia
2009/2010,2009,Liga Bet,South B,16,Hapoel Tirat Shalom,English Wikipedia
2009/2010,2009,Liga Gimel,Central,1,Bnei Yichalel Rehovot,English Wikipedia
2009/2010,2009,Liga Gimel,Central,2,Bnei Yehud,English Wikipedia
2009/2010,2009,Liga Gimel,Central,3,Ironi Beit Dagan,English Wikipedia
2009/2010,2009,Liga Gimel,Central,4,Maccabi Rehovot,English Wikipedia
2009/2010,2009,Liga Gimel,Central,5,Agudat Sport Holon,English Wikipedia
2009/2010,2009,Liga Gimel,Central,6,Elitzur Yehud,English Wikipedia
2009/2010,2009,Liga Gimel,Central,7,Hapoel Matzliah,English Wikipedia
2009/2010,2009,Liga Gimel,Central,8,F.C. Rishon LeZion,English Wikipedia
2009/2010,2009,Liga Gimel,Central,9,Beitar Jaffa,English Wikipedia
2009/2010,2009,Liga Gimel,Central,10,Maccabi Ironi Or Yehuda,English Wikipedia
2009/2010,2009,Liga Gimel,Central,11,Maccabi Dynamo Holon,English Wikipedia
2009/2010,2009,Liga Gimel,Central,12,Hapoel Ramla,English Wikipedia
2009/2010,2009,Liga Gimel,Jezreel,1,F.C. Kfar Kama,English Wikipedia
2009/2010,2009,Liga Gimel,Jezreel,2,Maccabi Ein Mahil,English Wikipedia
2009/2010,2009,Liga Gimel,Jezreel,3,Beitar Umm al-Fahm,English Wikipedia
2009/2010,2009,Liga Gimel,Jezreel,4,Maccabi Nazareth Illit,English Wikipedia
2009/2010,2009,Liga Gimel,Jezreel,5,Hapoel Bnei Nazareth,English Wikipedia
2009/2010,2009,Liga Gimel,Jezreel,6,F.C. Daburiyya,English Wikipedia
2009/2010,2009,Liga Gimel,Jezreel,7,Hapoel Ka'abiyye,English Wikipedia
2009/2010,2009,Liga Gimel,Jezreel,8,Beitar Afula,English Wikipedia
2009/2010,2009,Liga Gimel,Jezreel,9,Hapoel Bnei Nujeidat,English Wikipedia
2009/2010,2009,Liga Gimel,Jezreel,10,Hapoel al-Ittihad Nazareth,English Wikipedia
2009/2010,2009,Liga Gimel,Jezreel,11,Hapoel Bnei Hajajra,English Wikipedia
2009/2010,2009,Liga Gimel,Jezreel,12,Hapoel Muawiya,English Wikipedia
2009/2010,2009,Liga Gimel,Jezreel,13,Beitar el-Amal Nazareth,English Wikipedia
2009/2010,2009,Liga Gimel,Jezreel,14,Hapoel Manshiya Zabda,English Wikipedia
2009/2010,2009,Liga Gimel,Samaria,1,F.C. Givat Olga,English Wikipedia
2009/2010,2009,Liga Gimel,Samaria,2,Maccabi Daliyat al-Karmel,English Wikipedia
2009/2010,2009,Liga Gimel,Samaria,3,Ironi Nesher,English Wikipedia
2009/2010,2009,Liga Gimel,Samaria,4,F.C. Kiryat Yam,English Wikipedia
2009/2010,2009,Liga Gimel,Samaria,5,Maccabi Barkai,English Wikipedia
2009/2010,2009,Liga Gimel,Samaria,6,Hapoel Spartak Haifa,English Wikipedia
2009/2010,2009,Liga Gimel,Samaria,7,Maccabi Fureidis,English Wikipedia
2009/2010,2009,Liga Gimel,Samaria,8,Hapoel Yokneam,English Wikipedia
2009/2010,2009,Liga Gimel,Samaria,9,Maccabi Neve Sha'anan Eldad,English Wikipedia
2009/2010,2009,Liga Gimel,Samaria,10,Beitar Pardes Hanna,English Wikipedia
2009/2010,2009,Liga Gimel,Samaria,11,Hapoel Bnei Zemer,English Wikipedia
2009/2010,2009,Liga Gimel,Samaria,12,Maccabi Jisr az-Zarqa,English Wikipedia
2009/2010,2009,Liga Gimel,Samaria,13,Beitar Hadera,English Wikipedia
2009/2010,2009,Liga Gimel,Sharon,1,Maccabi Bnei Jaljulia,English Wikipedia
2009/2010,2009,Liga Gimel,Sharon,2,F.C. Tel Mond,English Wikipedia
2009/2010,2009,Liga Gimel,Sharon,3,Ahva Tayibe,English Wikipedia
2009/2010,2009,Liga Gimel,Sharon,4,F.C. Bnei Ra'anana,English Wikipedia
2009/2010,2009,Liga Gimel,Sharon,5,F.C. Tzeirei Tayibe,English Wikipedia
2009/2010,2009,Liga Gimel,Sharon,6,Hapoel Aliyah Kfar Saba,English Wikipedia
2009/2010,2009,Liga Gimel,Sharon,7,Hapoel Hod HaSharon,English Wikipedia
2009/2010,2009,Liga Gimel,Sharon,8,Beitar Ariel,English Wikipedia
2009/2010,2009,Liga Gimel,Sharon,9,Hapoel Kafr Bara,English Wikipedia
2009/2010,2009,Liga Gimel,Sharon,10,Beitar Tubruk,English Wikipedia
2009/2010,2009,Liga Gimel,Sharon,11,F.C. Kafr Qasim Nibrass,English Wikipedia
2009/2010,2009,Liga Gimel,Sharon,12,F.C. Ariel,English Wikipedia
2009/2010,2009,Liga Gimel,South,1,Hapoel Katamon Jerusalem,English Wikipedia
2009/2010,2009,Liga Gimel,South,2,Maccabi Segev Shalom,English Wikipedia
2009/2010,2009,Liga Gimel,South,3,Ironi Beit Shemesh,English Wikipedia
2009/2010,2009,Liga Gimel,South,4,Beitar Ashkelon,English Wikipedia
2009/2010,2009,Liga Gimel,South,5,Hapoel F.C. Hevel Modi'in,English Wikipedia
2009/2010,2009,Liga Gimel,South,6,Ironi Modi'in,English Wikipedia
2009/2010,2009,Liga Gimel,South,7,Tzeirei Al-Huzeil,English Wikipedia
2009/2010,2009,Liga Gimel,South,8,Hapoel Tel Sheva,English Wikipedia
2009/2010,2009,Liga Gimel,South,9,F.C. Tzeirei al-Hoshla,English Wikipedia
2009/2010,2009,Liga Gimel,Tel Aviv,1,Hapoel Ironi Oranit,English Wikipedia
2009/2010,2009,Liga Gimel,Tel Aviv,2,Gadna Tel Aviv Yehuda,English Wikipedia
2009/2010,2009,Liga Gimel,Tel Aviv,3,Hapoel Jaljulia,English Wikipedia
2009/2010,2009,Liga Gimel,Tel Aviv,4,F.C. Roei Heshbon Tel Aviv,English Wikipedia
2009/2010,2009,Liga Gimel,Tel Aviv,5,Beitar Oranit,English Wikipedia
2009/2010,2009,Liga Gimel,Tel Aviv,6,Hapoel Neve Golan,English Wikipedia
2009/2010,2009,Liga Gimel,Tel Aviv,7,Hapoel Kafr Qasim Shouaa,English Wikipedia
2009/2010,2009,Liga Gimel,Tel Aviv,8,Beitar Ezra,English Wikipedia
2009/2010,2009,Liga Gimel,Tel Aviv,9,F.C. Mahanaim Ramat Gan,English Wikipedia
2009/2010,2009,Liga Gimel,Tel Aviv,10,Elitzur Jaffa Tel Aviv,English Wikipedia
2009/2010,2009,Liga Gimel,Tel Aviv,11,Hapoel Kiryat Shalom,English Wikipedia
2009/2010,2009,Liga Gimel,Tel Aviv,12,Brit Sport Ma'of,English Wikipedia
2009/2010,2009,Liga Gimel,Tel Aviv,13,F.C. Beinleumi Tel Aviv,English Wikipedia
2009/2010,2009,Liga Gimel,Upper Galilee,1,Hapoel Shefa-'Amr,English Wikipedia
2009/2010,2009,Liga Gimel,Upper Galilee,2,Ironi Bnei Kabul,English Wikipedia
2009/2010,2009,Liga Gimel,Upper Galilee,3,Hapoel Bnei Maghar,English Wikipedia
2009/2010,2009,Liga Gimel,Upper Galilee,4,F.C. Bnei Arraba,English Wikipedia
2009/2010,2009,Liga Gimel,Upper Galilee,5,F.C. Tzeirei Tur'an,English Wikipedia
2009/2010,2009,Liga Gimel,Upper Galilee,6,F.C. Otzma Bnei Yarka,English Wikipedia
2009/2010,2009,Liga Gimel,Upper Galilee,7,Maccabi Tzeirei Shefa-'Amr,English Wikipedia
2009/2010,2009,Liga Gimel,Upper Galilee,8,Hapoel Bnei Rameh,English Wikipedia
2009/2010,2009,Liga Gimel,Upper Galilee,9,Maccabi Tuba Zangariyye,English Wikipedia
2009/2010,2009,Liga Gimel,Upper Galilee,10,Beitar Kafr Kanna,English Wikipedia
2009/2010,2009,Liga Gimel,Upper Galilee,11,Alpha Ironi Safed,English Wikipedia
2009/2010,2009,Liga Gimel,Upper Galilee,12,Hapoel Deir al-Asad,English Wikipedia
2009/2010,2009,Liga Gimel,Upper Galilee,13,Maccabi Bnei Nahf,English Wikipedia
2009/2010,2009,Liga Gimel,Upper Galilee,14,Maccabi Sha'ab,English Wikipedia
2009/2010,2009,Liga Gimel,Upper Galilee,15,Hapoel Jatt HaGlilit,English Wikipedia
2009/2010,2009,Liga Gimel,Upper Galilee,16,Hapoel Bnei Bi'ina,English Wikipedia
2009/2010,2009,Liga Leumit,,1,Ironi Kiryat Shmona,RSSSF
2009/2010,2009,Liga Leumit,,2,Hapoel Ashkelon,RSSSF
2009/2010,2009,Liga Leumit,,3,Hapoel Kfar Saba,RSSSF
2009/2010,2009,Liga Leumit,,4,Sektzia Nes Tziona,RSSSF
2009/2010,2009,Liga Leumit,,5,Ironi Nir Ramat HaSharon,RSSSF
2009/2010,2009,Liga Leumit,,6,Ironi Bat Yam,RSSSF
2009/2010,2009,Liga Leumit,,7,Hapoel Nof HaGalil,RSSSF
2009/2010,2009,Liga Leumit,,8,Hapoel Rishon LeZion,RSSSF
2009/2010,2009,Liga Leumit,,9,Ahva Arraba,RSSSF
2009/2010,2009,Liga Leumit,,10,Maccabi Herzliya,RSSSF
2009/2010,2009,Liga Leumit,,11,Hakoah Ramat Gan,RSSSF
2009/2010,2009,Liga Leumit,,12,Beitar Tel Aviv,RSSSF
2009/2010,2009,Liga Leumit,,13,Bnei Lod,RSSSF
2009/2010,2009,Liga Leumit,,14,Maccabi Be'er Sheva,RSSSF
2009/2010,2009,Liga Leumit,,15,Hapoel Jerusalem,RSSSF
2009/2010,2009,Liga Leumit,,16,Hapoel Marmorek,RSSSF
2009/2010,2009,Ligat ha'Al,,1,Hapoel Tel Aviv,RSSSF
2009/2010,2009,Ligat ha'Al,,2,Maccabi Haifa,RSSSF
2009/2010,2009,Ligat ha'Al,,3,Maccabi Tel Aviv,RSSSF
2009/2010,2009,Ligat ha'Al,,4,Bnei Yehuda Tel Aviv,RSSSF
2009/2010,2009,Ligat ha'Al,,5,Beitar Jerusalem,RSSSF
2009/2010,2009,Ligat ha'Al,,6,Ashdod S.C.,RSSSF
2009/2010,2009,Ligat ha'Al,,7,Bnei Sakhnin,RSSSF
2009/2010,2009,Ligat ha'Al,,8,Maccabi Petah Tikva,RSSSF
2009/2010,2009,Ligat ha'Al,,9,Hapoel Be'er Sheva,RSSSF
2009/2010,2009,Ligat ha'Al,,10,Maccabi Netanya,RSSSF
2009/2010,2009,Ligat ha'Al,,11,Hapoel Haifa,RSSSF
2009/2010,2009,Ligat ha'Al,,12,Hapoel Acre,RSSSF
2009/2010,2009,Ligat ha'Al,,13,Hapoel Petah Tikva,RSSSF
2009/2010,2009,Ligat ha'Al,,14,Hapoel Ramat Gan,RSSSF
2009/2010,2009,Ligat ha'Al,,15,Hapoel Ra'anana,RSSSF
2009/2010,2009,Ligat ha'Al,,16,Maccabi Ahi Nazareth,RSSSF
2010/2011,2010,Liga Alef,North,1,Maccabi Umm al-Fahm,English Wikipedia
2010/2011,2010,Liga Alef,North,2,Hapoel Asi Gilboa,English Wikipedia
2010/2011,2010,Liga Alef,North,3,Maccabi Ironi Kiryat Ata,English Wikipedia
2010/2011,2010,Liga Alef,North,4,Hapoel Afula,English Wikipedia
2010/2011,2010,Liga Alef,North,5,Ironi Tiberias,English Wikipedia
2010/2011,2010,Liga Alef,North,6,Hapoel F.C. Karmiel Safed,English Wikipedia
2010/2011,2010,Liga Alef,North,7,Hapoel Daliyat al-Karmel,English Wikipedia
2010/2011,2010,Liga Alef,North,8,Hapoel Hadera,English Wikipedia
2010/2011,2010,Liga Alef,North,9,Maccabi Tzur Shalom,English Wikipedia
2010/2011,2010,Liga Alef,North,10,Maccabi Tamra,English Wikipedia
2010/2011,2010,Liga Alef,North,11,Ahi Acre,English Wikipedia
2010/2011,2010,Liga Alef,North,12,Maccabi Kafr Kanna,English Wikipedia
2010/2011,2010,Liga Alef,North,13,Hapoel Kafr Kanna,English Wikipedia
2010/2011,2010,Liga Alef,North,14,Ironi Sayid Umm al-Fahm,English Wikipedia
2010/2011,2010,Liga Alef,North,15,Maccabi Kafr Qara,English Wikipedia
2010/2011,2010,Liga Alef,North,16,Hapoel Ramot Menashe Megiddo,English Wikipedia
2010/2011,2010,Liga Alef,South,1,Hapoel Jerusalem,English Wikipedia
2010/2011,2010,Liga Alef,South,2,Maccabi Kiryat Malakhi,English Wikipedia
2010/2011,2010,Liga Alef,South,3,Bnei Eilat,English Wikipedia
2010/2011,2010,Liga Alef,South,4,Maccabi Jaffa,English Wikipedia
2010/2011,2010,Liga Alef,South,5,Hapoel Kfar Shalem,English Wikipedia
2010/2011,2010,Liga Alef,South,6,Maccabi Ironi Netivot,English Wikipedia
2010/2011,2010,Liga Alef,South,7,Maccabi Ironi Kfar Yona,English Wikipedia
2010/2011,2010,Liga Alef,South,8,Maccabi Ironi Amishav Petah Tikva,English Wikipedia
2010/2011,2010,Liga Alef,South,9,Maccabi HaShikma Hen,English Wikipedia
2010/2011,2010,Liga Alef,South,10,Maccabi Yavne,English Wikipedia
2010/2011,2010,Liga Alef,South,11,Hapoel Arad,English Wikipedia
2010/2011,2010,Liga Alef,South,12,Hapoel Marmorek,English Wikipedia
2010/2011,2010,Liga Alef,South,13,Maccabi Kiryat Gat,English Wikipedia
2010/2011,2010,Liga Alef,South,14,Hapoel Nahlat Yehuda,English Wikipedia
2010/2011,2010,Liga Alef,South,15,Hapoel Holon,English Wikipedia
2010/2011,2010,Liga Alef,South,16,Shimshon Bnei Tayibe,English Wikipedia
2010/2011,2010,Liga Bet,North A,1,Maccabi Sektzia Ma'alot-Tarshiha,English Wikipedia
2010/2011,2010,Liga Bet,North A,2,Hapoel Ihud Bnei Sumei,English Wikipedia
2010/2011,2010,Liga Bet,North A,3,F.C. Ahva Kafr Manda,English Wikipedia
2010/2011,2010,Liga Bet,North A,4,Hapoel Sakhnin,English Wikipedia
2010/2011,2010,Liga Bet,North A,5,Ironi Bnei Kabul,English Wikipedia
2010/2011,2010,Liga Bet,North A,6,Hapoel Shefa-'Amr,English Wikipedia
2010/2011,2010,Liga Bet,North A,7,F.C. Tzeirei Bir al-Maksur,English Wikipedia
2010/2011,2010,Liga Bet,North A,8,Maccabi Ironi Acre,English Wikipedia
2010/2011,2010,Liga Bet,North A,9,Hapoel Ahva Haifa,English Wikipedia
2010/2011,2010,Liga Bet,North A,10,Hapoel Kaukab,English Wikipedia
2010/2011,2010,Liga Bet,North A,11,Beitar Haifa,English Wikipedia
2010/2011,2010,Liga Bet,North A,12,Hapoel Nahariya,English Wikipedia
2010/2011,2010,Liga Bet,North A,13,Beitar Nahariya,English Wikipedia
2010/2011,2010,Liga Bet,North A,14,Ihud Bnei Majd al-Krum,English Wikipedia
2010/2011,2010,Liga Bet,North A,15,Hapoel Bnei Jadeidi,English Wikipedia
2010/2011,2010,Liga Bet,North B,1,Maccabi Daliyat al-Karmel,English Wikipedia
2010/2011,2010,Liga Bet,North B,2,F.C. Givat Olga,English Wikipedia
2010/2011,2010,Liga Bet,North B,3,Hapoel Migdal HaEmek,English Wikipedia
2010/2011,2010,Liga Bet,North B,4,Ironi Nesher,English Wikipedia
2010/2011,2010,Liga Bet,North B,5,Hapoel Isfiya,English Wikipedia
2010/2011,2010,Liga Bet,North B,6,Hapoel Beit She'an,English Wikipedia
2010/2011,2010,Liga Bet,North B,7,Maccabi Ahi Iksal,English Wikipedia
2010/2011,2010,Liga Bet,North B,8,F.C. Kfar Kama,English Wikipedia
2010/2011,2010,Liga Bet,North B,9,Maccabi Ironi Barta'a,English Wikipedia
2010/2011,2010,Liga Bet,North B,10,Ihud Bnei Baqa,English Wikipedia
2010/2011,2010,Liga Bet,North B,11,Hapoel Umm al-Ghanam/Nein,English Wikipedia
2010/2011,2010,Liga Bet,North B,12,Hapoel Iksal,English Wikipedia
2010/2011,2010,Liga Bet,North B,13,Maccabi Or Akiva,English Wikipedia
2010/2011,2010,Liga Bet,North B,14,Hapoel Ironi Ar'ara,English Wikipedia
2010/2011,2010,Liga Bet,North B,15,Maccabi Ironi Tirat HaCarmel,English Wikipedia
2010/2011,2010,Liga Bet,South A,1,Beitar Kfar Saba,English Wikipedia
2010/2011,2010,Liga Bet,South A,2,Hapoel Mahane Yehuda,English Wikipedia
2010/2011,2010,Liga Bet,South A,3,Hapoel Azor,English Wikipedia
2010/2011,2010,Liga Bet,South A,4,F.C. Kafr Qasim,English Wikipedia
2010/2011,2010,Liga Bet,South A,5,Hapoel F.C. Ortodoxim Jaffa,English Wikipedia
2010/2011,2010,Liga Bet,South A,6,Hapoel Kiryat Ono,English Wikipedia
2010/2011,2010,Liga Bet,South A,7,F.C. Bnei Jaffa,English Wikipedia
2010/2011,2010,Liga Bet,South A,8,F.C. Ironi Or Yehuda,English Wikipedia
2010/2011,2010,Liga Bet,South A,9,Maccabi Bnei Jaljulia,English Wikipedia
2010/2011,2010,Liga Bet,South A,10,Hapoel Bik'at HaYarden,English Wikipedia
2010/2011,2010,Liga Bet,South A,11,Maccabi HaSharon Netanya,English Wikipedia
2010/2011,2010,Liga Bet,South A,12,Beitar Ramat Gan,English Wikipedia
2010/2011,2010,Liga Bet,South A,13,Hapoel Pardesiya,English Wikipedia
2010/2011,2010,Liga Bet,South A,14,Beitar Petah Tikva,English Wikipedia
2010/2011,2010,Liga Bet,South A,15,Shikun Vatikim Ramat Gan,English Wikipedia
2010/2011,2010,Liga Bet,South A,16,Hapoel Ironi Oranit,English Wikipedia
2010/2011,2010,Liga Bet,South B,1,Hapoel Katamon Jerusalem,English Wikipedia
2010/2011,2010,Liga Bet,South B,2,Maccabi Sha'arayim,English Wikipedia
2010/2011,2010,Liga Bet,South B,3,Hapoel F.C. Ortodoxim Lod,English Wikipedia
2010/2011,2010,Liga Bet,South B,4,F.C. Shikun HaMizrach,English Wikipedia
2010/2011,2010,Liga Bet,South B,5,Beitar Ironi Ma'ale Adumim,English Wikipedia
2010/2011,2010,Liga Bet,South B,6,Hapoel Merhavim,English Wikipedia
2010/2011,2010,Liga Bet,South B,7,Maccabi Ironi Sderot,English Wikipedia
2010/2011,2010,Liga Bet,South B,8,Bnei Yichalel Rehovot,English Wikipedia
2010/2011,2010,Liga Bet,South B,9,F.C. Be'er Sheva,English Wikipedia
2010/2011,2010,Liga Bet,South B,10,Mo'adon Tzeirei Rahat,English Wikipedia
2010/2011,2010,Liga Bet,South B,11,Hapoel Rahat,English Wikipedia
2010/2011,2010,Liga Bet,South B,12,F.C. Dimona,English Wikipedia
2010/2011,2010,Liga Bet,South B,13,F.C. Kiryat Gat,English Wikipedia
2010/2011,2010,Liga Bet,South B,14,Beitar Giv'at Ze'ev,English Wikipedia
2010/2011,2010,Liga Bet,South B,15,Hapoel Mevasseret Zion,English Wikipedia
2010/2011,2010,Liga Gimel,Central,1,Maccabi Be'er Ya'akov,English Wikipedia
2010/2011,2010,Liga Gimel,Central,2,Ironi Beit Shemesh,English Wikipedia
2010/2011,2010,Liga Gimel,Central,3,Hapoel F.C. Hevel Modi'in,English Wikipedia
2010/2011,2010,Liga Gimel,Central,4,Bnei Yehud,English Wikipedia
2010/2011,2010,Liga Gimel,Central,5,F.C. Maccabi Yeruham,English Wikipedia
2010/2011,2010,Liga Gimel,Central,6,Hapoel Matzliah,English Wikipedia
2010/2011,2010,Liga Gimel,Central,7,Otzma F.C. Holon,English Wikipedia
2010/2011,2010,Liga Gimel,Central,8,Elitzur Yehud,English Wikipedia
2010/2011,2010,Liga Gimel,Central,9,Maccabi Rehovot,English Wikipedia
2010/2011,2010,Liga Gimel,Central,10,Hapoel Tirat Shalom,English Wikipedia
2010/2011,2010,Liga Gimel,Central,11,Ironi Beit Dagan,English Wikipedia
2010/2011,2010,Liga Gimel,Central,12,Beitar Jaffa,English Wikipedia
2010/2011,2010,Liga Gimel,Central,13,Maccabi Ironi Or Yehuda,English Wikipedia
2010/2011,2010,Liga Gimel,Central,14,F.C. Rishon LeZion,English Wikipedia
2010/2011,2010,Liga Gimel,Central,15,Hapoel Ramla,English Wikipedia
2010/2011,2010,Liga Gimel,Jezreel,1,F.C. Daburiyya,English Wikipedia
2010/2011,2010,Liga Gimel,Jezreel,2,Maccabi Ein Mahil,English Wikipedia
2010/2011,2010,Liga Gimel,Jezreel,3,Maccabi Nazareth Illit,English Wikipedia
2010/2011,2010,Liga Gimel,Jezreel,4,Maccabi Ironi Yafa,English Wikipedia
2010/2011,2010,Liga Gimel,Jezreel,5,Hapoel Ka'abiyye,English Wikipedia
2010/2011,2010,Liga Gimel,Jezreel,6,Hapoel Kafr Qara,English Wikipedia
2010/2011,2010,Liga Gimel,Jezreel,7,Beitar Afula,English Wikipedia
2010/2011,2010,Liga Gimel,Jezreel,8,Beitar el-Amal Nazareth,English Wikipedia
2010/2011,2010,Liga Gimel,Jezreel,9,Hapoel Bnei Nazareth,English Wikipedia
2010/2011,2010,Liga Gimel,Jezreel,10,Beitar Umm al-Fahm,English Wikipedia
2010/2011,2010,Liga Gimel,Jezreel,11,Hapoel Bnei Zalafa,English Wikipedia
2010/2011,2010,Liga Gimel,Jezreel,12,Hapoel Manshiya Zabda,English Wikipedia
2010/2011,2010,Liga Gimel,Jezreel,13,Ahi Bir al-Maksur,English Wikipedia
2010/2011,2010,Liga Gimel,Jezreel,14,Hapoel Bnei Nujeidat,English Wikipedia
2010/2011,2010,Liga Gimel,Jezreel,15,Hapoel Bnei Shibli,English Wikipedia
2010/2011,2010,Liga Gimel,Jezreel,16,Hapoel Bnei Hajajra,English Wikipedia
2010/2011,2010,Liga Gimel,Samaria,1,Hapoel Baqa al-Gharbiyye,English Wikipedia
2010/2011,2010,Liga Gimel,Samaria,2,F.C. Pardes Hanna-Karkur,English Wikipedia
2010/2011,2010,Liga Gimel,Samaria,3,Maccabi Fureidis,English Wikipedia
2010/2011,2010,Liga Gimel,Samaria,4,Hapoel Bnei Fureidis,English Wikipedia
2010/2011,2010,Liga Gimel,Samaria,5,F.C. Kiryat Yam,English Wikipedia
2010/2011,2010,Liga Gimel,Samaria,6,Maccabi Neve Sha'anan Eldad,English Wikipedia
2010/2011,2010,Liga Gimel,Samaria,7,Maccabi Barkai,English Wikipedia
2010/2011,2010,Liga Gimel,Samaria,8,Hapoel Yokneam,English Wikipedia
2010/2011,2010,Liga Gimel,Samaria,9,Hapoel Spartak Haifa,English Wikipedia
2010/2011,2010,Liga Gimel,Samaria,10,Beitar Pardes Hanna,English Wikipedia
2010/2011,2010,Liga Gimel,Samaria,11,Hapoel Bnei Zemer,English Wikipedia
2010/2011,2010,Liga Gimel,Samaria,12,Beitar Hadera,English Wikipedia
2010/2011,2010,Liga Gimel,Samaria,13,Hapoel Muawiya,English Wikipedia
2010/2011,2010,Liga Gimel,Samaria,14,Maccabi Jisr az-Zarqa,English Wikipedia
2010/2011,2010,Liga Gimel,Sharon,1,F.C. Tira,English Wikipedia
2010/2011,2010,Liga Gimel,Sharon,2,Hapoel Hod HaSharon,English Wikipedia
2010/2011,2010,Liga Gimel,Sharon,3,F.C. Tzeirei Tayibe,English Wikipedia
2010/2011,2010,Liga Gimel,Sharon,4,Ironi Modi'in,English Wikipedia
2010/2011,2010,Liga Gimel,Sharon,5,F.C. Bnei Ra'anana,English Wikipedia
2010/2011,2010,Liga Gimel,Sharon,6,Hapoel Kafr Qasim Shouaa,English Wikipedia
2010/2011,2010,Liga Gimel,Sharon,7,F.C. Bnei Qalansawe,English Wikipedia
2010/2011,2010,Liga Gimel,Sharon,8,Hapoel Aliyah Kfar Saba,English Wikipedia
2010/2011,2010,Liga Gimel,Sharon,9,Hapoel Jaljulia,English Wikipedia
2010/2011,2010,Liga Gimel,Sharon,10,Hapoel Kafr Bara,English Wikipedia
2010/2011,2010,Liga Gimel,Sharon,11,F.C. Kafr Qasim Nibrass,English Wikipedia
2010/2011,2010,Liga Gimel,Sharon,12,Beitar Tubruk,English Wikipedia
2010/2011,2010,Liga Gimel,Sharon,13,Shimshon Kafr Qasim,English Wikipedia
2010/2011,2010,Liga Gimel,Tel Aviv,1,Gadna Tel Aviv Yehuda,English Wikipedia
2010/2011,2010,Liga Gimel,Tel Aviv,2,Hapoel Ramat Israel,English Wikipedia
2010/2011,2010,Liga Gimel,Tel Aviv,3,Hapoel Kiryat Shalom,English Wikipedia
2010/2011,2010,Liga Gimel,Tel Aviv,4,F.C. Roei Heshbon Tel Aviv,English Wikipedia
2010/2011,2010,Liga Gimel,Tel Aviv,5,Hapoel F.C. Givat Shmuel,English Wikipedia
2010/2011,2010,Liga Gimel,Tel Aviv,6,Beitar Ariel,English Wikipedia
2010/2011,2010,Liga Gimel,Tel Aviv,7,Hapoel Neve Golan,English Wikipedia
2010/2011,2010,Liga Gimel,Tel Aviv,8,Hapoel Tel Sheva,English Wikipedia
2010/2011,2010,Liga Gimel,Tel Aviv,9,F.C. Mahanaim Ramat Gan,English Wikipedia
2010/2011,2010,Liga Gimel,Tel Aviv,10,Elitzur Jaffa Tel Aviv,English Wikipedia
2010/2011,2010,Liga Gimel,Tel Aviv,11,Beitar Ezra,English Wikipedia
2010/2011,2010,Liga Gimel,Tel Aviv,12,Beitar Oranit,English Wikipedia
2010/2011,2010,Liga Gimel,Tel Aviv,13,Brit Sport Ma'of,English Wikipedia
2010/2011,2010,Liga Gimel,Tel Aviv,14,F.C. Tzeirei al-Hoshla,English Wikipedia
2010/2011,2010,Liga Gimel,Tel Aviv,15,F.C. Beinleumi Tel Aviv,English Wikipedia
2010/2011,2010,Liga Gimel,Tel Aviv,16,Agudat Sport Holon,English Wikipedia
2010/2011,2010,Liga Gimel,Upper Galilee,1,F.C. Bu'eine,English Wikipedia
2010/2011,2010,Liga Gimel,Upper Galilee,2,F.C. Bnei Arraba,English Wikipedia
2010/2011,2010,Liga Gimel,Upper Galilee,3,Hapoel Bnei Maghar,English Wikipedia
2010/2011,2010,Liga Gimel,Upper Galilee,4,Hapoel Bu'eine,English Wikipedia
2010/2011,2010,Liga Gimel,Upper Galilee,5,F.C. Tzeirei Tur'an,English Wikipedia
2010/2011,2010,Liga Gimel,Upper Galilee,6,Hapoel Nahf,English Wikipedia
2010/2011,2010,Liga Gimel,Upper Galilee,7,Maccabi Tzeirei Shefa-'Amr,English Wikipedia
2010/2011,2010,Liga Gimel,Upper Galilee,8,Beitar Kafr Kanna,English Wikipedia
2010/2011,2010,Liga Gimel,Upper Galilee,9,Maccabi Bnei Deir Hanna,English Wikipedia
2010/2011,2010,Liga Gimel,Upper Galilee,10,Hapoel Bnei Bi'ina,English Wikipedia
2010/2011,2010,Liga Gimel,Upper Galilee,11,Hapoel Bnei Rameh,English Wikipedia
2010/2011,2010,Liga Gimel,Upper Galilee,12,Hapoel al-Ittihad Nazareth,English Wikipedia
2010/2011,2010,Liga Leumit,,1,Ironi Nir Ramat HaSharon,RSSSF
2010/2011,2010,Liga Leumit,,2,Hapoel Rishon LeZion,RSSSF
2010/2011,2010,Liga Leumit,,3,Hapoel Kfar Saba,RSSSF
2010/2011,2010,Liga Leumit,,4,Maccabi Herzliya,RSSSF
2010/2011,2010,Liga Leumit,,5,Hapoel Ra'anana,RSSSF
2010/2011,2010,Liga Leumit,,6,Sektzia Nes Tziona,RSSSF
2010/2011,2010,Liga Leumit,,7,Hapoel Ironi Herzliya,RSSSF
2010/2011,2010,Liga Leumit,,8,Bnei Lod,RSSSF
2010/2011,2010,Liga Leumit,,9,Maccabi Ahi Nazareth,RSSSF
2010/2011,2010,Liga Leumit,,10,Beitar Tel Aviv,RSSSF
2010/2011,2010,Liga Leumit,,11,Hapoel Nof HaGalil,RSSSF
2010/2011,2010,Liga Leumit,,12,Maccabi Be'er Sheva,RSSSF
2010/2011,2010,Liga Leumit,,13,Ironi Bat Yam,RSSSF
2010/2011,2010,Liga Leumit,,14,Hakoah Ramat Gan,RSSSF
2010/2011,2010,Liga Leumit,,15,Maccabi Ironi Jatt,RSSSF
2010/2011,2010,Liga Leumit,,16,Ahva Arraba,RSSSF
2010/2011,2010,Ligat ha'Al,,1,Maccabi Haifa,RSSSF
2010/2011,2010,Ligat ha'Al,,2,Hapoel Tel Aviv,RSSSF
2010/2011,2010,Ligat ha'Al,,3,Maccabi Tel Aviv,RSSSF
2010/2011,2010,Ligat ha'Al,,4,Bnei Yehuda Tel Aviv,RSSSF
2010/2011,2010,Ligat ha'Al,,5,Ironi Kiryat Shmona,RSSSF
2010/2011,2010,Ligat ha'Al,,6,Maccabi Netanya,RSSSF
2010/2011,2010,Ligat ha'Al,,7,Maccabi Petah Tikva,RSSSF
2010/2011,2010,Ligat ha'Al,,8,Hapoel Acre,RSSSF
2010/2011,2010,Ligat ha'Al,,9,Hapoel Be'er Sheva,RSSSF
2010/2011,2010,Ligat ha'Al,,10,Hapoel Haifa,RSSSF
2010/2011,2010,Ligat ha'Al,,11,Beitar Jerusalem,RSSSF
2010/2011,2010,Ligat ha'Al,,12,Ashdod S.C.,RSSSF
2010/2011,2010,Ligat ha'Al,,13,Bnei Sakhnin,RSSSF
2010/2011,2010,Ligat ha'Al,,14,Hapoel Petah Tikva,RSSSF
2010/2011,2010,Ligat ha'Al,,15,Hapoel Ashkelon,RSSSF
2010/2011,2010,Ligat ha'Al,,16,Hapoel Ramat Gan,RSSSF
2011/2012,2011,Liga Alef,North,1,Hapoel Asi Gilboa,English Wikipedia
2011/2012,2011,Liga Alef,North,2,Ironi Tiberias,English Wikipedia
2011/2012,2011,Liga Alef,North,3,Hapoel Afula,English Wikipedia
2011/2012,2011,Liga Alef,North,4,Maccabi Sektzia Ma'alot-Tarshiha,English Wikipedia
2011/2012,2011,Liga Alef,North,5,Maccabi Daliyat al-Karmel,English Wikipedia
2011/2012,2011,Liga Alef,North,6,Maccabi Tzur Shalom,English Wikipedia
2011/2012,2011,Liga Alef,North,7,F.C. Givat Olga,English Wikipedia
2011/2012,2011,Liga Alef,North,8,Hapoel Daliyat al-Karmel,English Wikipedia
2011/2012,2011,Liga Alef,North,9,Maccabi Ironi Kiryat Ata,English Wikipedia
2011/2012,2011,Liga Alef,North,10,Hapoel F.C. Karmiel Safed,English Wikipedia
2011/2012,2011,Liga Alef,North,11,Maccabi Kafr Kanna,English Wikipedia
2011/2012,2011,Liga Alef,North,12,Ahva Arraba,English Wikipedia
2011/2012,2011,Liga Alef,North,13,Hapoel Kafr Kanna,English Wikipedia
2011/2012,2011,Liga Alef,North,14,Hapoel Hadera,English Wikipedia
2011/2012,2011,Liga Alef,North,15,Maccabi Tamra,English Wikipedia
2011/2012,2011,Liga Alef,North,16,Ahi Acre,English Wikipedia
2011/2012,2011,Liga Alef,South,1,Maccabi Yavne,English Wikipedia
2011/2012,2011,Liga Alef,South,2,Maccabi Jaffa,English Wikipedia
2011/2012,2011,Liga Alef,South,3,Beitar Kfar Saba,English Wikipedia
2011/2012,2011,Liga Alef,South,4,Hapoel Katamon Jerusalem,English Wikipedia
2011/2012,2011,Liga Alef,South,5,Hapoel Marmorek,English Wikipedia
2011/2012,2011,Liga Alef,South,6,Maccabi Ironi Amishav Petah Tikva,English Wikipedia
2011/2012,2011,Liga Alef,South,7,Maccabi Kiryat Gat,English Wikipedia
2011/2012,2011,Liga Alef,South,8,Hapoel F.C. Ortodoxim Lod,English Wikipedia
2011/2012,2011,Liga Alef,South,9,Bnei Eilat,English Wikipedia
2011/2012,2011,Liga Alef,South,10,Maccabi Kiryat Malakhi,English Wikipedia
2011/2012,2011,Liga Alef,South,11,Maccabi Ironi Kfar Yona,English Wikipedia
2011/2012,2011,Liga Alef,South,12,Hapoel Kfar Shalem,English Wikipedia
2011/2012,2011,Liga Alef,South,13,Hapoel Arad,English Wikipedia
2011/2012,2011,Liga Alef,South,14,Maccabi Ironi Netivot,English Wikipedia
2011/2012,2011,Liga Alef,South,15,Maccabi HaShikma Hen,English Wikipedia
2011/2012,2011,Liga Bet,North A,1,F.C. Tzeirei Bir al-Maksur,English Wikipedia
2011/2012,2011,Liga Bet,North A,2,Ihud Bnei Majd al-Krum,English Wikipedia
2011/2012,2011,Liga Bet,North A,3,Hapoel Kaukab,English Wikipedia
2011/2012,2011,Liga Bet,North A,4,Hapoel Ahva Haifa,English Wikipedia
2011/2012,2011,Liga Bet,North A,5,Ironi Bnei Kabul,English Wikipedia
2011/2012,2011,Liga Bet,North A,6,Beitar Haifa,English Wikipedia
2011/2012,2011,Liga Bet,North A,7,Maccabi Ironi Acre,English Wikipedia
2011/2012,2011,Liga Bet,North A,8,F.C. Bnei Arraba,English Wikipedia
2011/2012,2011,Liga Bet,North A,9,F.C. Ahva Kafr Manda,English Wikipedia
2011/2012,2011,Liga Bet,North A,10,Hapoel Sakhnin,English Wikipedia
2011/2012,2011,Liga Bet,North A,11,Beitar Nahariya,English Wikipedia
2011/2012,2011,Liga Bet,North A,12,Hapoel Shefa-'Amr,English Wikipedia
2011/2012,2011,Liga Bet,North A,13,Hapoel Ihud Bnei Sumei,English Wikipedia
2011/2012,2011,Liga Bet,North A,14,F.C. Bu'eine,English Wikipedia
2011/2012,2011,Liga Bet,North A,15,Maccabi Ironi Tirat HaCarmel,English Wikipedia
2011/2012,2011,Liga Bet,North B,1,Hapoel Migdal HaEmek,English Wikipedia
2011/2012,2011,Liga Bet,North B,2,Hapoel Beit She'an,English Wikipedia
2011/2012,2011,Liga Bet,North B,3,F.C. Kfar Kama,English Wikipedia
2011/2012,2011,Liga Bet,North B,4,Ironi Nesher,English Wikipedia
2011/2012,2011,Liga Bet,North B,5,Maccabi Ahi Iksal,English Wikipedia
2011/2012,2011,Liga Bet,North B,6,Hapoel Ramot Menashe Megiddo,English Wikipedia
2011/2012,2011,Liga Bet,North B,7,F.C. Daburiyya,English Wikipedia
2011/2012,2011,Liga Bet,North B,8,Maccabi Ironi Kafr Qara,English Wikipedia
2011/2012,2011,Liga Bet,North B,9,Hapoel Isfiya,English Wikipedia
2011/2012,2011,Liga Bet,North B,10,Ihud Bnei Baka,English Wikipedia
2011/2012,2011,Liga Bet,North B,11,Maccabi Ein Mahil,English Wikipedia
2011/2012,2011,Liga Bet,North B,12,Hapoel Iksal,English Wikipedia
2011/2012,2011,Liga Bet,North B,13,Hapoel Ironi Baqa al-Gharbiyye,English Wikipedia
2011/2012,2011,Liga Bet,North B,14,Hapoel Umm al-Ghanem Nein,English Wikipedia
2011/2012,2011,Liga Bet,North B,15,Maccabi Or Akiva,English Wikipedia
2011/2012,2011,Liga Bet,South A,1,Hapoel Azor,English Wikipedia
2011/2012,2011,Liga Bet,South A,2,F.C. Ironi Or Yehuda,English Wikipedia
2011/2012,2011,Liga Bet,South A,3,Hapoel Mahane Yehuda,English Wikipedia
2011/2012,2011,Liga Bet,South A,4,Hapoel F.C. Ortodoxim Jaffa,English Wikipedia
2011/2012,2011,Liga Bet,South A,5,F.C. Tira,English Wikipedia
2011/2012,2011,Liga Bet,South A,6,F.C. Bnei Jaffa,English Wikipedia
2011/2012,2011,Liga Bet,South A,7,F.C. Kafr Qasim,English Wikipedia
2011/2012,2011,Liga Bet,South A,8,Hapoel Bik'at HaYarden,English Wikipedia
2011/2012,2011,Liga Bet,South A,9,Gadna Tel Aviv Yehuda,English Wikipedia
2011/2012,2011,Liga Bet,South A,10,Beitar Ramat Gan,English Wikipedia
2011/2012,2011,Liga Bet,South A,11,Hapoel Kiryat Ono,English Wikipedia
2011/2012,2011,Liga Bet,South A,12,Shikun Vatikim Ramat Gan,English Wikipedia
2011/2012,2011,Liga Bet,South A,13,Maccabi HaSharon Netanya,English Wikipedia
2011/2012,2011,Liga Bet,South A,14,Maccabi Bnei Jaljulia,English Wikipedia
2011/2012,2011,Liga Bet,South A,15,Hapoel Pardesiya,English Wikipedia
2011/2012,2011,Liga Bet,South B,1,Maccabi Sha'arayim,English Wikipedia
2011/2012,2011,Liga Bet,South B,2,Hapoel Nahlat Yehuda,English Wikipedia
2011/2012,2011,Liga Bet,South B,3,Maccabi Be'er Ya'akov,English Wikipedia
2011/2012,2011,Liga Bet,South B,4,Hapoel Merhavim,English Wikipedia
2011/2012,2011,Liga Bet,South B,5,F.C. Kiryat Gat,English Wikipedia
2011/2012,2011,Liga Bet,South B,6,F.C. Shikun HaMizrach,English Wikipedia
2011/2012,2011,Liga Bet,South B,7,Beitar Ironi Ma'ale Adumim,English Wikipedia
2011/2012,2011,Liga Bet,South B,8,Hapoel Rahat,English Wikipedia
2011/2012,2011,Liga Bet,South B,9,Hapoel Hod HaSharon,English Wikipedia
2011/2012,2011,Liga Bet,South B,10,Hapoel Holon,English Wikipedia
2011/2012,2011,Liga Bet,South B,11,F.C. Be'er Sheva,English Wikipedia
2011/2012,2011,Liga Bet,South B,12,F.C. Dimona,English Wikipedia
2011/2012,2011,Liga Bet,South B,13,Moadon Tzeirei Rahat,English Wikipedia
2011/2012,2011,Liga Bet,South B,14,Bnei Yichalel Rehovot,English Wikipedia
2011/2012,2011,Liga Bet,South B,15,Maccabi Ironi Sderot,English Wikipedia
2011/2012,2011,Liga Bet,South B,16,Hapoel Mevaseret Zion,English Wikipedia
2011/2012,2011,Liga Gimel,Central,1,Ironi Modi'in,English Wikipedia
2011/2012,2011,Liga Gimel,Central,2,Beitar Givat Ze'ev,English Wikipedia
2011/2012,2011,Liga Gimel,Central,3,Ironi Beit Shemesh,English Wikipedia
2011/2012,2011,Liga Gimel,Central,4,Hapoel F.C. Ofakim,English Wikipedia
2011/2012,2011,Liga Gimel,Central,5,F.C. Maccabi Yeruham,English Wikipedia
2011/2012,2011,Liga Gimel,Central,6,Hapoel Tel Sheva,English Wikipedia
2011/2012,2011,Liga Gimel,Central,7,Bnei al-Salam Rahat,English Wikipedia
2011/2012,2011,Liga Gimel,Central,8,Hapoel Gedera,English Wikipedia
2011/2012,2011,Liga Gimel,Central,9,Maccabi Rehovot,English Wikipedia
2011/2012,2011,Liga Gimel,Central,10,F.C. Rishon LeZion,English Wikipedia
2011/2012,2011,Liga Gimel,Central,11,Hapoel F.C. Hevel Modi'in,English Wikipedia
2011/2012,2011,Liga Gimel,Central,12,F.C. Tzeirei al-Hoshla,English Wikipedia
2011/2012,2011,Liga Gimel,Central,13,Hapoel Tzeirei al-Mahdi,English Wikipedia
2011/2012,2011,Liga Gimel,Central,14,Hapoel Tirat Shalom,English Wikipedia
2011/2012,2011,Liga Gimel,Central,15,Hapoel Ramla,English Wikipedia
2011/2012,2011,Liga Gimel,Jezreel,1,Hapoel Bnei Nujeidat,English Wikipedia
2011/2012,2011,Liga Gimel,Jezreel,2,F.C. Tzeirei Tur'an,English Wikipedia
2011/2012,2011,Liga Gimel,Jezreel,3,Maccabi Sulam,English Wikipedia
2011/2012,2011,Liga Gimel,Jezreel,4,Hapoel Bnei Zalafa,English Wikipedia
2011/2012,2011,Liga Gimel,Jezreel,5,Beitar Afula,English Wikipedia
2011/2012,2011,Liga Gimel,Jezreel,6,Maccabi Har HaCarmel,English Wikipedia
2011/2012,2011,Liga Gimel,Jezreel,7,Hapoel F.C. Sandala Gilboa,English Wikipedia
2011/2012,2011,Liga Gimel,Jezreel,8,Ahi Bir al-Maksur,English Wikipedia
2011/2012,2011,Liga Gimel,Jezreel,9,Maccabi Ironi Yafa,English Wikipedia
2011/2012,2011,Liga Gimel,Jezreel,10,Hapoel al-Ittihad Nazareth,English Wikipedia
2011/2012,2011,Liga Gimel,Jezreel,11,Hapoel Bnei Nazareth,English Wikipedia
2011/2012,2011,Liga Gimel,Jezreel,12,Hapoel Manshiya Zabda,English Wikipedia
2011/2012,2011,Liga Gimel,Jezreel,13,Beitar el-Amal Nazareth,English Wikipedia
2011/2012,2011,Liga Gimel,Jezreel,14,Hapoel Bnei Hajajra,English Wikipedia
2011/2012,2011,Liga Gimel,Samaria,1,Hapoel Umm al-Fahm,English Wikipedia
2011/2012,2011,Liga Gimel,Samaria,2,F.C. Pardes Hanna-Karkur,English Wikipedia
2011/2012,2011,Liga Gimel,Samaria,3,Hapoel Ihud Bnei Jatt,English Wikipedia
2011/2012,2011,Liga Gimel,Samaria,4,Hapoel Yokneam,English Wikipedia
2011/2012,2011,Liga Gimel,Samaria,5,Maccabi Neve Sha'anan Eldad,English Wikipedia
2011/2012,2011,Liga Gimel,Samaria,6,Hapoel Bnei Fureidis,English Wikipedia
2011/2012,2011,Liga Gimel,Samaria,7,Hapoel Spartak Haifa,English Wikipedia
2011/2012,2011,Liga Gimel,Samaria,8,Bnei Umm al-Fahm,English Wikipedia
2011/2012,2011,Liga Gimel,Samaria,9,Beitar Pardes Hanna,English Wikipedia
2011/2012,2011,Liga Gimel,Samaria,10,Beitar Umm al-Fahm,English Wikipedia
2011/2012,2011,Liga Gimel,Samaria,11,Hapoel Kafr Qara,English Wikipedia
2011/2012,2011,Liga Gimel,Samaria,12,Beitar Hadera,English Wikipedia
2011/2012,2011,Liga Gimel,Sharon,1,Hapoel Morasha Ramat HaSharon,English Wikipedia
2011/2012,2011,Liga Gimel,Sharon,2,Beitar Petah Tikva,English Wikipedia
2011/2012,2011,Liga Gimel,Sharon,3,Hapoel Jaljulia,English Wikipedia
2011/2012,2011,Liga Gimel,Sharon,4,F.C. Bnei Ra'anana,English Wikipedia
2011/2012,2011,Liga Gimel,Sharon,5,F.C. Tzeirei Tayibe,English Wikipedia
2011/2012,2011,Liga Gimel,Sharon,6,Hapoel Oranit,English Wikipedia
2011/2012,2011,Liga Gimel,Sharon,7,F.C. Bnei Qalansawe,English Wikipedia
2011/2012,2011,Liga Gimel,Sharon,8,Hapoel Aliyah Kfar Saba,English Wikipedia
2011/2012,2011,Liga Gimel,Sharon,9,Beitar Oranit,English Wikipedia
2011/2012,2011,Liga Gimel,Sharon,10,Beitar Ariel,English Wikipedia
2011/2012,2011,Liga Gimel,Sharon,11,Hapoel Kafr Qasim Shouaa,English Wikipedia
2011/2012,2011,Liga Gimel,Sharon,12,Hapoel Kafr Bara,English Wikipedia
2011/2012,2011,Liga Gimel,Sharon,13,Shimshon Kafr Qasim,English Wikipedia
2011/2012,2011,Liga Gimel,Sharon,14,Beitar Tubruk,English Wikipedia
2011/2012,2011,Liga Gimel,Sharon,15,Hapoel Tzeirei Qalansawe,English Wikipedia
2011/2012,2011,Liga Gimel,Sharon,16,F.C. Kafr Qasim Nibrass,English Wikipedia
2011/2012,2011,Liga Gimel,Tel Aviv,1,Otzma F.C. Holon,English Wikipedia
2011/2012,2011,Liga Gimel,Tel Aviv,2,Bnei Yehud,English Wikipedia
2011/2012,2011,Liga Gimel,Tel Aviv,3,Hapoel F.C. Givat Shmuel,English Wikipedia
2011/2012,2011,Liga Gimel,Tel Aviv,4,Hapoel Ramat Israel,English Wikipedia
2011/2012,2011,Liga Gimel,Tel Aviv,5,F.C. Mahanaim Ramat Gan,English Wikipedia
2011/2012,2011,Liga Gimel,Tel Aviv,6,F.C. Roei Heshbon Tel Aviv,English Wikipedia
2011/2012,2011,Liga Gimel,Tel Aviv,7,Hapoel Kiryat Shalom,English Wikipedia
2011/2012,2011,Liga Gimel,Tel Aviv,8,Ironi Beit Dagan,English Wikipedia
2011/2012,2011,Liga Gimel,Tel Aviv,9,Agudat Sport Holon,English Wikipedia
2011/2012,2011,Liga Gimel,Tel Aviv,10,Maccabi Ironi Or Yehuda,English Wikipedia
2011/2012,2011,Liga Gimel,Tel Aviv,11,Elitzur Yehud,English Wikipedia
2011/2012,2011,Liga Gimel,Tel Aviv,12,Beitar Jaffa,English Wikipedia
2011/2012,2011,Liga Gimel,Tel Aviv,13,Beitar Ezra,English Wikipedia
2011/2012,2011,Liga Gimel,Tel Aviv,14,Elitzur Jaffa Tel Aviv,English Wikipedia
2011/2012,2011,Liga Gimel,Tel Aviv,15,Hapoel Neve Golan,English Wikipedia
2011/2012,2011,Liga Gimel,Tel Aviv,16,Brit Sport Ma'of,English Wikipedia
2011/2012,2011,Liga Gimel,Upper Galilee,1,Hapoel Bnei Maghar,English Wikipedia
2011/2012,2011,Liga Gimel,Upper Galilee,2,Hapoel Bu'eine,English Wikipedia
2011/2012,2011,Liga Gimel,Upper Galilee,3,Hapoel Nahf,English Wikipedia
2011/2012,2011,Liga Gimel,Upper Galilee,4,Hapoel Ironi Bnei I'billin,English Wikipedia
2011/2012,2011,Liga Gimel,Upper Galilee,5,Beitar Kafr Kanna,English Wikipedia
2011/2012,2011,Liga Gimel,Upper Galilee,6,Maccabi Bnei Deir Hanna,English Wikipedia
2011/2012,2011,Liga Gimel,Upper Galilee,7,Hapoel Nahariya,English Wikipedia
2011/2012,2011,Liga Gimel,Upper Galilee,8,Hapoel Safed,English Wikipedia
2011/2012,2011,Liga Gimel,Upper Galilee,9,Ironi Bnei Sha'ab,English Wikipedia
2011/2012,2011,Liga Gimel,Upper Galilee,10,F.C. Hatzor HaGlilit,English Wikipedia
2011/2012,2011,Liga Gimel,Upper Galilee,11,Hapoel Jatt Yanuh HaGlilit,English Wikipedia
2011/2012,2011,Liga Gimel,Upper Galilee,12,Hapoel Bnei Rameh,English Wikipedia
2011/2012,2011,Liga Gimel,Upper Galilee,13,Hapoel Bnei Peki'in,English Wikipedia
2011/2012,2011,Liga Gimel,Upper Galilee,14,Hapoel Bnei Bi'ina,English Wikipedia
2011/2012,2011,Liga Gimel,Upper Galilee,15,F.C. Julis,English Wikipedia
2011/2012,2011,Liga Leumit,,1,Hapoel Ramat Gan,RSSSF
2011/2012,2011,Liga Leumit,,2,Bnei Lod,RSSSF
2011/2012,2011,Liga Leumit,,3,Maccabi Herzliya,RSSSF
2011/2012,2011,Liga Leumit,,4,Maccabi Ahi Nazareth,RSSSF
2011/2012,2011,Liga Leumit,,5,Hapoel Ra'anana,RSSSF
2011/2012,2011,Liga Leumit,,6,Hapoel Jerusalem,RSSSF
2011/2012,2011,Liga Leumit,,7,Hapoel Kfar Saba,RSSSF
2011/2012,2011,Liga Leumit,,8,Beitar Tel Aviv,RSSSF
2011/2012,2011,Liga Leumit,,9,Hapoel Ashkelon,RSSSF
2011/2012,2011,Liga Leumit,,10,Maccabi Umm al-Fahm,RSSSF
2011/2012,2011,Liga Leumit,,11,Sektzia Nes Tziona,RSSSF
2011/2012,2011,Liga Leumit,,12,Hapoel Nof HaGalil,RSSSF
2011/2012,2011,Liga Leumit,,13,Hakoah Ramat Gan,RSSSF
2011/2012,2011,Liga Leumit,,14,Ironi Bat Yam,RSSSF
2011/2012,2011,Liga Leumit,,15,Maccabi Be'er Sheva,RSSSF
2011/2012,2011,Liga Leumit,,16,Hapoel Ironi Herzliya,RSSSF
2011/2012,2011,Ligat ha'Al,,1,Ironi Kiryat Shmona,RSSSF
2011/2012,2011,Ligat ha'Al,,2,Hapoel Tel Aviv,RSSSF
2011/2012,2011,Ligat ha'Al,,3,Bnei Yehuda Tel Aviv,RSSSF
2011/2012,2011,Ligat ha'Al,,4,Maccabi Netanya,RSSSF
2011/2012,2011,Ligat ha'Al,,5,Maccabi Haifa,RSSSF
2011/2012,2011,Ligat ha'Al,,6,Maccabi Tel Aviv,RSSSF
2011/2012,2011,Ligat ha'Al,,7,Ashdod S.C.,RSSSF
2011/2012,2011,Ligat ha'Al,,8,Bnei Sakhnin,RSSSF
2011/2012,2011,Ligat ha'Al,,9,Beitar Jerusalem,RSSSF
2011/2012,2011,Ligat ha'Al,,10,Hapoel Acre,RSSSF
2011/2012,2011,Ligat ha'Al,,11,Ironi Nir Ramat HaSharon,RSSSF
2011/2012,2011,Ligat ha'Al,,12,Hapoel Haifa,RSSSF
2011/2012,2011,Ligat ha'Al,,13,Hapoel Be'er Sheva,RSSSF
2011/2012,2011,Ligat ha'Al,,14,Maccabi Petah Tikva,RSSSF
2011/2012,2011,Ligat ha'Al,,15,Hapoel Rishon LeZion,RSSSF
2011/2012,2011,Ligat ha'Al,,16,Hapoel Petah Tikva,RSSSF
2012/2013,2012,Liga Alef,North,1,Hapoel Afula,English Wikipedia
2012/2013,2012,Liga Alef,North,2,Maccabi Daliyat al-Karmel,English Wikipedia
2012/2013,2012,Liga Alef,North,3,Hapoel Migdal HaEmek,English Wikipedia
2012/2013,2012,Liga Alef,North,4,Hapoel Asi Gilboa,English Wikipedia
2012/2013,2012,Liga Alef,North,5,Hapoel Ironi Herzliya,English Wikipedia
2012/2013,2012,Liga Alef,North,6,Ironi Tiberias,English Wikipedia
2012/2013,2012,Liga Alef,North,7,Hapoel Hadera,English Wikipedia
2012/2013,2012,Liga Alef,North,8,Maccabi Tzur Shalom,English Wikipedia
2012/2013,2012,Liga Alef,North,9,Maccabi Ironi Kiryat Ata,English Wikipedia
2012/2013,2012,Liga Alef,North,10,Hapoel F.C. Karmiel Safed,English Wikipedia
2012/2013,2012,Liga Alef,North,11,Ahva Arraba,English Wikipedia
2012/2013,2012,Liga Alef,North,12,Hapoel Daliyat al-Karmel,English Wikipedia
2012/2013,2012,Liga Alef,North,13,F.C. Givat Olga,English Wikipedia
2012/2013,2012,Liga Alef,North,14,Maccabi Kafr Kanna,English Wikipedia
2012/2013,2012,Liga Alef,North,15,Hapoel Kafr Kanna,English Wikipedia
2012/2013,2012,Liga Alef,North,16,Maccabi Sektzia Ma'alot-Tarshiha,English Wikipedia
2012/2013,2012,Liga Alef,South,1,Hapoel Katamon Jerusalem,English Wikipedia
2012/2013,2012,Liga Alef,South,2,Maccabi Jaffa,English Wikipedia
2012/2013,2012,Liga Alef,South,3,Maccabi Ironi Bat Yam,English Wikipedia
2012/2013,2012,Liga Alef,South,4,Hapoel Azor,English Wikipedia
2012/2013,2012,Liga Alef,South,5,Beitar Kfar Saba,English Wikipedia
2012/2013,2012,Liga Alef,South,6,Maccabi Ironi Amishav Petah Tikva,English Wikipedia
2012/2013,2012,Liga Alef,South,7,Hapoel Kfar Shalem,English Wikipedia
2012/2013,2012,Liga Alef,South,8,Maccabi Kiryat Gat,English Wikipedia
2012/2013,2012,Liga Alef,South,9,Maccabi Be'er Sheva,English Wikipedia
2012/2013,2012,Liga Alef,South,10,Hapoel Marmorek,English Wikipedia
2012/2013,2012,Liga Alef,South,11,Maccabi Sha'arayim,English Wikipedia
2012/2013,2012,Liga Alef,South,12,Maccabi Kiryat Malakhi,English Wikipedia
2012/2013,2012,Liga Alef,South,13,Bnei Eilat,English Wikipedia
2012/2013,2012,Liga Alef,South,14,Hapoel Arad,English Wikipedia
2012/2013,2012,Liga Alef,South,15,Maccabi Ironi Kfar Yona,English Wikipedia
2012/2013,2012,Liga Alef,South,16,Hapoel F.C. Ortodoxim Lod,English Wikipedia
2012/2013,2012,Liga Bet,North A,1,Beitar Nahariya,English Wikipedia
2012/2013,2012,Liga Bet,North A,2,Ihud Bnei Majd al-Krum,English Wikipedia
2012/2013,2012,Liga Bet,North A,3,Ironi Bnei Kabul,English Wikipedia
2012/2013,2012,Liga Bet,North A,4,Hapoel Kaukab,English Wikipedia
2012/2013,2012,Liga Bet,North A,5,F.C. Bnei Arraba,English Wikipedia
2012/2013,2012,Liga Bet,North A,6,Ahi Acre,English Wikipedia
2012/2013,2012,Liga Bet,North A,7,Maccabi Tamra,English Wikipedia
2012/2013,2012,Liga Bet,North A,8,Hapoel Bnei Maghar,English Wikipedia
2012/2013,2012,Liga Bet,North A,9,Maccabi Ironi Acre,English Wikipedia
2012/2013,2012,Liga Bet,North A,10,F.C. Ahva Kafr Manda,English Wikipedia
2012/2013,2012,Liga Bet,North A,11,Beitar Haifa,English Wikipedia
2012/2013,2012,Liga Bet,North A,12,Hapoel Shefa-'Amr,English Wikipedia
2012/2013,2012,Liga Bet,North A,13,Hapoel Ahva Haifa,English Wikipedia
2012/2013,2012,Liga Bet,North A,14,Hapoel Ihud Bnei Sumei,English Wikipedia
2012/2013,2012,Liga Bet,North A,15,Hapoel Sakhnin,English Wikipedia
2012/2013,2012,Liga Bet,North A,16,F.C. Tzeirei Bir al-Maksur,English Wikipedia
2012/2013,2012,Liga Bet,North B,1,Hapoel Beit She'an,English Wikipedia
2012/2013,2012,Liga Bet,North B,2,Maccabi Ahi Iksal,English Wikipedia
2012/2013,2012,Liga Bet,North B,3,Hapoel Iksal,English Wikipedia
2012/2013,2012,Liga Bet,North B,4,F.C. Tzeirei Tur'an,English Wikipedia
2012/2013,2012,Liga Bet,North B,5,Hapoel Umm al-Fahm,English Wikipedia
2012/2013,2012,Liga Bet,North B,6,Hapoel Ironi Baqa al-Gharbiyye,English Wikipedia
2012/2013,2012,Liga Bet,North B,7,Maccabi Ironi Kafr Qara,English Wikipedia
2012/2013,2012,Liga Bet,North B,8,Hapoel Ramot Menashe Megiddo,English Wikipedia
2012/2013,2012,Liga Bet,North B,9,Ironi Nesher,English Wikipedia
2012/2013,2012,Liga Bet,North B,10,F.C. Daburiyya,English Wikipedia
2012/2013,2012,Liga Bet,North B,11,Hapoel Umm al-Ghanem Nein,English Wikipedia
2012/2013,2012,Liga Bet,North B,12,Maccabi Ein Mahil,English Wikipedia
2012/2013,2012,Liga Bet,North B,13,Hapoel Isfiya,English Wikipedia
2012/2013,2012,Liga Bet,North B,14,F.C. Bu'eine,English Wikipedia
2012/2013,2012,Liga Bet,North B,15,F.C. Kfar Kama,English Wikipedia
2012/2013,2012,Liga Bet,North B,16,Ihud Bnei Baqa,English Wikipedia
2012/2013,2012,Liga Bet,South A,1,Hapoel Mahane Yehuda,English Wikipedia
2012/2013,2012,Liga Bet,South A,2,F.C. Kafr Qasim,English Wikipedia
2012/2013,2012,Liga Bet,South A,3,Hapoel Bik'at HaYarden,English Wikipedia
2012/2013,2012,Liga Bet,South A,4,F.C. Tira,English Wikipedia
2012/2013,2012,Liga Bet,South A,5,F.C. Bnei Jaffa Ortodoxim,English Wikipedia
2012/2013,2012,Liga Bet,South A,6,Beitar Petah Tikva,English Wikipedia
2012/2013,2012,Liga Bet,South A,7,Hapoel Morasha Ramat HaSharon,English Wikipedia
2012/2013,2012,Liga Bet,South A,8,Otzma F.C. Holon,English Wikipedia
2012/2013,2012,Liga Bet,South A,9,F.C. Ironi Or Yehuda,English Wikipedia
2012/2013,2012,Liga Bet,South A,10,Beitar Ramat Gan,English Wikipedia
2012/2013,2012,Liga Bet,South A,11,Hapoel Hod HaSharon,English Wikipedia
2012/2013,2012,Liga Bet,South A,12,Maccabi HaSharon Netanya,English Wikipedia
2012/2013,2012,Liga Bet,South A,13,Hapoel Kiryat Ono,English Wikipedia
2012/2013,2012,Liga Bet,South A,14,Gadna Tel Aviv Yehuda,English Wikipedia
2012/2013,2012,Liga Bet,South A,15,Maccabi Bnei Jaljulia,English Wikipedia
2012/2013,2012,Liga Bet,South A,16,Shikun Vatikim Ramat Gan,English Wikipedia
2012/2013,2012,Liga Bet,South B,1,Maccabi Be'er Ya'akov,English Wikipedia
2012/2013,2012,Liga Bet,South B,2,Maccabi Ironi Netivot,English Wikipedia
2012/2013,2012,Liga Bet,South B,3,Beitar Giv'at Ze'ev,English Wikipedia
2012/2013,2012,Liga Bet,South B,4,Hapoel Holon,English Wikipedia
2012/2013,2012,Liga Bet,South B,5,F.C. Shikun HaMizrach,English Wikipedia
2012/2013,2012,Liga Bet,South B,6,Hapoel Nahlat Yehuda,English Wikipedia
2012/2013,2012,Liga Bet,South B,7,Ironi Modi'in,English Wikipedia
2012/2013,2012,Liga Bet,South B,8,Bnei Yichalel Rehovot,English Wikipedia
2012/2013,2012,Liga Bet,South B,9,Beitar Ironi Ma'ale Adumim,English Wikipedia
2012/2013,2012,Liga Bet,South B,10,Ironi Beit Shemesh,English Wikipedia
2012/2013,2012,Liga Bet,South B,11,Hapoel Rahat,English Wikipedia
2012/2013,2012,Liga Bet,South B,12,Moadon Tzeirei Rahat,English Wikipedia
2012/2013,2012,Liga Bet,South B,13,F.C. Dimona,English Wikipedia
2012/2013,2012,Liga Bet,South B,14,Hapoel Merhavim,English Wikipedia
2012/2013,2012,Liga Bet,South B,15,F.C. Be'er Sheva,English Wikipedia
2012/2013,2012,Liga Bet,South B,16,Bnei Yehud,English Wikipedia
2012/2013,2012,Liga Gimel,Central-South,1,Maccabi Ironi Sderot,English Wikipedia
2012/2013,2012,Liga Gimel,Central-South,2,F.C. Ashkelon,English Wikipedia
2012/2013,2012,Liga Gimel,Central-South,3,Maccabi Segev Shalom,English Wikipedia
2012/2013,2012,Liga Gimel,Central-South,4,Maccabi Rehovot,English Wikipedia
2012/2013,2012,Liga Gimel,Central-South,5,Hapoel Tel Sheva,English Wikipedia
2012/2013,2012,Liga Gimel,Central-South,6,F.C. Hapoel Yeruham,English Wikipedia
2012/2013,2012,Liga Gimel,Central-South,7,Bnei al-Salam Rahat,English Wikipedia
2012/2013,2012,Liga Gimel,Central-South,8,Hapoel F.C. Hevel Modi'in,English Wikipedia
2012/2013,2012,Liga Gimel,Central-South,9,Hapoel Mevaseret Zion,English Wikipedia
2012/2013,2012,Liga Gimel,Central-South,10,Hapoel Gedera,English Wikipedia
2012/2013,2012,Liga Gimel,Central-South,11,F.C. Tzeirei al-Hoshla,English Wikipedia
2012/2013,2012,Liga Gimel,Central-South,12,F.C. Rishon LeZion,English Wikipedia
2012/2013,2012,Liga Gimel,Central-South,13,Hapoel Tzeirei al-Mahdi,English Wikipedia
2012/2013,2012,Liga Gimel,Central-South,14,Hapoel Tirat Shalom,English Wikipedia
2012/2013,2012,Liga Gimel,Central-South,15,F.C. Arad,English Wikipedia
2012/2013,2012,Liga Gimel,Jezreel,1,Hapoel Bnei Nujeidat,English Wikipedia
2012/2013,2012,Liga Gimel,Jezreel,2,Maccabi Sulam,English Wikipedia
2012/2013,2012,Liga Gimel,Jezreel,3,F.C. Nazareth Illit Hanan Ohayon,English Wikipedia
2012/2013,2012,Liga Gimel,Jezreel,4,Ahi Bir al-Maksur,English Wikipedia
2012/2013,2012,Liga Gimel,Jezreel,5,Maccabi Ironi Yafa,English Wikipedia
2012/2013,2012,Liga Gimel,Jezreel,6,Hapoel F.C. Sandala Gilboa,English Wikipedia
2012/2013,2012,Liga Gimel,Jezreel,7,Hapoel Bnei Zalafa,English Wikipedia
2012/2013,2012,Liga Gimel,Jezreel,8,F.C. al-Nahda Nazareth,English Wikipedia
2012/2013,2012,Liga Gimel,Jezreel,9,Beitar Afula,English Wikipedia
2012/2013,2012,Liga Gimel,Jezreel,10,Maccabi Isfiya,English Wikipedia
2012/2013,2012,Liga Gimel,Jezreel,11,Hapoel Zarzir,English Wikipedia
2012/2013,2012,Liga Gimel,Jezreel,12,Beitar el-Amal Nazareth,English Wikipedia
2012/2013,2012,Liga Gimel,Jezreel,13,Hapoel al-Ittihad Nazareth,English Wikipedia
2012/2013,2012,Liga Gimel,Jezreel,14,Hapoel Ka'abiyye,English Wikipedia
2012/2013,2012,Liga Gimel,Jezreel,15,Hapoel Bnei Nazareth,English Wikipedia
2012/2013,2012,Liga Gimel,Jezreel,16,Hapoel Hajajre,English Wikipedia
2012/2013,2012,Liga Gimel,Samaria,1,Hapoel Yoqneam,English Wikipedia
2012/2013,2012,Liga Gimel,Samaria,2,Hapoel Ihud Bnei Jatt,English Wikipedia
2012/2013,2012,Liga Gimel,Samaria,3,F.C. Pardes Hanna-Karkur,English Wikipedia
2012/2013,2012,Liga Gimel,Samaria,4,Maccabi Ironi Tirat HaCarmel,English Wikipedia
2012/2013,2012,Liga Gimel,Samaria,5,Beitar Pardes Hanna,English Wikipedia
2012/2013,2012,Liga Gimel,Samaria,6,Hapoel Spartak Haifa,English Wikipedia
2012/2013,2012,Liga Gimel,Samaria,7,Maccabi Barta'a,English Wikipedia
2012/2013,2012,Liga Gimel,Samaria,8,Hapoel Kafr Qara,English Wikipedia
2012/2013,2012,Liga Gimel,Samaria,9,Bnei Umm al-Fahm,English Wikipedia
2012/2013,2012,Liga Gimel,Samaria,10,Beitar Hadera,English Wikipedia
2012/2013,2012,Liga Gimel,Samaria,11,Hapoel Muawiya,English Wikipedia
2012/2013,2012,Liga Gimel,Samaria,12,Hapoel Bnei Fureidis,English Wikipedia
2012/2013,2012,Liga Gimel,Samaria,13,Maccabi Neve Sha'anan Eldad,English Wikipedia
2012/2013,2012,Liga Gimel,Samaria,14,Hapoel Bnei Zemer,English Wikipedia
2012/2013,2012,Liga Gimel,Samaria,15,Maccabi Or Akiva,English Wikipedia
2012/2013,2012,Liga Gimel,Sharon,1,Shimshon Bnei Tayibe,English Wikipedia
2012/2013,2012,Liga Gimel,Sharon,2,F.C. Tzeirei Tayibe,English Wikipedia
2012/2013,2012,Liga Gimel,Sharon,3,Hapoel Kafr Qasim Shouaa,English Wikipedia
2012/2013,2012,Liga Gimel,Sharon,4,F.C. Bnei Ra'anana,English Wikipedia
2012/2013,2012,Liga Gimel,Sharon,5,Hapoel Tzeirei Qalansawe,English Wikipedia
2012/2013,2012,Liga Gimel,Sharon,6,Hapoel Pardesiya,English Wikipedia
2012/2013,2012,Liga Gimel,Sharon,7,F.C. Bnei Qalansawe,English Wikipedia
2012/2013,2012,Liga Gimel,Sharon,8,F.C. Rosh HaAyin,English Wikipedia
2012/2013,2012,Liga Gimel,Sharon,9,Beitar Oranit,English Wikipedia
2012/2013,2012,Liga Gimel,Sharon,10,Hapoel Kafr Bara,English Wikipedia
2012/2013,2012,Liga Gimel,Sharon,11,Hapoel Jaljulia,English Wikipedia
2012/2013,2012,Liga Gimel,Sharon,12,Beitar Ariel,English Wikipedia
2012/2013,2012,Liga Gimel,Sharon,13,F.C. Netanya,English Wikipedia
2012/2013,2012,Liga Gimel,Sharon,14,Shimshon Kafr Qasim,English Wikipedia
2012/2013,2012,Liga Gimel,Sharon,15,F.C. Kafr Qasim Nibrass,English Wikipedia
2012/2013,2012,Liga Gimel,Sharon,16,Beitar Tubruk,English Wikipedia
2012/2013,2012,Liga Gimel,Tel Aviv,1,Hapoel Ramat Israel,English Wikipedia
2012/2013,2012,Liga Gimel,Tel Aviv,2,Hapoel Bat Yam,English Wikipedia
2012/2013,2012,Liga Gimel,Tel Aviv,3,Ironi Beit Dagan,English Wikipedia
2012/2013,2012,Liga Gimel,Tel Aviv,4,Agudat Sport Holon,English Wikipedia
2012/2013,2012,Liga Gimel,Tel Aviv,5,Hapoel F.C. Givat Shmuel,English Wikipedia
2012/2013,2012,Liga Gimel,Tel Aviv,6,Hapoel Kiryat Shalom,English Wikipedia
2012/2013,2012,Liga Gimel,Tel Aviv,7,Hapoel Neve Golan,English Wikipedia
2012/2013,2012,Liga Gimel,Tel Aviv,8,Beitar Jaffa,English Wikipedia
2012/2013,2012,Liga Gimel,Tel Aviv,9,F.C. Mahanaim Ramat Gan,English Wikipedia
2012/2013,2012,Liga Gimel,Tel Aviv,10,Maccabi Ironi Or Yehuda,English Wikipedia
2012/2013,2012,Liga Gimel,Tel Aviv,11,F.C. Roei Heshbon Tel Aviv,English Wikipedia
2012/2013,2012,Liga Gimel,Tel Aviv,12,Elitzur Jaffa Tel Aviv,English Wikipedia
2012/2013,2012,Liga Gimel,Tel Aviv,13,Maccabi Pardes Katz,English Wikipedia
2012/2013,2012,Liga Gimel,Tel Aviv,14,Elitzur Yehud,English Wikipedia
2012/2013,2012,Liga Gimel,Tel Aviv,15,Brit Sport Ma'of,English Wikipedia
2012/2013,2012,Liga Gimel,Tel Aviv,16,Beitar Ezra,English Wikipedia
2012/2013,2012,Liga Gimel,Upper Galilee,1,Hapoel Bu'eine,English Wikipedia
2012/2013,2012,Liga Gimel,Upper Galilee,2,Beitar Kafr Kanna,English Wikipedia
2012/2013,2012,Liga Gimel,Upper Galilee,3,Hapoel Safed,English Wikipedia
2012/2013,2012,Liga Gimel,Upper Galilee,4,Merkaz Kehilati Golan Katzrin,English Wikipedia
2012/2013,2012,Liga Gimel,Upper Galilee,5,F.C. Hatzor HaGlilit,English Wikipedia
2012/2013,2012,Liga Gimel,Upper Galilee,6,Ironi Bnei Sha'ab,English Wikipedia
2012/2013,2012,Liga Gimel,Upper Galilee,7,Hapoel Nahariya,English Wikipedia
2012/2013,2012,Liga Gimel,Upper Galilee,8,Hapoel Nahf,English Wikipedia
2012/2013,2012,Liga Gimel,Upper Galilee,9,Maccabi Bnei Deir Hanna,English Wikipedia
2012/2013,2012,Liga Gimel,Upper Galilee,10,Hapoel Ironi Bnei I'billin,English Wikipedia
2012/2013,2012,Liga Gimel,Upper Galilee,11,F.C. Julis,English Wikipedia
2012/2013,2012,Liga Gimel,Upper Galilee,12,Hapoel Bnei Rameh,English Wikipedia
2012/2013,2012,Liga Gimel,Upper Galilee,13,Hapoel Bnei Jadeidi,English Wikipedia
2012/2013,2012,Liga Gimel,Upper Galilee,14,F.C. Sallama Misgav,English Wikipedia
2012/2013,2012,Liga Gimel,Upper Galilee,15,Hapoel Bnei Bi'ina,English Wikipedia
2012/2013,2012,Liga Gimel,Upper Galilee,16,Hapoel Bnei Peki'in,English Wikipedia
2012/2013,2012,Liga Leumit,,1,Maccabi Petah Tikva,RSSSF
2012/2013,2012,Liga Leumit,,2,Hapoel Ra'anana,RSSSF
2012/2013,2012,Liga Leumit,,3,Hapoel Nof HaGalil,RSSSF
2012/2013,2012,Liga Leumit,,4,Hapoel Jerusalem,RSSSF
2012/2013,2012,Liga Leumit,,5,Hapoel Petah Tikva,RSSSF
2012/2013,2012,Liga Leumit,,6,Hapoel Rishon LeZion,RSSSF
2012/2013,2012,Liga Leumit,,7,Maccabi Herzliya,RSSSF
2012/2013,2012,Liga Leumit,,8,Bnei Lod,RSSSF
2012/2013,2012,Liga Leumit,,9,Maccabi Yavne,RSSSF
2012/2013,2012,Liga Leumit,,10,Maccabi Ahi Nazareth,RSSSF
2012/2013,2012,Liga Leumit,,11,Hakoah Ramat Gan,RSSSF
2012/2013,2012,Liga Leumit,,12,Maccabi Umm al-Fahm,RSSSF
2012/2013,2012,Liga Leumit,,13,Hapoel Ashkelon,RSSSF
2012/2013,2012,Liga Leumit,,14,Beitar Tel Aviv,RSSSF
2012/2013,2012,Liga Leumit,,15,Sektzia Nes Tziona,RSSSF
2012/2013,2012,Liga Leumit,,16,Hapoel Kfar Saba,RSSSF
2012/2013,2012,Ligat ha'Al,,1,Maccabi Tel Aviv,RSSSF
2012/2013,2012,Ligat ha'Al,,2,Maccabi Haifa,RSSSF
2012/2013,2012,Ligat ha'Al,,3,Hapoel Tel Aviv,RSSSF
2012/2013,2012,Ligat ha'Al,,4,Bnei Yehuda Tel Aviv,RSSSF
2012/2013,2012,Ligat ha'Al,,5,Ironi Kiryat Shmona,RSSSF
2012/2013,2012,Ligat ha'Al,,6,Ironi Nir Ramat HaSharon,RSSSF
2012/2013,2012,Ligat ha'Al,,7,Ashdod S.C.,RSSSF
2012/2013,2012,Ligat ha'Al,,8,Hapoel Be'er Sheva,RSSSF
2012/2013,2012,Ligat ha'Al,,9,Hapoel Haifa,RSSSF
2012/2013,2012,Ligat ha'Al,,10,Beitar Jerusalem,RSSSF
2012/2013,2012,Ligat ha'Al,,11,Hapoel Acre,RSSSF
2012/2013,2012,Ligat ha'Al,,12,Bnei Sakhnin,RSSSF
2012/2013,2012,Ligat ha'Al,,13,Maccabi Netanya,RSSSF
2012/2013,2012,Ligat ha'Al,,14,Hapoel Ramat Gan,RSSSF
2013/2014,2013,Liga Alef,North,1,Hapoel Kfar Saba,English Wikipedia
2013/2014,2013,Liga Alef,North,2,Ironi Tiberias,English Wikipedia
2013/2014,2013,Liga Alef,North,3,Hapoel F.C. Karmiel Safed,English Wikipedia
2013/2014,2013,Liga Alef,North,4,Hapoel Migdal HaEmek,English Wikipedia
2013/2014,2013,Liga Alef,North,5,Maccabi Daliyat al-Karmel,English Wikipedia
2013/2014,2013,Liga Alef,North,6,Hapoel Ironi Herzliya,English Wikipedia
2013/2014,2013,Liga Alef,North,7,Hapoel Hadera,English Wikipedia
2013/2014,2013,Liga Alef,North,8,Hapoel Beit She'an,English Wikipedia
2013/2014,2013,Liga Alef,North,9,Beitar Nahariya,English Wikipedia
2013/2014,2013,Liga Alef,North,10,Hapoel Asi Gilboa,English Wikipedia
2013/2014,2013,Liga Alef,North,11,F.C. Givat Olga,English Wikipedia
2013/2014,2013,Liga Alef,North,12,Maccabi Tzur Shalom,English Wikipedia
2013/2014,2013,Liga Alef,North,13,Maccabi Ironi Kiryat Ata,English Wikipedia
2013/2014,2013,Liga Alef,North,14,Hapoel Daliyat al-Karmel,English Wikipedia
2013/2014,2013,Liga Alef,North,15,Maccabi Kafr Kanna,English Wikipedia
2013/2014,2013,Liga Alef,North,16,Ahva Arraba,English Wikipedia
2013/2014,2013,Liga Alef,South,1,Maccabi Kiryat Gat,English Wikipedia
2013/2014,2013,Liga Alef,South,2,Maccabi Jaffa,English Wikipedia
2013/2014,2013,Liga Alef,South,3,Hapoel Azor,English Wikipedia
2013/2014,2013,Liga Alef,South,4,Hapoel Marmorek,English Wikipedia
2013/2014,2013,Liga Alef,South,5,Beitar Kfar Saba,English Wikipedia
2013/2014,2013,Liga Alef,South,6,F.C. Kafr Qasim,English Wikipedia
2013/2014,2013,Liga Alef,South,7,Maccabi Ironi Amishav Petah Tikva,English Wikipedia
2013/2014,2013,Liga Alef,South,8,Hapoel Kfar Shalem,English Wikipedia
2013/2014,2013,Liga Alef,South,9,Maccabi Kiryat Malakhi,English Wikipedia
2013/2014,2013,Liga Alef,South,10,Hapoel Mahane Yehuda,English Wikipedia
2013/2014,2013,Liga Alef,South,11,Maccabi Sha'arayim,English Wikipedia
2013/2014,2013,Liga Alef,South,12,Maccabi Ironi Bat Yam,English Wikipedia
2013/2014,2013,Liga Alef,South,13,Sektzia Nes Tziona,English Wikipedia
2013/2014,2013,Liga Alef,South,14,Maccabi Be'er Sheva,English Wikipedia
2013/2014,2013,Liga Alef,South,15,Maccabi Be'er Ya'akov,English Wikipedia
2013/2014,2013,Liga Alef,South,16,Bnei Eilat,English Wikipedia
2013/2014,2013,Liga Bet,North A,1,Ihud Bnei Majd al-Krum,English Wikipedia
2013/2014,2013,Liga Bet,North A,2,Hapoel Kafr Kanna,English Wikipedia
2013/2014,2013,Liga Bet,North A,3,Maccabi Sektzia Ma'alot-Tarshiha,English Wikipedia
2013/2014,2013,Liga Bet,North A,4,F.C. Ahva Kafr Manda,English Wikipedia
2013/2014,2013,Liga Bet,North A,5,Hapoel Shefa-'Amr,English Wikipedia
2013/2014,2013,Liga Bet,North A,6,Ironi Bnei Kabul,English Wikipedia
2013/2014,2013,Liga Bet,North A,7,Hapoel Bu'eine,English Wikipedia
2013/2014,2013,Liga Bet,North A,8,Hapoel Kaukab,English Wikipedia
2013/2014,2013,Liga Bet,North A,9,Beitar Haifa,English Wikipedia
2013/2014,2013,Liga Bet,North A,10,Maccabi Ironi Acre,English Wikipedia
2013/2014,2013,Liga Bet,North A,11,Ahi Acre,English Wikipedia
2013/2014,2013,Liga Bet,North A,12,Hapoel Ihud Bnei Sumei,English Wikipedia
2013/2014,2013,Liga Bet,North A,13,Hapoel Bnei Maghar,English Wikipedia
2013/2014,2013,Liga Bet,North A,14,Maccabi Tamra,English Wikipedia
2013/2014,2013,Liga Bet,North A,15,Hapoel Sakhnin,English Wikipedia
2013/2014,2013,Liga Bet,North A,16,F.C. Bnei Arraba,English Wikipedia
2013/2014,2013,Liga Bet,North B,1,Ironi Nesher,English Wikipedia
2013/2014,2013,Liga Bet,North B,2,Hapoel Ironi Baqa al-Gharbiyye,English Wikipedia
2013/2014,2013,Liga Bet,North B,3,Hapoel Iksal,English Wikipedia
2013/2014,2013,Liga Bet,North B,4,Maccabi Ahi Iksal,English Wikipedia
2013/2014,2013,Liga Bet,North B,5,Maccabi Ironi Kafr Qara,English Wikipedia
2013/2014,2013,Liga Bet,North B,6,Maccabi Sulam,English Wikipedia
2013/2014,2013,Liga Bet,North B,7,Maccabi Ein Mahil,English Wikipedia
2013/2014,2013,Liga Bet,North B,8,Hapoel Umm al-Fahm,English Wikipedia
2013/2014,2013,Liga Bet,North B,9,F.C. Daburiyya,English Wikipedia
2013/2014,2013,Liga Bet,North B,10,Hapoel Bnei Nujeidat,English Wikipedia
2013/2014,2013,Liga Bet,North B,11,Hapoel Ramot Menashe Megiddo,English Wikipedia
2013/2014,2013,Liga Bet,North B,12,Hapoel Isfiya,English Wikipedia
2013/2014,2013,Liga Bet,North B,13,F.C. Tzeirei Tur'an,English Wikipedia
2013/2014,2013,Liga Bet,North B,14,Hapoel Yoqneam,English Wikipedia
2013/2014,2013,Liga Bet,North B,15,Hapoel Umm al-Ghanem Nein,English Wikipedia
2013/2014,2013,Liga Bet,South A,1,Hapoel Morasha Ramat HaSharon,English Wikipedia
2013/2014,2013,Liga Bet,South A,2,Hapoel Hod HaSharon,English Wikipedia
2013/2014,2013,Liga Bet,South A,3,Maccabi Ironi Kfar Yona,English Wikipedia
2013/2014,2013,Liga Bet,South A,4,Hapoel Kiryat Ono,English Wikipedia
2013/2014,2013,Liga Bet,South A,5,Hapoel Bik'at HaYarden,English Wikipedia
2013/2014,2013,Liga Bet,South A,6,Beitar Ramat Gan,English Wikipedia
2013/2014,2013,Liga Bet,South A,7,F.C. Tira,English Wikipedia
2013/2014,2013,Liga Bet,South A,8,Hapoel Ramat Israel,English Wikipedia
2013/2014,2013,Liga Bet,South A,9,F.C. Bnei Jaffa Ortodoxim,English Wikipedia
2013/2014,2013,Liga Bet,South A,10,Otzma F.C. Holon,English Wikipedia
2013/2014,2013,Liga Bet,South A,11,Maccabi Bnei Jaljulia,English Wikipedia
2013/2014,2013,Liga Bet,South A,12,F.C. Ironi Or Yehuda,English Wikipedia
2013/2014,2013,Liga Bet,South A,13,Beitar Petah Tikva,English Wikipedia
2013/2014,2013,Liga Bet,South A,14,Hapoel Holon,English Wikipedia
2013/2014,2013,Liga Bet,South A,15,Maccabi HaSharon Netanya,English Wikipedia
2013/2014,2013,Liga Bet,South A,16,Shimshon Bnei Tayibe,English Wikipedia
2013/2014,2013,Liga Bet,South B,1,F.C. Shikun HaMizrach,English Wikipedia
2013/2014,2013,Liga Bet,South B,2,Maccabi Ironi Netivot,English Wikipedia
2013/2014,2013,Liga Bet,South B,3,Beitar Giv'at Ze'ev,English Wikipedia
2013/2014,2013,Liga Bet,South B,4,Ironi Modi'in,English Wikipedia
2013/2014,2013,Liga Bet,South B,5,Hapoel Rahat,English Wikipedia
2013/2014,2013,Liga Bet,South B,6,F.C. Dimona,English Wikipedia
2013/2014,2013,Liga Bet,South B,7,Hapoel Nahlat Yehuda,English Wikipedia
2013/2014,2013,Liga Bet,South B,8,Moadon Tzeirei Rahat,English Wikipedia
2013/2014,2013,Liga Bet,South B,9,F.C. Be'er Sheva,English Wikipedia
2013/2014,2013,Liga Bet,South B,10,Bnei Yichalel Rehovot,English Wikipedia
2013/2014,2013,Liga Bet,South B,11,F.C. Tzeirei Tayibe,English Wikipedia
2013/2014,2013,Liga Bet,South B,12,Ironi Beit Shemesh,English Wikipedia
2013/2014,2013,Liga Bet,South B,13,Hapoel Arad,English Wikipedia
2013/2014,2013,Liga Bet,South B,14,Beitar Ironi Ma'ale Adumim,English Wikipedia
2013/2014,2013,Liga Bet,South B,15,Maccabi Ironi Sderot,English Wikipedia
2013/2014,2013,Liga Bet,South B,16,Hapoel Bat Yam,English Wikipedia
2013/2014,2013,Liga Gimel,Central,1,Beitar Yavne,English Wikipedia
2013/2014,2013,Liga Gimel,Central,2,Maccabi HaShikma Hen,English Wikipedia
2013/2014,2013,Liga Gimel,Central,3,Hapoel F.C. Hevel Modi'in,English Wikipedia
2013/2014,2013,Liga Gimel,Central,4,Maccabi Rehovot,English Wikipedia
2013/2014,2013,Liga Gimel,Central,5,Hapoel Mevaseret Zion,English Wikipedia
2013/2014,2013,Liga Gimel,Central,6,Hapoel Ramla,English Wikipedia
2013/2014,2013,Liga Gimel,Central,7,Maccabi Spartak Ramat Gan,English Wikipedia
2013/2014,2013,Liga Gimel,Central,8,Hapoel Matzliah,English Wikipedia
2013/2014,2013,Liga Gimel,Central,9,Hapoel Gedera,English Wikipedia
2013/2014,2013,Liga Gimel,Central,10,Hapoel Tirat Shalom,English Wikipedia
2013/2014,2013,Liga Gimel,Central,11,F.C. Rishon LeZion,English Wikipedia
2013/2014,2013,Liga Gimel,Jezreel,1,F.C. al-Nahda Nazareth,English Wikipedia
2013/2014,2013,Liga Gimel,Jezreel,2,Hapoel F.C. Sandala Gilboa,English Wikipedia
2013/2014,2013,Liga Gimel,Jezreel,3,F.C. Nazareth Illit Hanan Ohayon,English Wikipedia
2013/2014,2013,Liga Gimel,Jezreel,4,Maccabi Isfiya,English Wikipedia
2013/2014,2013,Liga Gimel,Jezreel,5,Hapoel Bnei Zalafa,English Wikipedia
2013/2014,2013,Liga Gimel,Jezreel,6,Beitar Afula,English Wikipedia
2013/2014,2013,Liga Gimel,Jezreel,7,Hapoel al-Ittihad Nazareth,English Wikipedia
2013/2014,2013,Liga Gimel,Jezreel,8,Hapoel Kafr Qara,English Wikipedia
2013/2014,2013,Liga Gimel,Jezreel,9,Bnei Umm al-Fahm,English Wikipedia
2013/2014,2013,Liga Gimel,Jezreel,10,Beitar Umm al-Fahm,English Wikipedia
2013/2014,2013,Liga Gimel,Jezreel,11,Hapoel Ka'abiyye,English Wikipedia
2013/2014,2013,Liga Gimel,Jezreel,12,Maccabi Barta'a,English Wikipedia
2013/2014,2013,Liga Gimel,Jezreel,13,Beitar el-Amal Nazareth,English Wikipedia
2013/2014,2013,Liga Gimel,Jezreel,14,Hapoel Bnei Nazareth,English Wikipedia
2013/2014,2013,Liga Gimel,Lower Galilee,1,Maccabi Ironi Yafa,English Wikipedia
2013/2014,2013,Liga Gimel,Lower Galilee,2,Hapoel Ironi Bnei I'billin,English Wikipedia
2013/2014,2013,Liga Gimel,Lower Galilee,3,F.C. Tzeirei Bir al-Maksur,English Wikipedia
2013/2014,2013,Liga Gimel,Lower Galilee,4,Ahi Bir al-Maksur,English Wikipedia
2013/2014,2013,Liga Gimel,Lower Galilee,5,F.C. Tzeirei Tamra,English Wikipedia
2013/2014,2013,Liga Gimel,Lower Galilee,6,Beitar Kafr Kanna,English Wikipedia
2013/2014,2013,Liga Gimel,Lower Galilee,7,F.C. Kfar Kama,English Wikipedia
2013/2014,2013,Liga Gimel,Lower Galilee,8,Maccabi Bnei Deir Hanna,English Wikipedia
2013/2014,2013,Liga Gimel,Lower Galilee,9,Hapoel Bnei Bi'ina,English Wikipedia
2013/2014,2013,Liga Gimel,Lower Galilee,10,Maccabi Kafr Manda,English Wikipedia
2013/2014,2013,Liga Gimel,Lower Galilee,11,Beitar Ein Mahil,English Wikipedia
2013/2014,2013,Liga Gimel,Lower Galilee,12,Ironi Bnei Sha'ab,English Wikipedia
2013/2014,2013,Liga Gimel,Lower Galilee,13,Bnei Kafr Yasif,English Wikipedia
2013/2014,2013,Liga Gimel,Samaria,1,F.C. Baqa,English Wikipedia
2013/2014,2013,Liga Gimel,Samaria,2,F.C. Pardes Hanna-Karkur,English Wikipedia
2013/2014,2013,Liga Gimel,Samaria,3,Beitar Pardes Hanna,English Wikipedia
2013/2014,2013,Liga Gimel,Samaria,4,Ihud Bnei Baqa,English Wikipedia
2013/2014,2013,Liga Gimel,Samaria,5,Hapoel Ihud Bnei Jatt,English Wikipedia
2013/2014,2013,Liga Gimel,Samaria,6,Hapoel Ahva Haifa,English Wikipedia
2013/2014,2013,Liga Gimel,Samaria,7,Hapoel Tirat Carmel,English Wikipedia
2013/2014,2013,Liga Gimel,Samaria,8,Beitar Hadera,English Wikipedia
2013/2014,2013,Liga Gimel,Samaria,9,Maccabi Ironi Tirat HaCarmel,English Wikipedia
2013/2014,2013,Liga Gimel,Samaria,10,Hapoel Spartak Haifa,English Wikipedia
2013/2014,2013,Liga Gimel,Samaria,11,Hapoel Bnei Fureidis,English Wikipedia
2013/2014,2013,Liga Gimel,Samaria,12,Maccabi Moria,English Wikipedia
2013/2014,2013,Liga Gimel,Samaria,13,Maccabi Neve Sha'anan Eldad,English Wikipedia
2013/2014,2013,Liga Gimel,Samaria,14,Hapoel Ironi Or Akiva,English Wikipedia
2013/2014,2013,Liga Gimel,Samaria,15,Hapoel Khalisa,English Wikipedia
2013/2014,2013,Liga Gimel,Sharon,1,Hapoel Kafr Qasim Shouaa,English Wikipedia
2013/2014,2013,Liga Gimel,Sharon,2,F.C. Bnei Ra'anana,English Wikipedia
2013/2014,2013,Liga Gimel,Sharon,3,Hapoel Pardesiya,English Wikipedia
2013/2014,2013,Liga Gimel,Sharon,4,Beitar Tubruk,English Wikipedia
2013/2014,2013,Liga Gimel,Sharon,5,Hapoel Oranit,English Wikipedia
2013/2014,2013,Liga Gimel,Sharon,6,Shimshon Kafr Qasim,English Wikipedia
2013/2014,2013,Liga Gimel,Sharon,7,Hapoel Kafr Bara,English Wikipedia
2013/2014,2013,Liga Gimel,Sharon,8,F.C. Bnei Qalansawe,English Wikipedia
2013/2014,2013,Liga Gimel,Sharon,9,Hapoel Jaljulia,English Wikipedia
2013/2014,2013,Liga Gimel,Sharon,10,F.C. Netanya,English Wikipedia
2013/2014,2013,Liga Gimel,Sharon,11,Beitar Ariel,English Wikipedia
2013/2014,2013,Liga Gimel,Sharon,12,Beitar Oranit,English Wikipedia
2013/2014,2013,Liga Gimel,Sharon,13,Hapoel Aliyah Kfar Saba,English Wikipedia
2013/2014,2013,Liga Gimel,Sharon,14,Hapoel Tzeirei Qalansawe,English Wikipedia
2013/2014,2013,Liga Gimel,Sharon,15,F.C. Kafr Qasim Nibrass,English Wikipedia
2013/2014,2013,Liga Gimel,South,1,Hapoel Merhavim,English Wikipedia
2013/2014,2013,Liga Gimel,South,2,F.C. Ashkelon,English Wikipedia
2013/2014,2013,Liga Gimel,South,3,Hapoel Tel Sheva,English Wikipedia
2013/2014,2013,Liga Gimel,South,4,Maccabi Segev Shalom,English Wikipedia
2013/2014,2013,Liga Gimel,South,5,F.C. Hapoel Yeruham,English Wikipedia
2013/2014,2013,Liga Gimel,South,6,Bnei al-Salam Rahat,English Wikipedia
2013/2014,2013,Liga Gimel,South,7,F.C. Be'er Sheva Haim Levi,English Wikipedia
2013/2014,2013,Liga Gimel,South,8,Hapoel Tzeirei al-Mahdi,English Wikipedia
2013/2014,2013,Liga Gimel,South,9,F.C. Tzeirei al-Hoshla,English Wikipedia
2013/2014,2013,Liga Gimel,South,10,F.C. Arad,English Wikipedia
2013/2014,2013,Liga Gimel,South,11,F.C. Ironi Kuseife,English Wikipedia
2013/2014,2013,Liga Gimel,Tel Aviv,1,F.C. Roei Heshbon Tel Aviv,English Wikipedia
2013/2014,2013,Liga Gimel,Tel Aviv,2,Agudat Sport Holon,English Wikipedia
2013/2014,2013,Liga Gimel,Tel Aviv,3,Shikun Vatikim Ramat Gan,English Wikipedia
2013/2014,2013,Liga Gimel,Tel Aviv,4,Hapoel F.C. Givat Shmuel,English Wikipedia
2013/2014,2013,Liga Gimel,Tel Aviv,5,Ironi Beit Dagan,English Wikipedia
2013/2014,2013,Liga Gimel,Tel Aviv,6,Hapoel Kiryat Shalom,English Wikipedia
2013/2014,2013,Liga Gimel,Tel Aviv,7,Elitzur Jaffa Tel Aviv,English Wikipedia
2013/2014,2013,Liga Gimel,Tel Aviv,8,Hapoel Neve Golan,English Wikipedia
2013/2014,2013,Liga Gimel,Tel Aviv,9,Bnei Yehud,English Wikipedia
2013/2014,2013,Liga Gimel,Tel Aviv,10,F.C. Mahanaim Ramat Gan,English Wikipedia
2013/2014,2013,Liga Gimel,Tel Aviv,11,Maccabi Ironi Or Yehuda,English Wikipedia
2013/2014,2013,Liga Gimel,Tel Aviv,12,Beitar Jaffa,English Wikipedia
2013/2014,2013,Liga Gimel,Tel Aviv,13,Beitar Ezra,English Wikipedia
2013/2014,2013,Liga Gimel,Tel Aviv,14,Elitzur Yehud,English Wikipedia
2013/2014,2013,Liga Gimel,Tel Aviv,15,Maccabi Pardes Katz,English Wikipedia
2013/2014,2013,Liga Gimel,Tel Aviv,16,Brit Sport Ma'of,English Wikipedia
2013/2014,2013,Liga Gimel,Upper Galilee,1,Hapoel Safed,English Wikipedia
2013/2014,2013,Liga Gimel,Upper Galilee,2,Maccabi Bnei Nahf,English Wikipedia
2013/2014,2013,Liga Gimel,Upper Galilee,3,Maccabi Nahariya,English Wikipedia
2013/2014,2013,Liga Gimel,Upper Galilee,4,Maccabi Ahva Yarka,English Wikipedia
2013/2014,2013,Liga Gimel,Upper Galilee,5,Hapoel Bnei Rameh,English Wikipedia
2013/2014,2013,Liga Gimel,Upper Galilee,6,Hapoel Bnei Peki'in,English Wikipedia
2013/2014,2013,Liga Gimel,Upper Galilee,7,F.C. Julis,English Wikipedia
2013/2014,2013,Liga Gimel,Upper Galilee,8,F.C. Sallama Misgav,English Wikipedia
2013/2014,2013,Liga Gimel,Upper Galilee,9,Hapoel Nahariya,English Wikipedia
2013/2014,2013,Liga Gimel,Upper Galilee,10,F.C. Hatzor HaGlilit,English Wikipedia
2013/2014,2013,Liga Gimel,Upper Galilee,11,Hapoel Bnei Hurfeish,English Wikipedia
2013/2014,2013,Liga Gimel,Upper Galilee,12,Hapoel Merom HaGalil,English Wikipedia
2013/2014,2013,Liga Gimel,Upper Galilee,13,Merkaz Kehilati Golan Katzrin,English Wikipedia
2013/2014,2013,Liga Gimel,Upper Galilee,14,F.C. Aramshe Danun,English Wikipedia
2013/2014,2013,Liga Gimel,Upper Galilee,15,Hapoel Tarshiha,English Wikipedia
2013/2014,2013,Liga Leumit,,1,Maccabi Netanya,RSSSF
2013/2014,2013,Liga Leumit,,2,Hapoel Petah Tikva,RSSSF
2013/2014,2013,Liga Leumit,,3,Bnei Lod,RSSSF
2013/2014,2013,Liga Leumit,,4,Maccabi Ahi Nazareth,RSSSF
2013/2014,2013,Liga Leumit,,5,Hapoel Ramat Gan,RSSSF
2013/2014,2013,Liga Leumit,,6,Hapoel Afula,RSSSF
2013/2014,2013,Liga Leumit,,7,Beitar Tel Aviv,RSSSF
2013/2014,2013,Liga Leumit,,8,Hapoel Nof HaGalil,RSSSF
2013/2014,2013,Liga Leumit,,9,Maccabi Yavne,RSSSF
2013/2014,2013,Liga Leumit,,10,Maccabi Herzliya,RSSSF
2013/2014,2013,Liga Leumit,,11,Hapoel Rishon LeZion,RSSSF
2013/2014,2013,Liga Leumit,,12,Hapoel Jerusalem,RSSSF
2013/2014,2013,Liga Leumit,,13,Hakoah Ramat Gan,RSSSF
2013/2014,2013,Liga Leumit,,14,Hapoel Katamon Jerusalem,RSSSF
2013/2014,2013,Liga Leumit,,15,Hapoel Ashkelon,RSSSF
2013/2014,2013,Liga Leumit,,16,Maccabi Umm al-Fahm,RSSSF
2013/2014,2013,Ligat ha'Al,,1,Maccabi Tel Aviv,RSSSF
2013/2014,2013,Ligat ha'Al,,2,Hapoel Be'er Sheva,RSSSF
2013/2014,2013,Ligat ha'Al,,3,Ironi Kiryat Shmona,RSSSF
2013/2014,2013,Ligat ha'Al,,4,Hapoel Tel Aviv,RSSSF
2013/2014,2013,Ligat ha'Al,,5,Maccabi Haifa,RSSSF
2013/2014,2013,Ligat ha'Al,,6,Bnei Sakhnin,RSSSF
2013/2014,2013,Ligat ha'Al,,7,Beitar Jerusalem,RSSSF
2013/2014,2013,Ligat ha'Al,,8,Ashdod S.C.,RSSSF
2013/2014,2013,Ligat ha'Al,,9,Hapoel Ra'anana,RSSSF
2013/2014,2013,Ligat ha'Al,,10,Hapoel Acre,RSSSF
2013/2014,2013,Ligat ha'Al,,11,Hapoel Haifa,RSSSF
2013/2014,2013,Ligat ha'Al,,12,Maccabi Petah Tikva,RSSSF
2013/2014,2013,Ligat ha'Al,,13,Ironi Nir Ramat HaSharon,RSSSF
2013/2014,2013,Ligat ha'Al,,14,Bnei Yehuda Tel Aviv,RSSSF
2014/2015,2014,Liga Alef,North,1,Hapoel Katamon Jerusalem,English Wikipedia
2014/2015,2014,Liga Alef,North,2,Ironi Nesher,English Wikipedia
2014/2015,2014,Liga Alef,North,3,Hapoel Ironi Herzliya,English Wikipedia
2014/2015,2014,Liga Alef,North,4,Hapoel Beit She'an,English Wikipedia
2014/2015,2014,Liga Alef,North,5,Hapoel Migdal HaEmek,English Wikipedia
2014/2015,2014,Liga Alef,North,6,F.C. Givat Olga,English Wikipedia
2014/2015,2014,Liga Alef,North,7,Maccabi Ironi Kiryat Ata,English Wikipedia
2014/2015,2014,Liga Alef,North,8,Maccabi Daliyat al-Karmel,English Wikipedia
2014/2015,2014,Liga Alef,North,9,Hapoel Hadera,English Wikipedia
2014/2015,2014,Liga Alef,North,10,Maccabi Sektzia Ma'alot-Tarshiha,English Wikipedia
2014/2015,2014,Liga Alef,North,11,Maccabi Tzur Shalom,English Wikipedia
2014/2015,2014,Liga Alef,North,12,Hapoel F.C. Karmiel Safed,English Wikipedia
2014/2015,2014,Liga Alef,North,13,Ihud Bnei Majd al-Krum,English Wikipedia
2014/2015,2014,Liga Alef,North,14,Hapoel Asi Gilboa,English Wikipedia
2014/2015,2014,Liga Alef,North,15,Beitar Nahariya,English Wikipedia
2014/2015,2014,Liga Alef,North,16,Maccabi Umm al-Fahm,English Wikipedia
2014/2015,2014,Liga Alef,South,1,Hapoel Ashkelon,English Wikipedia
2014/2015,2014,Liga Alef,South,2,Maccabi Sha'arayim,English Wikipedia
2014/2015,2014,Liga Alef,South,3,Sektzia Nes Tziona,English Wikipedia
2014/2015,2014,Liga Alef,South,4,Hapoel Marmorek,English Wikipedia
2014/2015,2014,Liga Alef,South,5,Beitar Kfar Saba,English Wikipedia
2014/2015,2014,Liga Alef,South,6,Hapoel Mahane Yehuda,English Wikipedia
2014/2015,2014,Liga Alef,South,7,Hapoel Kfar Shalem,English Wikipedia
2014/2015,2014,Liga Alef,South,8,Hapoel Hod HaSharon,English Wikipedia
2014/2015,2014,Liga Alef,South,9,F.C. Kafr Qasim,English Wikipedia
2014/2015,2014,Liga Alef,South,10,Hapoel Morasha Ramat HaSharon,English Wikipedia
2014/2015,2014,Liga Alef,South,11,F.C. Shikun HaMizrah,English Wikipedia
2014/2015,2014,Liga Alef,South,12,Maccabi Ironi Amishav Petah Tikva,English Wikipedia
2014/2015,2014,Liga Alef,South,13,Hapoel Azor,English Wikipedia
2014/2015,2014,Liga Alef,South,14,Maccabi Jaffa,English Wikipedia
2014/2015,2014,Liga Alef,South,15,Maccabi Be'er Sheva,English Wikipedia
2014/2015,2014,Liga Alef,South,16,Maccabi Kiryat Malakhi,English Wikipedia
2014/2015,2014,Liga Bet,North A,1,Hapoel Kafr Kanna,English Wikipedia
2014/2015,2014,Liga Bet,North A,2,Ironi Bnei Kabul,English Wikipedia
2014/2015,2014,Liga Bet,North A,3,Maccabi Ironi Acre,English Wikipedia
2014/2015,2014,Liga Bet,North A,4,Ahi Acre,English Wikipedia
2014/2015,2014,Liga Bet,North A,5,Beitar Haifa,English Wikipedia
2014/2015,2014,Liga Bet,North A,6,Hapoel Bu'eine,English Wikipedia
2014/2015,2014,Liga Bet,North A,7,Hapoel Ihud Bnei Sumei,English Wikipedia
2014/2015,2014,Liga Bet,North A,8,F.C. Ahva Kafr Manda,English Wikipedia
2014/2015,2014,Liga Bet,North A,9,Hapoel Shefa-'Amr,English Wikipedia
2014/2015,2014,Liga Bet,North A,10,F.C. al-Nahda Nazareth,English Wikipedia
2014/2015,2014,Liga Bet,North A,11,Hapoel Safed,English Wikipedia
2014/2015,2014,Liga Bet,North A,12,Hapoel Sakhnin,English Wikipedia
2014/2015,2014,Liga Bet,North A,13,Hapoel Kaukab,English Wikipedia
2014/2015,2014,Liga Bet,North A,14,Ahva Arraba,English Wikipedia
2014/2015,2014,Liga Bet,North A,15,Hapoel Bnei Maghar,English Wikipedia
2014/2015,2014,Liga Bet,North A,16,Hapoel Ironi Bnei I'billin,English Wikipedia
2014/2015,2014,Liga Bet,North B,1,Hapoel Ironi Baqa al-Gharbiyye,English Wikipedia
2014/2015,2014,Liga Bet,North B,2,Hapoel Daliyat al-Karmel,English Wikipedia
2014/2015,2014,Liga Bet,North B,3,Hapoel Iksal,English Wikipedia
2014/2015,2014,Liga Bet,North B,4,Maccabi Ein Mahil,English Wikipedia
2014/2015,2014,Liga Bet,North B,5,Maccabi Ahi Iksal,English Wikipedia
2014/2015,2014,Liga Bet,North B,6,F.C. Tzeirei Tur'an,English Wikipedia
2014/2015,2014,Liga Bet,North B,7,Ihud Bnei Kafr Qara,English Wikipedia
2014/2015,2014,Liga Bet,North B,8,Maccabi Sulam,English Wikipedia
2014/2015,2014,Liga Bet,North B,9,Hapoel F.C. Sandala Gilboa,English Wikipedia
2014/2015,2014,Liga Bet,North B,10,Hapoel Ramot Menashe Megiddo,English Wikipedia
2014/2015,2014,Liga Bet,North B,11,Hapoel Umm  al-Fahm,English Wikipedia
2014/2015,2014,Liga Bet,North B,12,Maccabi Ironi Yafa,English Wikipedia
2014/2015,2014,Liga Bet,North B,13,Hapoel Bnei Nujeidat,English Wikipedia
2014/2015,2014,Liga Bet,North B,14,F.C. Pardes Hanna-Karkur,English Wikipedia
2014/2015,2014,Liga Bet,North B,15,F.C. Daburiyya,English Wikipedia
2014/2015,2014,Liga Bet,North B,16,Hapoel Umm al-Ghanem Nein,English Wikipedia
2014/2015,2014,Liga Bet,South A,1,Hapoel Bik'at HaYarden,English Wikipedia
2014/2015,2014,Liga Bet,South A,2,Hapoel Holon,English Wikipedia
2014/2015,2014,Liga Bet,South A,3,Hapoel Kafr Qasim Shouaa,English Wikipedia
2014/2015,2014,Liga Bet,South A,4,Hapoel Kiryat Ono,English Wikipedia
2014/2015,2014,Liga Bet,South A,5,Beitar Ramat Gan,English Wikipedia
2014/2015,2014,Liga Bet,South A,6,Maccabi Ironi Kfar Yona,English Wikipedia
2014/2015,2014,Liga Bet,South A,7,Hapoel Nahlat Yehuda,English Wikipedia
2014/2015,2014,Liga Bet,South A,8,F.C. Bnei Jaffa Ortodoxim,English Wikipedia
2014/2015,2014,Liga Bet,South A,9,F.C. Roei Heshbon Tel Aviv,English Wikipedia
2014/2015,2014,Liga Bet,South A,10,Hapoel Ramat Israel,English Wikipedia
2014/2015,2014,Liga Bet,South A,11,F.C. Tira,English Wikipedia
2014/2015,2014,Liga Bet,South A,12,F.C. Tzeirei Tayibe,English Wikipedia
2014/2015,2014,Liga Bet,South A,13,Beitar Petah Tikva,English Wikipedia
2014/2015,2014,Liga Bet,South A,14,F.C. Ironi Or Yehuda,English Wikipedia
2014/2015,2014,Liga Bet,South A,15,Maccabi Bnei Jaljulia,English Wikipedia
2014/2015,2014,Liga Bet,South A,16,Otzma F.C. Holon,English Wikipedia
2014/2015,2014,Liga Bet,South B,1,Bnei Eilat,English Wikipedia
2014/2015,2014,Liga Bet,South B,2,Ironi Modi'in,English Wikipedia
2014/2015,2014,Liga Bet,South B,3,Maccabi Ironi Netivot,English Wikipedia
2014/2015,2014,Liga Bet,South B,4,Beitar Ironi Ma'ale Adumim,English Wikipedia
2014/2015,2014,Liga Bet,South B,5,Hapoel Merhavim,English Wikipedia
2014/2015,2014,Liga Bet,South B,6,Bnei Yeechalal Rehovot,English Wikipedia
2014/2015,2014,Liga Bet,South B,7,F.C. Dimona,English Wikipedia
2014/2015,2014,Liga Bet,South B,8,F.C. Be'er Sheva,English Wikipedia
2014/2015,2014,Liga Bet,South B,9,Beitar Giv'at Ze'ev,English Wikipedia
2014/2015,2014,Liga Bet,South B,10,Agudat Sport Holon,English Wikipedia
2014/2015,2014,Liga Bet,South B,11,F.C. Tzeirei Rahat,English Wikipedia
2014/2015,2014,Liga Bet,South B,12,Hapoel Rahat,English Wikipedia
2014/2015,2014,Liga Bet,South B,13,Beitar Yavne,English Wikipedia
2014/2015,2014,Liga Bet,South B,14,Ironi Beit Shemesh,English Wikipedia
2014/2015,2014,Liga Bet,South B,15,F.C. Bnei Ra'anana,English Wikipedia
2014/2015,2014,Liga Bet,South B,16,Hapoel Arad,English Wikipedia
2014/2015,2014,Liga Gimel,Central,1,F.C. Holon Yaniv,English Wikipedia
2014/2015,2014,Liga Gimel,Central,2,Hapoel F.C. Hevel Modi'in,English Wikipedia
2014/2015,2014,Liga Gimel,Central,3,Agudat Sport Nordia Jerusalem,English Wikipedia
2014/2015,2014,Liga Gimel,Central,4,Shimshon Tel Aviv,English Wikipedia
2014/2015,2014,Liga Gimel,Central,5,Hapoel Gedera,English Wikipedia
2014/2015,2014,Liga Gimel,Central,6,Maccabi Kiryat Ekron,English Wikipedia
2014/2015,2014,Liga Gimel,Central,7,Ironi Lod,English Wikipedia
2014/2015,2014,Liga Gimel,Central,8,Hapoel Tirat Shalom,English Wikipedia
2014/2015,2014,Liga Gimel,Central,9,Maccabi Rehovot,English Wikipedia
2014/2015,2014,Liga Gimel,Central,10,Hapoel Mevaseret Zion,English Wikipedia
2014/2015,2014,Liga Gimel,Central,11,Hapoel Matzliah,English Wikipedia
2014/2015,2014,Liga Gimel,Central,12,Hapoel Antonio Ortodoxim Jaffa,English Wikipedia
2014/2015,2014,Liga Gimel,Central,13,Hapoel Ramla,English Wikipedia
2014/2015,2014,Liga Gimel,Central,14,F.C. Rishon LeZion,English Wikipedia
2014/2015,2014,Liga Gimel,Jezreel,1,Ihud Bnei Baqa,English Wikipedia
2014/2015,2014,Liga Gimel,Jezreel,2,Hapoel Bnei Zalafa,English Wikipedia
2014/2015,2014,Liga Gimel,Jezreel,3,Maccabi Isfiya,English Wikipedia
2014/2015,2014,Liga Gimel,Jezreel,4,Hapoel Bnei Ar'ara 'Ara,English Wikipedia
2014/2015,2014,Liga Gimel,Jezreel,5,F.C. Nazareth Illit Hanan Ohayon,English Wikipedia
2014/2015,2014,Liga Gimel,Jezreel,6,Beitar Afula,English Wikipedia
2014/2015,2014,Liga Gimel,Jezreel,7,Beitar Umm al-Fahm,English Wikipedia
2014/2015,2014,Liga Gimel,Jezreel,8,Hapoel Bnei Musmus,English Wikipedia
2014/2015,2014,Liga Gimel,Jezreel,9,Hapoel al-Ittihad Nazareth,English Wikipedia
2014/2015,2014,Liga Gimel,Jezreel,10,Hapoel Bnei Fureidis,English Wikipedia
2014/2015,2014,Liga Gimel,Jezreel,11,Beitar Ein Mahil,English Wikipedia
2014/2015,2014,Liga Gimel,Jezreel,12,Beitar al-Amal Nazareth,English Wikipedia
2014/2015,2014,Liga Gimel,Jezreel,13,Bnei Umm al-Fahm,English Wikipedia
2014/2015,2014,Liga Gimel,Jezreel,14,Hapoel Ka'abiyye,English Wikipedia
2014/2015,2014,Liga Gimel,Jezreel,15,Hapoel Bnei Nazareth,English Wikipedia
2014/2015,2014,Liga Gimel,Lower Galilee,1,F.C. Tzeirei Kafr Kanna,English Wikipedia
2014/2015,2014,Liga Gimel,Lower Galilee,2,Ahi Bir al-Maksur,English Wikipedia
2014/2015,2014,Liga Gimel,Lower Galilee,3,F.C. Tzeirei Tamra,English Wikipedia
2014/2015,2014,Liga Gimel,Lower Galilee,4,Maccabi Tzeirei Shefa-'Amr,English Wikipedia
2014/2015,2014,Liga Gimel,Lower Galilee,5,Maccabi Ironi Tamra,English Wikipedia
2014/2015,2014,Liga Gimel,Lower Galilee,6,Maccabi Kafr Manda,English Wikipedia
2014/2015,2014,Liga Gimel,Lower Galilee,7,F.C. Halat el-Sharif,English Wikipedia
2014/2015,2014,Liga Gimel,Lower Galilee,8,F.C. Kfar Kama,English Wikipedia
2014/2015,2014,Liga Gimel,Lower Galilee,9,Ironi Bnei Sha'ab,English Wikipedia
2014/2015,2014,Liga Gimel,Lower Galilee,10,Maccabi Bnei Deir Hanna,English Wikipedia
2014/2015,2014,Liga Gimel,Lower Galilee,11,Hapoel Bnei Deir al-Asad,English Wikipedia
2014/2015,2014,Liga Gimel,Lower Galilee,12,F.C. Tzeirei Ibtin Khawaled,English Wikipedia
2014/2015,2014,Liga Gimel,Lower Galilee,13,F.C. Bnei Arraba,English Wikipedia
2014/2015,2014,Liga Gimel,Lower Galilee,14,F.C. Tzeirei Bir al-Maksur,English Wikipedia
2014/2015,2014,Liga Gimel,Samaria,1,F.C. Haifa,English Wikipedia
2014/2015,2014,Liga Gimel,Samaria,2,Beitar Pardes Hanna,English Wikipedia
2014/2015,2014,Liga Gimel,Samaria,3,Hapoel Tirat Carmel,English Wikipedia
2014/2015,2014,Liga Gimel,Samaria,4,Hapoel Kiryat Yam,English Wikipedia
2014/2015,2014,Liga Gimel,Samaria,5,Maccabi Ironi Tirat HaCarmel,English Wikipedia
2014/2015,2014,Liga Gimel,Samaria,6,Maccabi Ironi Barta'a,English Wikipedia
2014/2015,2014,Liga Gimel,Samaria,7,Hapoel Ahva Haifa,English Wikipedia
2014/2015,2014,Liga Gimel,Samaria,8,Hapoel Ihud Bnei Jatt,English Wikipedia
2014/2015,2014,Liga Gimel,Samaria,9,Hapoel Isfiya,English Wikipedia
2014/2015,2014,Liga Gimel,Samaria,10,Hapoel Bnei Jisr az-Zarqa,English Wikipedia
2014/2015,2014,Liga Gimel,Samaria,11,Hapoel Ironi Or Akiva,English Wikipedia
2014/2015,2014,Liga Gimel,Samaria,12,Maccabi Neve Sha'anan,English Wikipedia
2014/2015,2014,Liga Gimel,Samaria,13,Beitar Hadera,English Wikipedia
2014/2015,2014,Liga Gimel,Samaria,14,Hapoel Halissa,English Wikipedia
2014/2015,2014,Liga Gimel,Sharon,1,Hapoel Pardesiya,English Wikipedia
2014/2015,2014,Liga Gimel,Sharon,2,Beitar Ironi Ariel,English Wikipedia
2014/2015,2014,Liga Gimel,Sharon,3,Maccabi HaSharon Netanya,English Wikipedia
2014/2015,2014,Liga Gimel,Sharon,4,Shimshon Kafr Qasim,English Wikipedia
2014/2015,2014,Liga Gimel,Sharon,5,Hapoel Kafr Bara,English Wikipedia
2014/2015,2014,Liga Gimel,Sharon,6,F.C. Bnei Qalansawe,English Wikipedia
2014/2015,2014,Liga Gimel,Sharon,7,Hapoel Aliyah Kfar Saba,English Wikipedia
2014/2015,2014,Liga Gimel,Sharon,8,F.C. Netanya,English Wikipedia
2014/2015,2014,Liga Gimel,Sharon,9,Beitar Tubruk,English Wikipedia
2014/2015,2014,Liga Gimel,Sharon,10,Shimshon Bnei Tayibe,English Wikipedia
2014/2015,2014,Liga Gimel,Sharon,11,Hapoel Oranit,English Wikipedia
2014/2015,2014,Liga Gimel,Sharon,12,Hapoel Jaljulia,English Wikipedia
2014/2015,2014,Liga Gimel,Sharon,13,F.C. Kafr Qasim Nibrass,English Wikipedia
2014/2015,2014,Liga Gimel,South,1,Maccabi Segev Shalom,English Wikipedia
2014/2015,2014,Liga Gimel,South,2,Bnei al-Salam Rahat,English Wikipedia
2014/2015,2014,Liga Gimel,South,3,Hapoel Yeruham,English Wikipedia
2014/2015,2014,Liga Gimel,South,4,Maccabi Ironi Hura,English Wikipedia
2014/2015,2014,Liga Gimel,South,5,Hapoel Tel Sheva,English Wikipedia
2014/2015,2014,Liga Gimel,South,6,F.C. Be'er Sheva Haim Levy,English Wikipedia
2014/2015,2014,Liga Gimel,South,7,Maccabi Ironi Sderot,English Wikipedia
2014/2015,2014,Liga Gimel,South,8,F.C. Tzeirei al-Hoshla,English Wikipedia
2014/2015,2014,Liga Gimel,South,9,Elitzur Ironi Yehuda,English Wikipedia
2014/2015,2014,Liga Gimel,South,10,Hapoel Tzeirei al-Mahdi,English Wikipedia
2014/2015,2014,Liga Gimel,South,11,F.C. Ironi Kuseife,English Wikipedia
2014/2015,2014,Liga Gimel,Tel Aviv,1,Ironi Beit Dagan,English Wikipedia
2014/2015,2014,Liga Gimel,Tel Aviv,2,Hapoel Neve Golan,English Wikipedia
2014/2015,2014,Liga Gimel,Tel Aviv,3,Hapoel Abirei Bat Yam,English Wikipedia
2014/2015,2014,Liga Gimel,Tel Aviv,4,Elitzur Jaffa Tel Aviv,English Wikipedia
2014/2015,2014,Liga Gimel,Tel Aviv,5,Hapoel Kiryat Shalom,English Wikipedia
2014/2015,2014,Liga Gimel,Tel Aviv,6,Bnei Yehud,English Wikipedia
2014/2015,2014,Liga Gimel,Tel Aviv,7,Shikun Vatikim Ramat Gan,English Wikipedia
2014/2015,2014,Liga Gimel,Tel Aviv,8,Maccabi HaShikma Hen,English Wikipedia
2014/2015,2014,Liga Gimel,Tel Aviv,9,F.C. Mahanaim Ramat Gan,English Wikipedia
2014/2015,2014,Liga Gimel,Tel Aviv,10,Beitar Ezra,English Wikipedia
2014/2015,2014,Liga Gimel,Tel Aviv,11,Maccabi Ironi Or Yehuda,English Wikipedia
2014/2015,2014,Liga Gimel,Tel Aviv,12,Maccabi Spartak Ramat Gan,English Wikipedia
2014/2015,2014,Liga Gimel,Tel Aviv,13,Beitar Jaffa,English Wikipedia
2014/2015,2014,Liga Gimel,Tel Aviv,14,Maccabi Pardes Katz,English Wikipedia
2014/2015,2014,Liga Gimel,Tel Aviv,15,Elitzur Yehud,English Wikipedia
2014/2015,2014,Liga Gimel,Tel Aviv,16,Brit Sport Ma'of,English Wikipedia
2014/2015,2014,Liga Gimel,Upper Galilee,1,Beitar Kafr Kanna,English Wikipedia
2014/2015,2014,Liga Gimel,Upper Galilee,2,Maccabi Bnei Nahf,English Wikipedia
2014/2015,2014,Liga Gimel,Upper Galilee,3,Hapoel Bnei Rameh,English Wikipedia
2014/2015,2014,Liga Gimel,Upper Galilee,4,Hapoel Nahariya,English Wikipedia
2014/2015,2014,Liga Gimel,Upper Galilee,5,F.C. Aramshe Danun,English Wikipedia
2014/2015,2014,Liga Gimel,Upper Galilee,6,Hapoel Bnei Hurfeish,English Wikipedia
2014/2015,2014,Liga Gimel,Upper Galilee,7,Hapoel Bnei Peki'in,English Wikipedia
2014/2015,2014,Liga Gimel,Upper Galilee,8,F.C. Julis,English Wikipedia
2014/2015,2014,Liga Gimel,Upper Galilee,9,F.C. Hatzor HaGlilit,English Wikipedia
2014/2015,2014,Liga Gimel,Upper Galilee,10,Maccabi Ahva Yarka,English Wikipedia
2014/2015,2014,Liga Gimel,Upper Galilee,11,Hapoel Jatt Yanuh HaGlilit,English Wikipedia
2014/2015,2014,Liga Gimel,Upper Galilee,12,Hapoel Merom HaGalil,English Wikipedia
2014/2015,2014,Liga Gimel,Upper Galilee,13,Bnei Kafr Yasif,English Wikipedia
2014/2015,2014,Liga Leumit,,1,Bnei Yehuda Tel Aviv,RSSSF
2014/2015,2014,Liga Leumit,,2,Hapoel Kfar Saba,RSSSF
2014/2015,2014,Liga Leumit,,3,Bnei Lod,RSSSF
2014/2015,2014,Liga Leumit,,4,Hapoel Afula,RSSSF
2014/2015,2014,Liga Leumit,,5,Maccabi Kiryat Gat,RSSSF
2014/2015,2014,Liga Leumit,,6,Hapoel Ramat Gan,RSSSF
2014/2015,2014,Liga Leumit,,7,Maccabi Ahi Nazareth,RSSSF
2014/2015,2014,Liga Leumit,,8,Maccabi Yavne,RSSSF
2014/2015,2014,Liga Leumit,,9,Hapoel Jerusalem,RSSSF
2014/2015,2014,Liga Leumit,,10,Hapoel Rishon LeZion,RSSSF
2014/2015,2014,Liga Leumit,,11,Ironi Nir Ramat HaSharon,RSSSF
2014/2015,2014,Liga Leumit,,12,Beitar Tel Aviv,RSSSF
2014/2015,2014,Liga Leumit,,13,Maccabi Herzliya,RSSSF
2014/2015,2014,Liga Leumit,,14,Hapoel Nof HaGalil,RSSSF
2014/2015,2014,Liga Leumit,,15,Ironi Tiberias,RSSSF
2014/2015,2014,Liga Leumit,,16,Hakoah Ramat Gan,RSSSF
2014/2015,2014,Ligat ha'Al,,1,Maccabi Tel Aviv,RSSSF
2014/2015,2014,Ligat ha'Al,,2,Ironi Kiryat Shmona,RSSSF
2014/2015,2014,Ligat ha'Al,,3,Hapoel Be'er Sheva,RSSSF
2014/2015,2014,Ligat ha'Al,,4,Beitar Jerusalem,RSSSF
2014/2015,2014,Ligat ha'Al,,5,Maccabi Haifa,RSSSF
2014/2015,2014,Ligat ha'Al,,6,Maccabi Petah Tikva,RSSSF
2014/2015,2014,Ligat ha'Al,,7,Bnei Sakhnin,RSSSF
2014/2015,2014,Ligat ha'Al,,8,Hapoel Tel Aviv,RSSSF
2014/2015,2014,Ligat ha'Al,,9,Maccabi Netanya,RSSSF
2014/2015,2014,Ligat ha'Al,,10,Hapoel Ra'anana,RSSSF
2014/2015,2014,Ligat ha'Al,,11,Hapoel Acre,RSSSF
2014/2015,2014,Ligat ha'Al,,12,Hapoel Haifa,RSSSF
2014/2015,2014,Ligat ha'Al,,13,Hapoel Petah Tikva,RSSSF
2014/2015,2014,Ligat ha'Al,,14,Ashdod S.C.,RSSSF
2015/2016,2015,Liga Alef,North,1,Ironi Nesher,English Wikipedia
2015/2016,2015,Liga Alef,North,2,Hapoel Hadera,English Wikipedia
2015/2016,2015,Liga Alef,North,3,Ironi Tiberias,English Wikipedia
2015/2016,2015,Liga Alef,North,4,Hapoel Ironi Herzliya,English Wikipedia
2015/2016,2015,Liga Alef,North,5,Maccabi Ironi Kiryat Ata,English Wikipedia
2015/2016,2015,Liga Alef,North,6,Hapoel Kafr Kanna,English Wikipedia
2015/2016,2015,Liga Alef,North,7,Hapoel Ironi Baqa al-Gharbiyye,English Wikipedia
2015/2016,2015,Liga Alef,North,8,Hapoel F.C. Karmiel Safed,English Wikipedia
2015/2016,2015,Liga Alef,North,9,Hapoel Migdal HaEmek,English Wikipedia
2015/2016,2015,Liga Alef,North,10,Hapoel Beit She'an,English Wikipedia
2015/2016,2015,Liga Alef,North,11,Hapoel Iksal,English Wikipedia
2015/2016,2015,Liga Alef,North,12,Hapoel Asi Gilboa,English Wikipedia
2015/2016,2015,Liga Alef,North,13,Maccabi Tzur Shalom,English Wikipedia
2015/2016,2015,Liga Alef,North,14,Maccabi Daliyat al-Karmel,English Wikipedia
2015/2016,2015,Liga Alef,North,15,Maccabi Sektzia Ma'alot-Tarshiha,English Wikipedia
2015/2016,2015,Liga Alef,North,16,Ihud Bnei Majd al-Krum,English Wikipedia
2015/2016,2015,Liga Alef,South,1,Maccabi Sha'arayim,English Wikipedia
2015/2016,2015,Liga Alef,South,2,Sektzia Nes Tziona,English Wikipedia
2015/2016,2015,Liga Alef,South,3,Maccabi Jaffa,English Wikipedia
2015/2016,2015,Liga Alef,South,4,F.C. Kafr Qasim,English Wikipedia
2015/2016,2015,Liga Alef,South,5,Hapoel Azor,English Wikipedia
2015/2016,2015,Liga Alef,South,6,Hapoel Kfar Shalem,English Wikipedia
2015/2016,2015,Liga Alef,South,7,Hapoel Marmorek,English Wikipedia
2015/2016,2015,Liga Alef,South,8,Hapoel Bik'at HaYarden,English Wikipedia
2015/2016,2015,Liga Alef,South,9,Hapoel Hod HaSharon,English Wikipedia
2015/2016,2015,Liga Alef,South,10,Hapoel Mahane Yehuda,English Wikipedia
2015/2016,2015,Liga Alef,South,11,Beitar Kfar Saba,English Wikipedia
2015/2016,2015,Liga Alef,South,12,F.C. Shikun HaMizrah,English Wikipedia
2015/2016,2015,Liga Alef,South,13,Hakoah Ramat Gan,English Wikipedia
2015/2016,2015,Liga Alef,South,14,Maccabi Ironi Amishav Petah Tikva,English Wikipedia
2015/2016,2015,Liga Alef,South,15,Bnei Eilat,English Wikipedia
2015/2016,2015,Liga Alef,South,16,Hapoel Morasha Ramat HaSharon,English Wikipedia
2015/2016,2015,Liga Bet,North A,1,F.C. Tzeirei Kafr Kanna,English Wikipedia
2015/2016,2015,Liga Bet,North A,2,Hapoel Bu'eine,English Wikipedia
2015/2016,2015,Liga Bet,North A,3,Ironi Bnei Kabul,English Wikipedia
2015/2016,2015,Liga Bet,North A,4,Hapoel Kaukab,English Wikipedia
2015/2016,2015,Liga Bet,North A,5,Maccabi Ironi Acre,English Wikipedia
2015/2016,2015,Liga Bet,North A,6,Hapoel Shefa-'Amr,English Wikipedia
2015/2016,2015,Liga Bet,North A,7,Beitar Nahariya,English Wikipedia
2015/2016,2015,Liga Bet,North A,8,Hapoel Ihud Bnei Sumei,English Wikipedia
2015/2016,2015,Liga Bet,North A,9,F.C. Ahva Kafr Manda,English Wikipedia
2015/2016,2015,Liga Bet,North A,10,Ahi Acre,English Wikipedia
2015/2016,2015,Liga Bet,North A,11,Maccabi Bnei Nahf,English Wikipedia
2015/2016,2015,Liga Bet,North A,12,F.C. al-Nahda Nazareth,English Wikipedia
2015/2016,2015,Liga Bet,North A,13,Beitar Haifa,English Wikipedia
2015/2016,2015,Liga Bet,North A,14,Ahi Bir al-Maksur,English Wikipedia
2015/2016,2015,Liga Bet,North A,15,Beitar Kafr Kanna,English Wikipedia
2015/2016,2015,Liga Bet,North A,16,Hapoel Bnei Maghar,English Wikipedia
2015/2016,2015,Liga Bet,North B,1,F.C. Haifa,English Wikipedia
2015/2016,2015,Liga Bet,North B,2,Hapoel Umm al-Fahm,English Wikipedia
2015/2016,2015,Liga Bet,North B,3,Hapoel F.C. Sandala Gilboa,English Wikipedia
2015/2016,2015,Liga Bet,North B,4,Hapoel Bnei Zalafa,English Wikipedia
2015/2016,2015,Liga Bet,North B,5,F.C. Daburiyya,English Wikipedia
2015/2016,2015,Liga Bet,North B,6,Maccabi Ahi Iksal,English Wikipedia
2015/2016,2015,Liga Bet,North B,7,Hapoel Daliyat al-Karmel,English Wikipedia
2015/2016,2015,Liga Bet,North B,8,Maccabi Sulam,English Wikipedia
2015/2016,2015,Liga Bet,North B,9,Ihud Bnei Kafr Qara,English Wikipedia
2015/2016,2015,Liga Bet,North B,10,Maccabi Ein Mahil,English Wikipedia
2015/2016,2015,Liga Bet,North B,11,Maccabi Umm al-Fahm,English Wikipedia
2015/2016,2015,Liga Bet,North B,12,Hapoel Ramot Menashe Megiddo,English Wikipedia
2015/2016,2015,Liga Bet,North B,13,F.C. Tzeirei Tur'an,English Wikipedia
2015/2016,2015,Liga Bet,North B,14,Ihud Bnei Baqa,English Wikipedia
2015/2016,2015,Liga Bet,North B,15,Maccabi Ironi Yafa,English Wikipedia
2015/2016,2015,Liga Bet,North B,16,F.C. Pardes Hanna-Karkur,English Wikipedia
2015/2016,2015,Liga Bet,South A,1,F.C. Bnei Jaffa Ortodoxim,English Wikipedia
2015/2016,2015,Liga Bet,South A,2,F.C. Tira,English Wikipedia
2015/2016,2015,Liga Bet,South A,3,Hapoel Kafr Qasim Shouaa,English Wikipedia
2015/2016,2015,Liga Bet,South A,4,F.C. Ironi Or Yehuda,English Wikipedia
2015/2016,2015,Liga Bet,South A,5,Hapoel Pardesiya,English Wikipedia
2015/2016,2015,Liga Bet,South A,6,Agudat Sport Holon,English Wikipedia
2015/2016,2015,Liga Bet,South A,7,Beitar Petah Tikva,English Wikipedia
2015/2016,2015,Liga Bet,South A,8,Hapoel Nahlat Yehuda,English Wikipedia
2015/2016,2015,Liga Bet,South A,9,Hapoel Kiryat Ono,English Wikipedia
2015/2016,2015,Liga Bet,South A,10,Hapoel Ramat Israel,English Wikipedia
2015/2016,2015,Liga Bet,South A,11,F.C. Tzeirei Tayibe,English Wikipedia
2015/2016,2015,Liga Bet,South A,12,F.C. Roei Heshbon Tel Aviv,English Wikipedia
2015/2016,2015,Liga Bet,South A,13,Beitar Ramat Gan,English Wikipedia
2015/2016,2015,Liga Bet,South A,14,Hapoel Holon,English Wikipedia
2015/2016,2015,Liga Bet,South A,15,Maccabi Ironi Kfar Yona,English Wikipedia
2015/2016,2015,Liga Bet,South A,16,Ironi Beit Dagan,English Wikipedia
2015/2016,2015,Liga Bet,South B,1,F.C. Dimona,English Wikipedia
2015/2016,2015,Liga Bet,South B,2,F.C. Be'er Sheva,English Wikipedia
2015/2016,2015,Liga Bet,South B,3,F.C. Holon Yaniv,English Wikipedia
2015/2016,2015,Liga Bet,South B,4,Maccabi Kiryat Malakhi,English Wikipedia
2015/2016,2015,Liga Bet,South B,5,Ironi Modi'in,English Wikipedia
2015/2016,2015,Liga Bet,South B,6,Beitar Ironi Ma'ale Adumim,English Wikipedia
2015/2016,2015,Liga Bet,South B,7,Beitar Giv'at Ze'ev,English Wikipedia
2015/2016,2015,Liga Bet,South B,8,Maccabi Be'er Sheva,English Wikipedia
2015/2016,2015,Liga Bet,South B,9,Maccabi Segev Shalom,English Wikipedia
2015/2016,2015,Liga Bet,South B,10,Ironi Beit Shemesh,English Wikipedia
2015/2016,2015,Liga Bet,South B,11,Maccabi Ironi Netivot,English Wikipedia
2015/2016,2015,Liga Bet,South B,12,Bnei Yeechalal Rehovot,English Wikipedia
2015/2016,2015,Liga Bet,South B,13,F.C. Tzeirei Rahat,English Wikipedia
2015/2016,2015,Liga Bet,South B,14,Beitar Yavne,English Wikipedia
2015/2016,2015,Liga Bet,South B,15,Hapoel Merhavim,English Wikipedia
2015/2016,2015,Liga Bet,South B,16,Hapoel Rahat,English Wikipedia
2015/2016,2015,Liga Gimel,Central,1,Agudat Sport Nordia Jerusalem,English Wikipedia
2015/2016,2015,Liga Gimel,Central,2,Ironi Lod,English Wikipedia
2015/2016,2015,Liga Gimel,Central,3,Hapoel Ironi Gedera,English Wikipedia
2015/2016,2015,Liga Gimel,Central,4,Maccabi Kiryat Ekron,English Wikipedia
2015/2016,2015,Liga Gimel,Central,5,F.C. Rishon LeZion,English Wikipedia
2015/2016,2015,Liga Gimel,Central,6,Hapoel Tirat Shalom,English Wikipedia
2015/2016,2015,Liga Gimel,Central,7,Hapoel Abirei Bat Yam,English Wikipedia
2015/2016,2015,Liga Gimel,Central,8,Hapoel Mevaseret Zion,English Wikipedia
2015/2016,2015,Liga Gimel,Central,9,F.C. Tzeirei Lod,English Wikipedia
2015/2016,2015,Liga Gimel,Central,10,Hapoel Matzliah,English Wikipedia
2015/2016,2015,Liga Gimel,Central,11,Hapoel Ramla,English Wikipedia
2015/2016,2015,Liga Gimel,Central,12,Hapoel F.C. Hevel Modi'in,English Wikipedia
2015/2016,2015,Liga Gimel,Jezreel,1,Hapoel Bnei Arara 'Ara,English Wikipedia
2015/2016,2015,Liga Gimel,Jezreel,2,Hapoel Bnei Fureidis,English Wikipedia
2015/2016,2015,Liga Gimel,Jezreel,3,Hapoel Isfiya,English Wikipedia
2015/2016,2015,Liga Gimel,Jezreel,4,Bnei Musheirifa Baiada,English Wikipedia
2015/2016,2015,Liga Gimel,Jezreel,5,Beitar Afula,English Wikipedia
2015/2016,2015,Liga Gimel,Jezreel,6,F.C. Nazareth Illit,English Wikipedia
2015/2016,2015,Liga Gimel,Jezreel,7,Maccabi Ahi Arara 'Ara,English Wikipedia
2015/2016,2015,Liga Gimel,Jezreel,8,Beitar Umm al-Fahm,English Wikipedia
2015/2016,2015,Liga Gimel,Jezreel,9,Hapoel Bnei Musmus,English Wikipedia
2015/2016,2015,Liga Gimel,Jezreel,10,Hapoel al-Ittihad Nazareth,English Wikipedia
2015/2016,2015,Liga Gimel,Jezreel,11,Beitar Ein Mahil,English Wikipedia
2015/2016,2015,Liga Gimel,Jezreel,12,F.C. Kfar Kama,English Wikipedia
2015/2016,2015,Liga Gimel,Jezreel,13,Beitar al-Amal Nazareth,English Wikipedia
2015/2016,2015,Liga Gimel,Lower Galilee,1,Maccabi Tzeirei Shefa-'Amr,English Wikipedia
2015/2016,2015,Liga Gimel,Lower Galilee,2,Ahva Arraba,English Wikipedia
2015/2016,2015,Liga Gimel,Lower Galilee,3,Ironi Bnei Sha'ab,English Wikipedia
2015/2016,2015,Liga Gimel,Lower Galilee,4,Maccabi Kafr Manda,English Wikipedia
2015/2016,2015,Liga Gimel,Lower Galilee,5,F.C. Halat el-Sharif,English Wikipedia
2015/2016,2015,Liga Gimel,Lower Galilee,6,F.C. Tzeirei Tamra,English Wikipedia
2015/2016,2015,Liga Gimel,Lower Galilee,7,Hapoel Ironi Bnei I'billin,English Wikipedia
2015/2016,2015,Liga Gimel,Lower Galilee,8,Maccabi Ironi Tamra,English Wikipedia
2015/2016,2015,Liga Gimel,Lower Galilee,9,Hapoel Bnei Nujeidat,English Wikipedia
2015/2016,2015,Liga Gimel,Lower Galilee,10,Hapoel Bnei Deir al-Asad,English Wikipedia
2015/2016,2015,Liga Gimel,Lower Galilee,11,F.C. Bnei Arraba,English Wikipedia
2015/2016,2015,Liga Gimel,Lower Galilee,12,Maccabi Basmat Tab'un,English Wikipedia
2015/2016,2015,Liga Gimel,Lower Galilee,13,F.C. Tzeirei Ibtin Khawaled,English Wikipedia
2015/2016,2015,Liga Gimel,Lower Galilee,14,Maccabi Bnei Deir Hanna,English Wikipedia
2015/2016,2015,Liga Gimel,Samaria,1,Hapoel Tirat Carmel,English Wikipedia
2015/2016,2015,Liga Gimel,Samaria,2,Hapoel Kiryat Yam,English Wikipedia
2015/2016,2015,Liga Gimel,Samaria,3,Maccabi Isfiya,English Wikipedia
2015/2016,2015,Liga Gimel,Samaria,4,Maccabi Ironi Barta'a,English Wikipedia
2015/2016,2015,Liga Gimel,Samaria,5,Maccabi Neve Sha'anan Eldad,English Wikipedia
2015/2016,2015,Liga Gimel,Samaria,6,Maccabi Ironi Tirat HaCarmel,English Wikipedia
2015/2016,2015,Liga Gimel,Samaria,7,Hapoel Ironi Or Akiva,English Wikipedia
2015/2016,2015,Liga Gimel,Samaria,8,Beitar Pardes Hanna,English Wikipedia
2015/2016,2015,Liga Gimel,Samaria,9,Hapoel Ahva Haifa,English Wikipedia
2015/2016,2015,Liga Gimel,Samaria,10,Beitar Hadera,English Wikipedia
2015/2016,2015,Liga Gimel,Samaria,11,Hapoel Bnei Jisr az-Zarqa,English Wikipedia
2015/2016,2015,Liga Gimel,Samaria,12,Hapoel Ein as-Sahala,English Wikipedia
2015/2016,2015,Liga Gimel,Samaria,13,Hapoel Halissa,English Wikipedia
2015/2016,2015,Liga Gimel,Sharon,1,Hapoel Ihud Bnei Jatt,English Wikipedia
2015/2016,2015,Liga Gimel,Sharon,2,F.C. Bnei Qalansawe,English Wikipedia
2015/2016,2015,Liga Gimel,Sharon,3,F.C. Ironi Ariel,English Wikipedia
2015/2016,2015,Liga Gimel,Sharon,4,Hapoel Jaljulia,English Wikipedia
2015/2016,2015,Liga Gimel,Sharon,5,Shimson Kafr Qasim,English Wikipedia
2015/2016,2015,Liga Gimel,Sharon,6,Maccabi HaSharon Netanya,English Wikipedia
2015/2016,2015,Liga Gimel,Sharon,7,F.C. Bnei Ra'anana,English Wikipedia
2015/2016,2015,Liga Gimel,Sharon,8,Hapoel Oranit,English Wikipedia
2015/2016,2015,Liga Gimel,Sharon,9,Hapoel Kafr Bara,English Wikipedia
2015/2016,2015,Liga Gimel,Sharon,10,F.C. Kafr Qasim Nibrass,English Wikipedia
2015/2016,2015,Liga Gimel,Sharon,11,Shimshon Bnei Tayibe,English Wikipedia
2015/2016,2015,Liga Gimel,Sharon,12,F.C. Netanya,English Wikipedia
2015/2016,2015,Liga Gimel,Sharon,13,Beitar Tubruk,English Wikipedia
2015/2016,2015,Liga Gimel,South,1,Maccabi Ironi Ashdod,English Wikipedia
2015/2016,2015,Liga Gimel,South,2,Maccabi Ironi Sderot,English Wikipedia
2015/2016,2015,Liga Gimel,South,3,Agudat Sport Ashdod,English Wikipedia
2015/2016,2015,Liga Gimel,South,4,Hapoel Bnei Ashdod,English Wikipedia
2015/2016,2015,Liga Gimel,South,5,Hapoel Yeruham,English Wikipedia
2015/2016,2015,Liga Gimel,South,6,F.C. Be'er Sheva Haim Levy,English Wikipedia
2015/2016,2015,Liga Gimel,South,7,F.C. Arad,English Wikipedia
2015/2016,2015,Liga Gimel,South,8,Elitzur Ironi Yehuda,English Wikipedia
2015/2016,2015,Liga Gimel,South,9,F.C. Tzeirei al-Hoshla,English Wikipedia
2015/2016,2015,Liga Gimel,South,10,Bnei al-Salam Rahat,English Wikipedia
2015/2016,2015,Liga Gimel,South,11,F.C. Agudat Sport Ashkelon,English Wikipedia
2015/2016,2015,Liga Gimel,South,12,Maccabi Ironi Hura,English Wikipedia
2015/2016,2015,Liga Gimel,South,13,F.C. Ironi Kuseife,English Wikipedia
2015/2016,2015,Liga Gimel,South,14,Maccabi Dimona,English Wikipedia
2015/2016,2015,Liga Gimel,South,15,Hapoel Tzeirei al-Mahdi,English Wikipedia
2015/2016,2015,Liga Gimel,Tel Aviv,1,Shimshon Tel Aviv,English Wikipedia
2015/2016,2015,Liga Gimel,Tel Aviv,2,Maccabi HaShikma Hen,English Wikipedia
2015/2016,2015,Liga Gimel,Tel Aviv,3,Hapoel Kiryat Shalom,English Wikipedia
2015/2016,2015,Liga Gimel,Tel Aviv,4,Shikun Vatikim Ramat Gan,English Wikipedia
2015/2016,2015,Liga Gimel,Tel Aviv,5,Bnei Yehud,English Wikipedia
2015/2016,2015,Liga Gimel,Tel Aviv,6,Beitar Jaffa,English Wikipedia
2015/2016,2015,Liga Gimel,Tel Aviv,7,Hapoel Neve Golan,English Wikipedia
2015/2016,2015,Liga Gimel,Tel Aviv,8,Maccabi Spartak Ramat Gan,English Wikipedia
2015/2016,2015,Liga Gimel,Tel Aviv,9,Otzma F.C. Holon,English Wikipedia
2015/2016,2015,Liga Gimel,Tel Aviv,10,Elitzur Jaffa Tel Aviv,English Wikipedia
2015/2016,2015,Liga Gimel,Tel Aviv,11,Elitzur Yehud,English Wikipedia
2015/2016,2015,Liga Gimel,Tel Aviv,12,Maccabi Pardes Katz,English Wikipedia
2015/2016,2015,Liga Gimel,Tel Aviv,13,Maccabi Ironi Or Yehuda,English Wikipedia
2015/2016,2015,Liga Gimel,Tel Aviv,14,Beitar Ezra,English Wikipedia
2015/2016,2015,Liga Gimel,Upper Galilee,1,F.C. Julis,English Wikipedia
2015/2016,2015,Liga Gimel,Upper Galilee,2,F.C. Bnei M.M.B.E. HaGolan VeHaGalil,English Wikipedia
2015/2016,2015,Liga Gimel,Upper Galilee,3,F.C. Hatzor HaGlilit,English Wikipedia
2015/2016,2015,Liga Gimel,Upper Galilee,4,Hapoel Bnei Rameh,English Wikipedia
2015/2016,2015,Liga Gimel,Upper Galilee,5,F.C. Aramshe Danun,English Wikipedia
2015/2016,2015,Liga Gimel,Upper Galilee,6,Hapoel Bnei Hurfeish,English Wikipedia
2015/2016,2015,Liga Gimel,Upper Galilee,7,Hapoel Bnei Peki'in,English Wikipedia
2015/2016,2015,Liga Gimel,Upper Galilee,8,Maccabi Ahva Yarka,English Wikipedia
2015/2016,2015,Liga Gimel,Upper Galilee,9,Hapoel Merom HaGalil,English Wikipedia
2015/2016,2015,Liga Gimel,Upper Galilee,10,Hapoel Bnei Bi'ina,English Wikipedia
2015/2016,2015,Liga Gimel,Upper Galilee,11,Hapoel Tashiha,English Wikipedia
2015/2016,2015,Liga Gimel,Upper Galilee,12,Hapoel Jatt Yanuh HaGlilit,English Wikipedia
2015/2016,2015,Liga Gimel,Upper Galilee,13,Hapoel Nahariya,English Wikipedia
2015/2016,2015,Liga Gimel,Upper Galilee,14,Bnei Ma'alot Tarshiha,English Wikipedia
2015/2016,2015,Liga Leumit,,1,Ashdod S.C.,RSSSF
2015/2016,2015,Liga Leumit,,2,Hapoel Ashkelon,RSSSF
2015/2016,2015,Liga Leumit,,3,Hapoel Ramat Gan,RSSSF
2015/2016,2015,Liga Leumit,,4,Hapoel Katamon Jerusalem,RSSSF
2015/2016,2015,Liga Leumit,,5,Maccabi Herzliya,RSSSF
2015/2016,2015,Liga Leumit,,6,Hapoel Petah Tikva,RSSSF
2015/2016,2015,Liga Leumit,,7,Maccabi Ahi Nazareth,RSSSF
2015/2016,2015,Liga Leumit,,8,Bnei Lod,RSSSF
2015/2016,2015,Liga Leumit,,9,Beitar Tel Aviv,RSSSF
2015/2016,2015,Liga Leumit,,10,Ironi Nir Ramat HaSharon,RSSSF
2015/2016,2015,Liga Leumit,,11,Hapoel Afula,RSSSF
2015/2016,2015,Liga Leumit,,12,Hapoel Rishon LeZion,RSSSF
2015/2016,2015,Liga Leumit,,13,Hapoel Nof HaGalil,RSSSF
2015/2016,2015,Liga Leumit,,14,Hapoel Jerusalem,RSSSF
2015/2016,2015,Liga Leumit,,15,Maccabi Yavne,RSSSF
2015/2016,2015,Liga Leumit,,16,Maccabi Kiryat Gat,RSSSF
2015/2016,2015,Ligat ha'Al,,1,Hapoel Be'er Sheva,RSSSF
2015/2016,2015,Ligat ha'Al,,2,Maccabi Tel Aviv,RSSSF
2015/2016,2015,Ligat ha'Al,,3,Beitar Jerusalem,RSSSF
2015/2016,2015,Ligat ha'Al,,4,Maccabi Haifa,RSSSF
2015/2016,2015,Ligat ha'Al,,5,Bnei Sakhnin,RSSSF
2015/2016,2015,Ligat ha'Al,,6,Hapoel Ra'anana,RSSSF
2015/2016,2015,Ligat ha'Al,,7,Maccabi Petah Tikva,RSSSF
2015/2016,2015,Ligat ha'Al,,8,Bnei Yehuda Tel Aviv,RSSSF
2015/2016,2015,Ligat ha'Al,,9,Hapoel Tel Aviv,RSSSF
2015/2016,2015,Ligat ha'Al,,10,Hapoel Kfar Saba,RSSSF
2015/2016,2015,Ligat ha'Al,,11,Ironi Kiryat Shmona,RSSSF
2015/2016,2015,Ligat ha'Al,,12,Hapoel Haifa,RSSSF
2015/2016,2015,Ligat ha'Al,,13,Hapoel Acre,RSSSF
2015/2016,2015,Ligat ha'Al,,14,Maccabi Netanya,RSSSF
2016/2017,2016,Liga Alef,North,1,Hapoel Hadera,English Wikipedia
2016/2017,2016,Liga Alef,North,2,F.C. Haifa,English Wikipedia
2016/2017,2016,Liga Alef,North,3,Hapoel Iksal,English Wikipedia
2016/2017,2016,Liga Alef,North,4,Ironi Tiberias,English Wikipedia
2016/2017,2016,Liga Alef,North,5,Hapoel Beit She'an,English Wikipedia
2016/2017,2016,Liga Alef,North,6,Hapoel Ironi Herzliya,English Wikipedia
2016/2017,2016,Liga Alef,North,7,Maccabi Ironi Kiryat Ata,English Wikipedia
2016/2017,2016,Liga Alef,North,8,Hapoel Migdal HaEmek,English Wikipedia
2016/2017,2016,Liga Alef,North,9,Hapoel Asi Gilboa,English Wikipedia
2016/2017,2016,Liga Alef,North,10,Maccabi Tzur Shalom,English Wikipedia
2016/2017,2016,Liga Alef,North,11,F.C. Tira,English Wikipedia
2016/2017,2016,Liga Alef,North,12,Hapoel Ironi Baqa al-Gharbiyye,English Wikipedia
2016/2017,2016,Liga Alef,North,13,Hapoel Kafr Kanna,English Wikipedia
2016/2017,2016,Liga Alef,North,14,Maccabi Daliyat al-Karmel,English Wikipedia
2016/2017,2016,Liga Alef,North,15,F.C. Tzeirei Kafr Kanna,English Wikipedia
2016/2017,2016,Liga Alef,North,16,Hapoel F.C. Karmiel Safed,English Wikipedia
2016/2017,2016,Liga Alef,South,1,Hapoel Marmorek,English Wikipedia
2016/2017,2016,Liga Alef,South,2,Sektzia Nes Tziona,English Wikipedia
2016/2017,2016,Liga Alef,South,3,Hapoel Kfar Shalem,English Wikipedia
2016/2017,2016,Liga Alef,South,4,Maccabi Yavne,English Wikipedia
2016/2017,2016,Liga Alef,South,5,F.C. Kafr Qasim,English Wikipedia
2016/2017,2016,Liga Alef,South,6,Hakoah Ramat Gan,English Wikipedia
2016/2017,2016,Liga Alef,South,7,Maccabi Jaffa,English Wikipedia
2016/2017,2016,Liga Alef,South,8,F.C. Dimona,English Wikipedia
2016/2017,2016,Liga Alef,South,9,Hapoel Bik'at HaYarden,English Wikipedia
2016/2017,2016,Liga Alef,South,10,Maccabi Kiryat Gat,English Wikipedia
2016/2017,2016,Liga Alef,South,11,Hapoel Azor,English Wikipedia
2016/2017,2016,Liga Alef,South,12,Hapoel Hod HaSharon,English Wikipedia
2016/2017,2016,Liga Alef,South,13,Hapoel Mahane Yehuda,English Wikipedia
2016/2017,2016,Liga Alef,South,14,Beitar Kfar Saba,English Wikipedia
2016/2017,2016,Liga Alef,South,15,F.C. Bnei Jaffa Ortodoxim,English Wikipedia
2016/2017,2016,Liga Alef,South,16,F.C. Shikun HaMizrah,English Wikipedia
2016/2017,2016,Liga Bet,South A,1,Maccabi Holon Yirmiyahu,IFA
2016/2017,2016,Liga Bet,South A,2,Shimshon Tel Aviv,IFA
2016/2017,2016,Liga Bet,South A,3,F.C. Ironi Or Yehuda,IFA
2016/2017,2016,Liga Bet,South A,4,Maccabi Ironi Amishav Petah Tikva,IFA
2016/2017,2016,Liga Bet,South A,5,F.C. Tzeirei Tayibe,IFA
2016/2017,2016,Liga Bet,South A,6,Hapoel Kiryat Ono,IFA
2016/2017,2016,Liga Bet,South A,7,Agudat Sport Holon,IFA
2016/2017,2016,Liga Bet,South A,8,Hapoel Nahlat Yehuda,IFA
2016/2017,2016,Liga Bet,South A,9,Hapoel Kafr Qasim Shouaa,IFA
2016/2017,2016,Liga Bet,South A,10,Beitar Petah Tikva,IFA
2016/2017,2016,Liga Bet,South A,11,Hapoel Pardesiya,IFA
2016/2017,2016,Liga Bet,South A,12,Hapoel Ihud Bnei Jatt,IFA
2016/2017,2016,Liga Bet,South A,13,Beitar Ramat Gan,IFA
2016/2017,2016,Liga Bet,South A,14,F.C. Roei Heshbon Tel Aviv,IFA
2016/2017,2016,Liga Bet,South A,15,Hapoel Ramat Yisrael,IFA
2016/2017,2016,Liga Bet,South A,16,Maccabi Ironi Kfar Yona,IFA
2016/2017,2016,Liga Gimel,Central,1,Agudat Sport Ashdod,English Wikipedia
2016/2017,2016,Liga Gimel,Central,2,Maccabi Kiryat Ekron,English Wikipedia
2016/2017,2016,Liga Gimel,Central,3,Hapoel Ironi Gedera,English Wikipedia
2016/2017,2016,Liga Gimel,Central,4,Beitar Ashdod,English Wikipedia
2016/2017,2016,Liga Gimel,Central,5,Hapoel Bnei Ashdod,English Wikipedia
2016/2017,2016,Liga Gimel,Central,6,Ironi Lod,English Wikipedia
2016/2017,2016,Liga Gimel,Central,7,F.C. Tzeirei Lod,English Wikipedia
2016/2017,2016,Liga Gimel,Central,8,Hapoel Matzliah,English Wikipedia
2016/2017,2016,Liga Gimel,Central,9,Maccabi Rehovot,English Wikipedia
2016/2017,2016,Liga Gimel,Central,10,F.C. Rishon LeZion,English Wikipedia
2016/2017,2016,Liga Gimel,Central,11,Hapoel Tirat Shalom,English Wikipedia
2016/2017,2016,Liga Gimel,Central,12,Hapoel Mevaseret Zion,English Wikipedia
2016/2017,2016,Liga Gimel,Central,13,Hapoel Ramla,English Wikipedia
2016/2017,2016,Liga Gimel,Jezreel,1,Maccabi Bnei Reineh,English Wikipedia
2016/2017,2016,Liga Gimel,Jezreel,2,Hapoel Bnei Musmus,English Wikipedia
2016/2017,2016,Liga Gimel,Jezreel,3,Bnei Musheirifa Baiada,English Wikipedia
2016/2017,2016,Liga Gimel,Jezreel,4,Beitar Afula,English Wikipedia
2016/2017,2016,Liga Gimel,Jezreel,5,F.C. Nazareth Illit,English Wikipedia
2016/2017,2016,Liga Gimel,Jezreel,6,Ahi Bir al-Maksur,English Wikipedia
2016/2017,2016,Liga Gimel,Jezreel,7,Maccabi Ahi Arara 'Ara,English Wikipedia
2016/2017,2016,Liga Gimel,Jezreel,8,Beitar Ein Mahil,English Wikipedia
2016/2017,2016,Liga Gimel,Jezreel,9,Beitar Umm al-Fahm,English Wikipedia
2016/2017,2016,Liga Gimel,Jezreel,10,Ihud Bnei Baqa,English Wikipedia
2016/2017,2016,Liga Gimel,Jezreel,11,Hapoel Ein as-Sahala,English Wikipedia
2016/2017,2016,Liga Gimel,Lower Galilee,1,Maccabi Nujeidat,English Wikipedia
2016/2017,2016,Liga Gimel,Lower Galilee,2,Maccabi Tamra,English Wikipedia
2016/2017,2016,Liga Gimel,Lower Galilee,3,Ironi Bnei Sha'ab,English Wikipedia
2016/2017,2016,Liga Gimel,Lower Galilee,4,F.C. Tzeirei Bir al-Maksur,English Wikipedia
2016/2017,2016,Liga Gimel,Lower Galilee,5,Hapoel Ironi Bnei I'billin,English Wikipedia
2016/2017,2016,Liga Gimel,Lower Galilee,6,Maccabi Kafr Manda,English Wikipedia
2016/2017,2016,Liga Gimel,Lower Galilee,7,Maccabi Basmat Tab'un,English Wikipedia
2016/2017,2016,Liga Gimel,Lower Galilee,8,F.C. Kfar Kama,English Wikipedia
2016/2017,2016,Liga Gimel,Lower Galilee,9,Hapoel Bnei Deir al-Asad,English Wikipedia
2016/2017,2016,Liga Gimel,Lower Galilee,10,Beitar Kiryat Ata,English Wikipedia
2016/2017,2016,Liga Gimel,Lower Galilee,11,F.C. Halat el-Sharif,English Wikipedia
2016/2017,2016,Liga Gimel,Samaria,1,Hapoel Bnei Fureidis,English Wikipedia
2016/2017,2016,Liga Gimel,Samaria,2,Beitar Pardes Hanna,English Wikipedia
2016/2017,2016,Liga Gimel,Samaria,3,Hapoel Bnei Jisr az-Zarqa,English Wikipedia
2016/2017,2016,Liga Gimel,Samaria,4,F.C. Pardes Hanna-Karkur,English Wikipedia
2016/2017,2016,Liga Gimel,Samaria,5,Maccabi Neve Sha'anan,English Wikipedia
2016/2017,2016,Liga Gimel,Samaria,6,Hapoel Isfiya,English Wikipedia
2016/2017,2016,Liga Gimel,Samaria,7,Hapoel Ironi Or Akiva,English Wikipedia
2016/2017,2016,Liga Gimel,Samaria,8,Hapoel Ahva Haifa,English Wikipedia
2016/2017,2016,Liga Gimel,Samaria,9,Maccabi Ironi Barta'a,English Wikipedia
2016/2017,2016,Liga Gimel,Samaria,10,Hapoel Kiryat Haim,English Wikipedia
2016/2017,2016,Liga Gimel,Samaria,11,Hapoel Halissa,English Wikipedia
2016/2017,2016,Liga Gimel,Samaria,12,F.C. Hapoel Menashe,English Wikipedia
2016/2017,2016,Liga Gimel,Sharon,1,Shimshon Kafr Qasim,English Wikipedia
2016/2017,2016,Liga Gimel,Sharon,2,Shimshon Bnei Tayibe,English Wikipedia
2016/2017,2016,Liga Gimel,Sharon,3,F.C. Bnei Qalansawe,English Wikipedia
2016/2017,2016,Liga Gimel,Sharon,4,Maccabi HaSharon Netanya,English Wikipedia
2016/2017,2016,Liga Gimel,Sharon,5,F.C. Bnei Ra'anana,English Wikipedia
2016/2017,2016,Liga Gimel,Sharon,6,Hapoel Oranit,English Wikipedia
2016/2017,2016,Liga Gimel,Sharon,7,F.C. Ironi Ariel,English Wikipedia
2016/2017,2016,Liga Gimel,Sharon,8,Hapoel Jaljulia,English Wikipedia
2016/2017,2016,Liga Gimel,Sharon,9,F.C. Netanya,English Wikipedia
2016/2017,2016,Liga Gimel,Sharon,10,Hapoel Kafr Bara,English Wikipedia
2016/2017,2016,Liga Gimel,Sharon,11,F.C. Tzeirei Tira,English Wikipedia
2016/2017,2016,Liga Gimel,Sharon,12,Beitar Tubruk,English Wikipedia
2016/2017,2016,Liga Gimel,Sharon,13,F.C. Kafr Qasim Nibrass,English Wikipedia
2016/2017,2016,Liga Gimel,South,1,Hapoel Yeruham,English Wikipedia
2016/2017,2016,Liga Gimel,South,2,Beitar Kiryat Gat,English Wikipedia
2016/2017,2016,Liga Gimel,South,3,F.C. Ironi Kuseife,English Wikipedia
2016/2017,2016,Liga Gimel,South,4,Maccabi Ironi Hura,English Wikipedia
2016/2017,2016,Liga Gimel,South,5,Hapoel Merhavim,English Wikipedia
2016/2017,2016,Liga Gimel,South,6,Maccabi Dimona,English Wikipedia
2016/2017,2016,Liga Gimel,South,7,Maccabi Ashkelon,English Wikipedia
2016/2017,2016,Liga Gimel,South,8,Elitzur Ironi Yehuda,English Wikipedia
2016/2017,2016,Liga Gimel,South,9,Hapoel Rahat,English Wikipedia
2016/2017,2016,Liga Gimel,South,10,F.C. Be'er Sheva Haim Levy,English Wikipedia
2016/2017,2016,Liga Gimel,South,11,F.C. Hapoel Ar'arat an-Naqab,English Wikipedia
2016/2017,2016,Liga Gimel,South,12,F.C. Arad,English Wikipedia
2016/2017,2016,Liga Gimel,South,13,F.C. Tzeirei al-Hoshla,English Wikipedia
2016/2017,2016,Liga Gimel,Tel Aviv,1,Ironi Beit Dagan,English Wikipedia
2016/2017,2016,Liga Gimel,Tel Aviv,2,Maccabi HaShikma Hen,English Wikipedia
2016/2017,2016,Liga Gimel,Tel Aviv,3,Otzma F.C. Holon,English Wikipedia
2016/2017,2016,Liga Gimel,Tel Aviv,4,Hapoel Neve Golan,English Wikipedia
2016/2017,2016,Liga Gimel,Tel Aviv,5,Shikun Vatikim Ramat Gan,English Wikipedia
2016/2017,2016,Liga Gimel,Tel Aviv,6,Bnei Yehud,English Wikipedia
2016/2017,2016,Liga Gimel,Tel Aviv,7,Hapoel Abirei Bat Yam,English Wikipedia
2016/2017,2016,Liga Gimel,Tel Aviv,8,AS Sporting Tel Aviv,English Wikipedia
2016/2017,2016,Liga Gimel,Tel Aviv,9,Maccabi Spartak Ramat Gan,English Wikipedia
2016/2017,2016,Liga Gimel,Tel Aviv,10,Inter Aliyah,English Wikipedia
2016/2017,2016,Liga Gimel,Tel Aviv,11,Elitzur Yehud,English Wikipedia
2016/2017,2016,Liga Gimel,Tel Aviv,12,Maccabi Ironi Or Yehuda,English Wikipedia
2016/2017,2016,Liga Gimel,Tel Aviv,13,Beitar Jaffa,English Wikipedia
2016/2017,2016,Liga Gimel,Tel Aviv,14,Elitzur Jaffa Tel Aviv,English Wikipedia
2016/2017,2016,Liga Gimel,Tel Aviv,15,Beitar Ezra,English Wikipedia
2016/2017,2016,Liga Gimel,Tel Aviv,16,Maccabi Pardes Katz,English Wikipedia
2016/2017,2016,Liga Gimel,Upper Galilee,1,F.C. Bnei M.M.B.E. HaGolan VeHaGalil,English Wikipedia
2016/2017,2016,Liga Gimel,Upper Galilee,2,F.C. Tzeirei Tamra,English Wikipedia
2016/2017,2016,Liga Gimel,Upper Galilee,3,Hapoel Merom HaGalil,English Wikipedia
2016/2017,2016,Liga Gimel,Upper Galilee,4,Hapoel Bnei  Tuba-Zangariyye,English Wikipedia
2016/2017,2016,Liga Gimel,Upper Galilee,5,Hapoel Nahariya,English Wikipedia
2016/2017,2016,Liga Gimel,Upper Galilee,6,Maccabi Ahva Sha'ab,English Wikipedia
2016/2017,2016,Liga Gimel,Upper Galilee,7,Hapoel Bnei Hurfeish,English Wikipedia
2016/2017,2016,Liga Gimel,Upper Galilee,8,Hapoel Tarshiha,English Wikipedia
2016/2017,2016,Liga Gimel,Upper Galilee,9,Hapoel Bnei Bi'ina,English Wikipedia
2016/2017,2016,Liga Gimel,Upper Galilee,10,Hapoel Bnei Peki'in,English Wikipedia
2016/2017,2016,Liga Gimel,Upper Galilee,11,Maccabi Ahva Yarka,English Wikipedia
2016/2017,2016,Liga Gimel,Upper Galilee,12,F.C. Aramshe Danun,English Wikipedia
2016/2017,2016,Liga Gimel,Upper Galilee,13,Hapoel Bnei Rameh,English Wikipedia
2016/2017,2016,Liga Leumit,,1,Maccabi Netanya,RSSSF
2016/2017,2016,Liga Leumit,,2,Hapoel Acre,RSSSF
2016/2017,2016,Liga Leumit,,3,Beitar Tel Aviv,RSSSF
2016/2017,2016,Liga Leumit,,4,Hapoel Ramat Gan,RSSSF
2016/2017,2016,Liga Leumit,,5,Hapoel Katamon Jerusalem,RSSSF
2016/2017,2016,Liga Leumit,,6,Hapoel Petah Tikva,RSSSF
2016/2017,2016,Liga Leumit,,7,Bnei Lod,RSSSF
2016/2017,2016,Liga Leumit,,8,Maccabi Ahi Nazareth,RSSSF
2016/2017,2016,Liga Leumit,,9,Ironi Nir Ramat HaSharon,RSSSF
2016/2017,2016,Liga Leumit,,10,Hapoel Rishon LeZion,RSSSF
2016/2017,2016,Liga Leumit,,11,Hapoel Afula,RSSSF
2016/2017,2016,Liga Leumit,,12,Ironi Nesher,RSSSF
2016/2017,2016,Liga Leumit,,13,Maccabi Herzliya,RSSSF
2016/2017,2016,Liga Leumit,,14,Hapoel Nof HaGalil,RSSSF
2016/2017,2016,Liga Leumit,,15,Hapoel Jerusalem,RSSSF
2016/2017,2016,Liga Leumit,,16,Maccabi Sha'arayim,RSSSF
2016/2017,2016,Ligat ha'Al,,1,Hapoel Be'er Sheva,RSSSF
2016/2017,2016,Ligat ha'Al,,2,Maccabi Tel Aviv,RSSSF
2016/2017,2016,Ligat ha'Al,,3,Beitar Jerusalem,RSSSF
2016/2017,2016,Ligat ha'Al,,4,Maccabi Petah Tikva,RSSSF
2016/2017,2016,Ligat ha'Al,,5,Bnei Sakhnin,RSSSF
2016/2017,2016,Ligat ha'Al,,6,Maccabi Haifa,RSSSF
2016/2017,2016,Ligat ha'Al,,7,Ironi Kiryat Shmona,RSSSF
2016/2017,2016,Ligat ha'Al,,8,Hapoel Haifa,RSSSF
2016/2017,2016,Ligat ha'Al,,9,Ashdod S.C.,RSSSF
2016/2017,2016,Ligat ha'Al,,10,Hapoel Ra'anana,RSSSF
2016/2017,2016,Ligat ha'Al,,11,Bnei Yehuda Tel Aviv,RSSSF
2016/2017,2016,Ligat ha'Al,,12,Hapoel Ashkelon,RSSSF
2016/2017,2016,Ligat ha'Al,,13,Hapoel Kfar Saba,RSSSF
2016/2017,2016,Ligat ha'Al,,14,Hapoel Tel Aviv,RSSSF
2017/2018,2017,Liga Alef,North,1,Hapoel Iksal,English Wikipedia
2017/2018,2017,Liga Alef,North,2,Hapoel Umm al-Fahm,English Wikipedia
2017/2018,2017,Liga Alef,North,3,Hapoel Ironi Herzliya,English Wikipedia
2017/2018,2017,Liga Alef,North,4,F.C. Haifa,English Wikipedia
2017/2018,2017,Liga Alef,North,5,Ironi Tiberias,English Wikipedia
2017/2018,2017,Liga Alef,North,6,Hapoel Jerusalem,English Wikipedia
2017/2018,2017,Liga Alef,North,7,Hapoel Shefa-'Amr,English Wikipedia
2017/2018,2017,Liga Alef,North,8,Hapoel Ironi Baqa al-Gharbiyye,English Wikipedia
2017/2018,2017,Liga Alef,North,9,Maccabi Ironi Kiryat Ata,English Wikipedia
2017/2018,2017,Liga Alef,North,10,F.C. Tira,English Wikipedia
2017/2018,2017,Liga Alef,North,11,Maccabi Tzur Shalom,English Wikipedia
2017/2018,2017,Liga Alef,North,12,Hapoel Asi Gilboa,English Wikipedia
2017/2018,2017,Liga Alef,North,13,Hapoel Kafr Kanna,English Wikipedia
2017/2018,2017,Liga Alef,North,14,Hapoel Migdal HaEmek,English Wikipedia
2017/2018,2017,Liga Alef,North,15,Hapoel Beit She'an,English Wikipedia
2017/2018,2017,Liga Alef,North,16,Maccabi Daliyat al-Karmel,English Wikipedia
2017/2018,2017,Liga Alef,South,1,Sektzia Nes Tziona,English Wikipedia
2017/2018,2017,Liga Alef,South,2,Maccabi Yavne,English Wikipedia
2017/2018,2017,Liga Alef,South,3,Maccabi Jaffa,English Wikipedia
2017/2018,2017,Liga Alef,South,4,Agudat Sport Nordia Jerusalem,English Wikipedia
2017/2018,2017,Liga Alef,South,5,Hapoel Holon,English Wikipedia
2017/2018,2017,Liga Alef,South,6,Hapoel Bik'at HaYarden,English Wikipedia
2017/2018,2017,Liga Alef,South,7,F.C. Kafr Qasim,English Wikipedia
2017/2018,2017,Liga Alef,South,8,Hapoel Kfar Shalem,English Wikipedia
2017/2018,2017,Liga Alef,South,9,Hapoel Azor,English Wikipedia
2017/2018,2017,Liga Alef,South,10,Hakoah Ramat Gan,English Wikipedia
2017/2018,2017,Liga Alef,South,11,Maccabi Sha'arayim,English Wikipedia
2017/2018,2017,Liga Alef,South,12,Beitar Kfar Saba,English Wikipedia
2017/2018,2017,Liga Alef,South,13,Maccabi Kiryat Gat,English Wikipedia
2017/2018,2017,Liga Alef,South,14,Hapoel Mahane Yehuda,English Wikipedia
2017/2018,2017,Liga Alef,South,15,F.C. Dimona,English Wikipedia
2017/2018,2017,Liga Alef,South,16,Hapoel Hod HaSharon,English Wikipedia
2017/2018,2017,Liga Bet,North A,1,Hapoel Kaukab,English Wikipedia
2017/2018,2017,Liga Bet,North A,2,F.C. Ahva Kafr Manda,English Wikipedia
2017/2018,2017,Liga Bet,North A,3,Hapoel Bu'eine,English Wikipedia
2017/2018,2017,Liga Bet,North A,4,Ironi Bnei Kabul,English Wikipedia
2017/2018,2017,Liga Bet,North A,5,F.C. Tzeirei Kafr Kanna,English Wikipedia
2017/2018,2017,Liga Bet,North A,6,Beitar Nahariya,English Wikipedia
2017/2018,2017,Liga Bet,North A,7,F.C. Bnei M.M.B.E. HaGolan VeHaGalil,English Wikipedia
2017/2018,2017,Liga Bet,North A,8,Ihud Bnei Majd al-Krum,English Wikipedia
2017/2018,2017,Liga Bet,North A,9,F.C. Tzeirei Tamra,English Wikipedia
2017/2018,2017,Liga Bet,North A,10,Maccabi Tzeirei Shefa-'Amr,English Wikipedia
2017/2018,2017,Liga Bet,North A,11,Maccabi Bnei Nahf,English Wikipedia
2017/2018,2017,Liga Bet,North A,12,Ahi Acre,English Wikipedia
2017/2018,2017,Liga Bet,North A,13,Ahva Arraba,English Wikipedia
2017/2018,2017,Liga Bet,North A,14,Maccabi Sektzia Ma'alot-Tarshiha,English Wikipedia
2017/2018,2017,Liga Bet,North A,15,Hapoel Ihud Bnei Sumei,English Wikipedia
2017/2018,2017,Liga Bet,North A,16,F.C. Julis,English Wikipedia
2017/2018,2017,Liga Bet,North B,1,Hapoel Bnei Zalafa,English Wikipedia
2017/2018,2017,Liga Bet,North B,2,F.C. Daburiyya,English Wikipedia
2017/2018,2017,Liga Bet,North B,3,Ihud Bnei Kafr Qara,English Wikipedia
2017/2018,2017,Liga Bet,North B,4,Hapoel Bnei Fureidis,English Wikipedia
2017/2018,2017,Liga Bet,North B,5,Maccabi Ahi Iksal,English Wikipedia
2017/2018,2017,Liga Bet,North B,6,Hapoel Bnei Ar'ara 'Ara,English Wikipedia
2017/2018,2017,Liga Bet,North B,7,Maccabi Nujeidat,English Wikipedia
2017/2018,2017,Liga Bet,North B,8,F.C. al-Nahda Nazareth,English Wikipedia
2017/2018,2017,Liga Bet,North B,9,Maccabi Bnei Reineh,English Wikipedia
2017/2018,2017,Liga Bet,North B,10,Hapoel Ramot Menashe Megiddo,English Wikipedia
2017/2018,2017,Liga Bet,North B,11,Hapoel F.C. Sandala Gilboa,English Wikipedia
2017/2018,2017,Liga Bet,North B,12,Hapoel Daliyat al-Karmel,English Wikipedia
2017/2018,2017,Liga Bet,North B,13,Hapoel Tirat Carmel,English Wikipedia
2017/2018,2017,Liga Bet,North B,14,Maccabi Ein Mahil,English Wikipedia
2017/2018,2017,Liga Bet,North B,15,Beitar Pardes Hanna,English Wikipedia
2017/2018,2017,Liga Bet,North B,16,F.C. Tzeirei Tur'an,English Wikipedia
2017/2018,2017,Liga Bet,South A,1,Shimshon Kafr Qasim,IFA
2017/2018,2017,Liga Bet,South A,2,F.C. Ironi Or Yehuda,IFA
2017/2018,2017,Liga Bet,South A,3,F.C. Tzeirei Tayibe,IFA
2017/2018,2017,Liga Bet,South A,4,Shimshon Tel Aviv,IFA
2017/2018,2017,Liga Bet,South A,5,Shimshon Bnei Tayibe,IFA
2017/2018,2017,Liga Bet,South A,6,Hapoel Ihud Bnei Jatt,IFA
2017/2018,2017,Liga Bet,South A,7,Hapoel Kafr Qasim Shouaa,IFA
2017/2018,2017,Liga Bet,South A,8,Ironi Beit Dagan,IFA
2017/2018,2017,Liga Bet,South A,9,Maccabi Ironi Amishav Petah Tikva,IFA
2017/2018,2017,Liga Bet,South A,10,Beitar Petah Tikva,IFA
2017/2018,2017,Liga Bet,South A,11,F.C. Roei Heshbon Tel Aviv,IFA
2017/2018,2017,Liga Bet,South A,12,F.C. Bnei Jaffa Ortodoxim,IFA
2017/2018,2017,Liga Bet,South A,13,Hapoel Kiryat Ono,IFA
2017/2018,2017,Liga Bet,South A,14,Hapoel Nahlat Yehuda,IFA
2017/2018,2017,Liga Bet,South A,15,Hapoel Pardesiya,IFA
2017/2018,2017,Liga Bet,South A,16,Agudat Sport Holon,IFA
2017/2018,2017,Liga Bet,South B,1,Agudat Sport Ashdod,English Wikipedia
2017/2018,2017,Liga Bet,South B,2,Maccabi Ironi Ashdod,English Wikipedia
2017/2018,2017,Liga Bet,South B,3,Maccabi Kiryat Malakhi,English Wikipedia
2017/2018,2017,Liga Bet,South B,4,Beitar Ironi Ma'ale Adumim,English Wikipedia
2017/2018,2017,Liga Bet,South B,5,F.C. Be'er Sheva,English Wikipedia
2017/2018,2017,Liga Bet,South B,6,Maccabi Ironi Sderot,English Wikipedia
2017/2018,2017,Liga Bet,South B,7,Hapoel Yeruham,English Wikipedia
2017/2018,2017,Liga Bet,South B,8,Ironi Modi'in,English Wikipedia
2017/2018,2017,Liga Bet,South B,9,Maccabi Ironi Netivot,English Wikipedia
2017/2018,2017,Liga Bet,South B,10,F.C. Shikun HaMizrah,English Wikipedia
2017/2018,2017,Liga Bet,South B,11,Bnei Yeechalal Rehovot,English Wikipedia
2017/2018,2017,Liga Bet,South B,12,Bnei Eilat,English Wikipedia
2017/2018,2017,Liga Bet,South B,13,Beitar Giv'at Ze'ev,English Wikipedia
2017/2018,2017,Liga Bet,South B,14,F.C. Tzeirei Rahat,English Wikipedia
2017/2018,2017,Liga Bet,South B,15,Maccabi Be'er Sheva,English Wikipedia
2017/2018,2017,Liga Bet,South B,16,Ironi Beit Shemesh,English Wikipedia
2017/2018,2017,Liga Gimel,Central (South C),1,Hapoel Lod,English Wikipedia
2017/2018,2017,Liga Gimel,Central (South C),2,Hapoel Gedera,English Wikipedia
2017/2018,2017,Liga Gimel,Central (South C),3,Hapoel Bnei Ashdod,English Wikipedia
2017/2018,2017,Liga Gimel,Central (South C),4,Beitar Yavne,English Wikipedia
2017/2018,2017,Liga Gimel,Central (South C),5,Maccabi Kiryat Ekron,English Wikipedia
2017/2018,2017,Liga Gimel,Central (South C),6,Hapoel Bat Yam,English Wikipedia
2017/2018,2017,Liga Gimel,Central (South C),7,Beitar Ashdod,English Wikipedia
2017/2018,2017,Liga Gimel,Central (South C),8,Hapoel Ramla,English Wikipedia
2017/2018,2017,Liga Gimel,Central (South C),9,F.C. Tzeirei Lod,English Wikipedia
2017/2018,2017,Liga Gimel,Central (South C),10,F.C. RIshon LeZion,English Wikipedia
2017/2018,2017,Liga Gimel,Central (South C),11,Hapoel Tirat Shalom,English Wikipedia
2017/2018,2017,Liga Gimel,Central (South C),12,Maccabi Bnei Abu Ghosh,English Wikipedia
2017/2018,2017,Liga Gimel,Central (South C),13,Hapoel Mevaseret Zion,English Wikipedia
2017/2018,2017,Liga Gimel,Central (South C),14,Hapoel Matzliah,English Wikipedia
2017/2018,2017,Liga Gimel,Jezreel (North C),1,Hapoel Bnei Musmus,English Wikipedia
2017/2018,2017,Liga Gimel,Jezreel (North C),2,Ihud Bnei Baqa,English Wikipedia
2017/2018,2017,Liga Gimel,Jezreel (North C),3,Ahi Bir al-Maksur,English Wikipedia
2017/2018,2017,Liga Gimel,Jezreel (North C),4,Bnei Musheirifa Bayada,English Wikipedia
2017/2018,2017,Liga Gimel,Jezreel (North C),5,Beitar Ein Mahil,English Wikipedia
2017/2018,2017,Liga Gimel,Jezreel (North C),6,Beitar Umm al-Fahm,English Wikipedia
2017/2018,2017,Liga Gimel,Jezreel (North C),7,Maccabi Ahi Ar'ara 'Ara,English Wikipedia
2017/2018,2017,Liga Gimel,Jezreel (North C),8,Hapoel Ein as-Sahla,English Wikipedia
2017/2018,2017,Liga Gimel,Jezreel (North C),9,Maccabi Bnei Muqeible,English Wikipedia
2017/2018,2017,Liga Gimel,Jezreel (North C),10,Maccabi Umm al-Fahm,English Wikipedia
2017/2018,2017,Liga Gimel,Jezreel (North C),11,Hapoel Tzeirei Ka'abiyye,English Wikipedia
2017/2018,2017,Liga Gimel,Jezreel (North C),12,Beitar Afula,English Wikipedia
2017/2018,2017,Liga Gimel,Lower Galilee (North B),1,Maccabi Tamra,English Wikipedia
2017/2018,2017,Liga Gimel,Lower Galilee (North B),2,Maccabi Kafr Manda,English Wikipedia
2017/2018,2017,Liga Gimel,Lower Galilee (North B),3,Maccabi Ironi Yafa,English Wikipedia
2017/2018,2017,Liga Gimel,Lower Galilee (North B),4,Hapoel Ironi Bnei I'billin,English Wikipedia
2017/2018,2017,Liga Gimel,Lower Galilee (North B),5,F.C. Tzeirei Ilut,English Wikipedia
2017/2018,2017,Liga Gimel,Lower Galilee (North B),6,Beitar Kafr Kanna,English Wikipedia
2017/2018,2017,Liga Gimel,Lower Galilee (North B),7,Hapoel Kiryat Yam,English Wikipedia
2017/2018,2017,Liga Gimel,Lower Galilee (North B),8,Maccabi Basmat Tab'un,English Wikipedia
2017/2018,2017,Liga Gimel,Lower Galilee (North B),9,Maccabi Kiryat Yam,English Wikipedia
2017/2018,2017,Liga Gimel,Lower Galilee (North B),10,Beitar Kiryat Ata,English Wikipedia
2017/2018,2017,Liga Gimel,Lower Galilee (North B),11,Maccabi Tabbash,English Wikipedia
2017/2018,2017,Liga Gimel,Lower Galilee (North B),12,Maccabi Bnei Deir al-Asad,English Wikipedia
2017/2018,2017,Liga Gimel,Lower Galilee (North B),13,F.C. Tzeirei Bir al-Maksur,English Wikipedia
2017/2018,2017,Liga Gimel,Lower Galilee (North B),14,F.C. Kfar Kama,English Wikipedia
2017/2018,2017,Liga Gimel,Samaria (North D),1,Tzeirei Ironi Baqa,English Wikipedia
2017/2018,2017,Liga Gimel,Samaria (North D),2,Beitar Haifa,English Wikipedia
2017/2018,2017,Liga Gimel,Samaria (North D),3,Maccabi Neve Sha'anan,English Wikipedia
2017/2018,2017,Liga Gimel,Samaria (North D),4,F.C. Pardes Hanna-Karkur,English Wikipedia
2017/2018,2017,Liga Gimel,Samaria (North D),5,Hapoel Bnei Jisr az-Zarqa,English Wikipedia
2017/2018,2017,Liga Gimel,Samaria (North D),6,Maccabi Ironi Barta'a,English Wikipedia
2017/2018,2017,Liga Gimel,Samaria (North D),7,Hapoel Ironi Or Akiva,English Wikipedia
2017/2018,2017,Liga Gimel,Samaria (North D),8,Maccabi Isfiya,English Wikipedia
2017/2018,2017,Liga Gimel,Samaria (North D),9,Maccabi Ahva Fureidis,English Wikipedia
2017/2018,2017,Liga Gimel,Samaria (North D),10,Hapoel Ahva Haifa,English Wikipedia
2017/2018,2017,Liga Gimel,Samaria (North D),11,Hapoel Kiryat Haim,English Wikipedia
2017/2018,2017,Liga Gimel,Samaria (North D),12,F.C. Hapoel Menashe,English Wikipedia
2017/2018,2017,Liga Gimel,Samaria (North D),13,Hapoel Halissa,English Wikipedia
2017/2018,2017,Liga Gimel,Sharon (South A),1,Hapoel Kafr Bara,English Wikipedia
2017/2018,2017,Liga Gimel,Sharon (South A),2,F.C. Bnei Ra'anana,English Wikipedia
2017/2018,2017,Liga Gimel,Sharon (South A),3,AS Sporting Tel Aviv,English Wikipedia
2017/2018,2017,Liga Gimel,Sharon (South A),4,Ironi Ariel,English Wikipedia
2017/2018,2017,Liga Gimel,Sharon (South A),5,Maccabi HaSharon Netanya,English Wikipedia
2017/2018,2017,Liga Gimel,Sharon (South A),6,Hapoel Jaljulia,English Wikipedia
2017/2018,2017,Liga Gimel,Sharon (South A),7,Hapoel Oranit,English Wikipedia
2017/2018,2017,Liga Gimel,Sharon (South A),8,Maccabi Ironi Kfar Yona,English Wikipedia
2017/2018,2017,Liga Gimel,Sharon (South A),9,F.C. Tzeirei Tira,English Wikipedia
2017/2018,2017,Liga Gimel,Sharon (South A),10,F.C. Kafr Qasim Nibrass,English Wikipedia
2017/2018,2017,Liga Gimel,Sharon (South A),11,F.C. Netanya,English Wikipedia
2017/2018,2017,Liga Gimel,Sharon (South A),12,F.C. Bnei Qalansawe,English Wikipedia
2017/2018,2017,Liga Gimel,Sharon (South A),13,Beitar Tubruk,English Wikipedia
2017/2018,2017,Liga Gimel,South (South D),1,Beitar Kiryat Gat,English Wikipedia
2017/2018,2017,Liga Gimel,South (South D),2,F.C. Ironi Kuseife,English Wikipedia
2017/2018,2017,Liga Gimel,South (South D),3,F.C. Arad,English Wikipedia
2017/2018,2017,Liga Gimel,South (South D),4,F.C. Be'er Sheva Haim Levy,English Wikipedia
2017/2018,2017,Liga Gimel,South (South D),5,Maccabi Ashkelon,English Wikipedia
2017/2018,2017,Liga Gimel,South (South D),6,Hapoel Merhavim,English Wikipedia
2017/2018,2017,Liga Gimel,South (South D),7,F.C. Matnas Ofakim,English Wikipedia
2017/2018,2017,Liga Gimel,South (South D),8,Maccabi Ironi Hura,English Wikipedia
2017/2018,2017,Liga Gimel,South (South D),9,Hapoel Rahat,English Wikipedia
2017/2018,2017,Liga Gimel,South (South D),10,Maccabi Dimona,English Wikipedia
2017/2018,2017,Liga Gimel,South (South D),11,F.C. Tzeirei al-Hoshla,English Wikipedia
2017/2018,2017,Liga Gimel,South (South D),12,Hapoel Bnei Lakiya,English Wikipedia
2017/2018,2017,Liga Gimel,Tel Aviv (South B),1,Beitar Ramat Gan,English Wikipedia
2017/2018,2017,Liga Gimel,Tel Aviv (South B),2,Hapoel Neve Golan,English Wikipedia
2017/2018,2017,Liga Gimel,Tel Aviv (South B),3,Bnei Yehud,English Wikipedia
2017/2018,2017,Liga Gimel,Tel Aviv (South B),4,Otzma F.C. Holon,English Wikipedia
2017/2018,2017,Liga Gimel,Tel Aviv (South B),5,Shikun Vatikim Ramat Gan,English Wikipedia
2017/2018,2017,Liga Gimel,Tel Aviv (South B),6,Hapoel Ramat Israel,English Wikipedia
2017/2018,2017,Liga Gimel,Tel Aviv (South B),7,Maccabi HaShikman Hen,English Wikipedia
2017/2018,2017,Liga Gimel,Tel Aviv (South B),8,Inter Aliyah,English Wikipedia
2017/2018,2017,Liga Gimel,Tel Aviv (South B),9,Hapoel Holon,English Wikipedia
2017/2018,2017,Liga Gimel,Tel Aviv (South B),10,Maccabi Spartak Ramat Gan,English Wikipedia
2017/2018,2017,Liga Gimel,Tel Aviv (South B),11,Beitar Jaffa,English Wikipedia
2017/2018,2017,Liga Gimel,Tel Aviv (South B),12,Maccabi Ironi Or Yehuda,English Wikipedia
2017/2018,2017,Liga Gimel,Tel Aviv (South B),13,Elitzur Jaffa Tel Aviv,English Wikipedia
2017/2018,2017,Liga Gimel,Tel Aviv (South B),14,Elitzur Yehud,English Wikipedia
2017/2018,2017,Liga Gimel,Tel Aviv (South B),15,Beitar Ezra,English Wikipedia
2017/2018,2017,Liga Gimel,Tel Aviv (South B),16,Maccabi Pardes Katz,English Wikipedia
2017/2018,2017,Liga Gimel,Upper Galilee (North A),1,Maccabi Ahva Yarka,English Wikipedia
2017/2018,2017,Liga Gimel,Upper Galilee (North A),2,Maccabi Ahva Sha'ab,English Wikipedia
2017/2018,2017,Liga Gimel,Upper Galilee (North A),3,Hapoel Bnei Tuba-Zangariyye,English Wikipedia
2017/2018,2017,Liga Gimel,Upper Galilee (North A),4,F.C. Bnei Bir al-Maksur,English Wikipedia
2017/2018,2017,Liga Gimel,Upper Galilee (North A),5,F.C. Hatzor HaGlilit,English Wikipedia
2017/2018,2017,Liga Gimel,Upper Galilee (North A),6,Tzeirei Sakhnin,English Wikipedia
2017/2018,2017,Liga Gimel,Upper Galilee (North A),7,Hapoel Nahariya,English Wikipedia
2017/2018,2017,Liga Gimel,Upper Galilee (North A),8,Hapoel Bnei Hurfeish,English Wikipedia
2017/2018,2017,Liga Gimel,Upper Galilee (North A),9,Hapoel Bnei Deir al-Asad,English Wikipedia
2017/2018,2017,Liga Gimel,Upper Galilee (North A),10,Maccabi Katzrin Golan,English Wikipedia
2017/2018,2017,Liga Gimel,Upper Galilee (North A),11,Hapoel Tarshiha,English Wikipedia
2017/2018,2017,Liga Gimel,Upper Galilee (North A),12,Maccabi Tzeirei Bi'ina,English Wikipedia
2017/2018,2017,Liga Gimel,Upper Galilee (North A),13,Hapoel Bnei Bi'ina,English Wikipedia
2017/2018,2017,Liga Leumit,,1,Hapoel Tel Aviv,RSSSF
2017/2018,2017,Liga Leumit,,2,Hapoel Hadera,RSSSF
2017/2018,2017,Liga Leumit,,3,Hapoel Rishon LeZion,RSSSF
2017/2018,2017,Liga Leumit,,4,Beitar Tel Aviv,RSSSF
2017/2018,2017,Liga Leumit,,5,Hapoel Katamon Jerusalem,RSSSF
2017/2018,2017,Liga Leumit,,6,Maccabi Ahi Nazareth,RSSSF
2017/2018,2017,Liga Leumit,,7,Hapoel Nof HaGalil,RSSSF
2017/2018,2017,Liga Leumit,,8,Hapoel Afula,RSSSF
2017/2018,2017,Liga Leumit,,9,Hapoel Petah Tikva,RSSSF
2017/2018,2017,Liga Leumit,,10,Bnei Lod,RSSSF
2017/2018,2017,Liga Leumit,,11,Ironi Nir Ramat HaSharon,RSSSF
2017/2018,2017,Liga Leumit,,12,Hapoel Marmorek,RSSSF
2017/2018,2017,Liga Leumit,,13,Hapoel Ramat Gan,RSSSF
2017/2018,2017,Liga Leumit,,14,Hapoel Kfar Saba,RSSSF
2017/2018,2017,Liga Leumit,,15,Maccabi Herzliya,RSSSF
2017/2018,2017,Liga Leumit,,16,Ironi Nesher,RSSSF
2017/2018,2017,Ligat ha'Al,,1,Hapoel Be'er Sheva,RSSSF
2017/2018,2017,Ligat ha'Al,,2,Maccabi Tel Aviv,RSSSF
2017/2018,2017,Ligat ha'Al,,3,Beitar Jerusalem,RSSSF
2017/2018,2017,Ligat ha'Al,,4,Hapoel Haifa,RSSSF
2017/2018,2017,Ligat ha'Al,,5,Maccabi Netanya,RSSSF
2017/2018,2017,Ligat ha'Al,,6,Bnei Yehuda Tel Aviv,RSSSF
2017/2018,2017,Ligat ha'Al,,7,Ironi Kiryat Shmona,RSSSF
2017/2018,2017,Ligat ha'Al,,8,Maccabi Petah Tikva,RSSSF
2017/2018,2017,Ligat ha'Al,,9,Hapoel Ra'anana,RSSSF
2017/2018,2017,Ligat ha'Al,,10,Maccabi Haifa,RSSSF
2017/2018,2017,Ligat ha'Al,,11,Bnei Sakhnin,RSSSF
2017/2018,2017,Ligat ha'Al,,12,Ashdod S.C.,RSSSF
2017/2018,2017,Ligat ha'Al,,13,Hapoel Ashkelon,RSSSF
2017/2018,2017,Ligat ha'Al,,14,Hapoel Acre,RSSSF
2018/2019,2018,Liga Alef,North,1,Hapoel Umm al-Fahm,English Wikipedia
2018/2019,2018,Liga Alef,North,2,Hapoel Ironi Baqa al-Gharbiyye,English Wikipedia
2018/2019,2018,Liga Alef,North,3,Hapoel Ironi Herzliya,English Wikipedia
2018/2019,2018,Liga Alef,North,4,Hapoel Kaukab,English Wikipedia
2018/2019,2018,Liga Alef,North,5,F.C. Tira,English Wikipedia
2018/2019,2018,Liga Alef,North,6,Hapoel Bnei Zalafa,English Wikipedia
2018/2019,2018,Liga Alef,North,7,Hapoel Kafr Kanna,English Wikipedia
2018/2019,2018,Liga Alef,North,8,F.C. Haifa,English Wikipedia
2018/2019,2018,Liga Alef,North,9,Maccabi Ironi Kiryat Ata,English Wikipedia
2018/2019,2018,Liga Alef,North,10,Hapoel Asi Gilboa,English Wikipedia
2018/2019,2018,Liga Alef,North,11,Hapoel Migdal HaEmek,English Wikipedia
2018/2019,2018,Liga Alef,North,12,Ironi Tiberias,English Wikipedia
2018/2019,2018,Liga Alef,North,13,Maccabi Tzur Shalom,English Wikipedia
2018/2019,2018,Liga Alef,North,14,Ironi Nesher,English Wikipedia
2018/2019,2018,Liga Alef,North,15,Hapoel Jerusalem,English Wikipedia
2018/2019,2018,Liga Alef,North,16,Hapoel Shefa-'Amr,English Wikipedia
2018/2019,2018,Liga Alef,South,1,F.C. Kafr Qasim,English Wikipedia
2018/2019,2018,Liga Alef,South,2,Hakoah Ramat Gan,English Wikipedia
2018/2019,2018,Liga Alef,South,3,Maccabi Sha'arayim,English Wikipedia
2018/2019,2018,Liga Alef,South,4,Agudat Sport Ashdod,English Wikipedia
2018/2019,2018,Liga Alef,South,5,Maccabi Herzliya,English Wikipedia
2018/2019,2018,Liga Alef,South,6,Maccabi Jaffa,English Wikipedia
2018/2019,2018,Liga Alef,South,7,Maccabi Yavne,English Wikipedia
2018/2019,2018,Liga Alef,South,8,Hapoel Holon,English Wikipedia
2018/2019,2018,Liga Alef,South,9,Shimshon Kafr Qasim,English Wikipedia
2018/2019,2018,Liga Alef,South,10,Agudat Sport Nordia Jerusalem,English Wikipedia
2018/2019,2018,Liga Alef,South,11,Hapoel Azor,English Wikipedia
2018/2019,2018,Liga Alef,South,12,Hapoel Kfar Shalem,English Wikipedia
2018/2019,2018,Liga Alef,South,13,Maccabi Kiryat Gat,English Wikipedia
2018/2019,2018,Liga Alef,South,14,Hapoel Bik'at HaYarden,English Wikipedia
2018/2019,2018,Liga Alef,South,15,Hapoel Mahane Yehuda,English Wikipedia
2018/2019,2018,Liga Alef,South,16,Beitar Kfar Saba,English Wikipedia
2018/2019,2018,Liga Bet,South A,1,F.C. Ironi Or Yehuda,IFA
2018/2019,2018,Liga Bet,South A,2,Shimshon Tel Aviv,IFA
2018/2019,2018,Liga Bet,South A,3,Beitar Ramat Gan,IFA
2018/2019,2018,Liga Bet,South A,4,Ironi Beit Dagan,IFA
2018/2019,2018,Liga Bet,South A,5,Hapoel Kiryat Ono,IFA
2018/2019,2018,Liga Bet,South A,6,Maccabi Ironi Amishav Petah Tikva,IFA
2018/2019,2018,Liga Bet,South A,7,Hapoel Kafr Qasim Shouaa,IFA
2018/2019,2018,Liga Bet,South A,8,Hapoel Ihud Bnei Jatt,IFA
2018/2019,2018,Liga Bet,South A,9,Hapoel Ironi Hod HaSharon,IFA
2018/2019,2018,Liga Bet,South A,10,Beitar Petah Tikva,IFA
2018/2019,2018,Liga Bet,South A,11,F.C. Bnei Jaffa Ortodoxim,IFA
2018/2019,2018,Liga Bet,South A,12,Shimshon Bnei Tayibe,IFA
2018/2019,2018,Liga Bet,South A,13,F.C. Tzeirei Tayibe,IFA
2018/2019,2018,Liga Bet,South A,14,Hapoel Kafr Bara,IFA
2018/2019,2018,Liga Bet,South A,15,Hapoel Nahlat Yehuda,IFA
2018/2019,2018,Liga Bet,South A,16,F.C. Roei Heshbon Tel Aviv,IFA
2018/2019,2018,Liga Leumit,,1,Hapoel Kfar Saba,RSSSF
2018/2019,2018,Liga Leumit,,2,Sektzia Nes Tziona,RSSSF
2018/2019,2018,Liga Leumit,,3,Hapoel Nof HaGalil,RSSSF
2018/2019,2018,Liga Leumit,,4,Hapoel Katamon Jerusalem,RSSSF
2018/2019,2018,Liga Leumit,,5,Hapoel Afula,RSSSF
2018/2019,2018,Liga Leumit,,6,Hapoel Ashkelon,RSSSF
2018/2019,2018,Liga Leumit,,7,Beitar Tel Aviv,RSSSF
2018/2019,2018,Liga Leumit,,8,Hapoel Ramat Gan,RSSSF
2018/2019,2018,Liga Leumit,,9,Bnei Lod,RSSSF
2018/2019,2018,Liga Leumit,,10,Hapoel Petah Tikva,RSSSF
2018/2019,2018,Liga Leumit,,11,Maccabi Ahi Nazareth,RSSSF
2018/2019,2018,Liga Leumit,,12,Hapoel Rishon LeZion,RSSSF
2018/2019,2018,Liga Leumit,,13,Ironi Nir Ramat HaSharon,RSSSF
2018/2019,2018,Liga Leumit,,14,Hapoel Acre,RSSSF
2018/2019,2018,Liga Leumit,,15,Hapoel Marmorek,RSSSF
2018/2019,2018,Liga Leumit,,16,Hapoel Iksal,RSSSF
2018/2019,2018,Ligat ha'Al,,1,Maccabi Tel Aviv,RSSSF
2018/2019,2018,Ligat ha'Al,,2,Maccabi Haifa,RSSSF
2018/2019,2018,Ligat ha'Al,,3,Hapoel Be'er Sheva,RSSSF
2018/2019,2018,Ligat ha'Al,,4,Maccabi Netanya,RSSSF
2018/2019,2018,Ligat ha'Al,,5,Bnei Yehuda Tel Aviv,RSSSF
2018/2019,2018,Ligat ha'Al,,6,Hapoel Hadera,RSSSF
2018/2019,2018,Ligat ha'Al,,7,Beitar Jerusalem,RSSSF
2018/2019,2018,Ligat ha'Al,,8,Hapoel Tel Aviv,RSSSF
2018/2019,2018,Ligat ha'Al,,9,Hapoel Ra'anana,RSSSF
2018/2019,2018,Ligat ha'Al,,10,Ironi Kiryat Shmona,RSSSF
2018/2019,2018,Ligat ha'Al,,11,Hapoel Haifa,RSSSF
2018/2019,2018,Ligat ha'Al,,12,Ashdod S.C.,RSSSF
2018/2019,2018,Ligat ha'Al,,13,Maccabi Petah Tikva,RSSSF
2018/2019,2018,Ligat ha'Al,,14,Bnei Sakhnin,RSSSF
2019/2020,2019,Liga Leumit,,1,Maccabi Petah Tikva,RSSSF
2019/2020,2019,Liga Leumit,,2,Bnei Sakhnin,RSSSF
2019/2020,2019,Liga Leumit,,3,Hapoel Ramat Gan,RSSSF
2019/2020,2019,Liga Leumit,,4,Hapoel Katamon Jerusalem,RSSSF
2019/2020,2019,Liga Leumit,,5,Hapoel Rishon LeZion,RSSSF
2019/2020,2019,Liga Leumit,,6,M.S. Kafr Qasim,RSSSF
2019/2020,2019,Liga Leumit,,7,Beitar Tel Aviv,RSSSF
2019/2020,2019,Liga Leumit,,8,Ironi Nir Ramat HaSharon,RSSSF
2019/2020,2019,Liga Leumit,,9,Hapoel Umm al-Fahm,RSSSF
2019/2020,2019,Liga Leumit,,10,Hapoel Petah Tikva,RSSSF
2019/2020,2019,Liga Leumit,,11,Hapoel Nof HaGalil,RSSSF
2019/2020,2019,Liga Leumit,,12,Hapoel Acre,RSSSF
2019/2020,2019,Liga Leumit,,13,Maccabi Ahi Nazareth,RSSSF
2019/2020,2019,Liga Leumit,,14,Hapoel Afula,RSSSF
2019/2020,2019,Liga Leumit,,15,Bnei Lod,RSSSF
2019/2020,2019,Liga Leumit,,16,Hapoel Ashkelon,RSSSF
2019/2020,2019,Ligat ha'Al,,1,Maccabi Tel Aviv,RSSSF
2019/2020,2019,Ligat ha'Al,,2,Maccabi Haifa,RSSSF
2019/2020,2019,Ligat ha'Al,,3,Beitar Jerusalem,RSSSF
2019/2020,2019,Ligat ha'Al,,4,Hapoel Be'er Sheva,RSSSF
2019/2020,2019,Ligat ha'Al,,5,Hapoel Tel Aviv,RSSSF
2019/2020,2019,Ligat ha'Al,,6,Hapoel Haifa,RSSSF
2019/2020,2019,Ligat ha'Al,,7,Bnei Yehuda Tel Aviv,RSSSF
2019/2020,2019,Ligat ha'Al,,8,Ashdod S.C.,RSSSF
2019/2020,2019,Ligat ha'Al,,9,Hapoel Hadera,RSSSF
2019/2020,2019,Ligat ha'Al,,10,Maccabi Netanya,RSSSF
2019/2020,2019,Ligat ha'Al,,11,Hapoel Kfar Saba,RSSSF
2019/2020,2019,Ligat ha'Al,,12,Ironi Kiryat Shmona,RSSSF
2019/2020,2019,Ligat ha'Al,,13,Sektzia Nes Tziona,RSSSF
2019/2020,2019,Ligat ha'Al,,14,Hapoel Ra'anana,RSSSF
2020/2021,2020,Liga Alef,A,1,F.C. Tira,English Wikipedia
2020/2021,2020,Liga Alef,A,1,Hapoel Holon,English Wikipedia
2020/2021,2020,Liga Alef,A,2,Maccabi Tamra,English Wikipedia
2020/2021,2020,Liga Alef,A,2,Agudat Sport Ashdod,English Wikipedia
2020/2021,2020,Liga Alef,A,3,Hapoel Bu'eine,English Wikipedia
2020/2021,2020,Liga Alef,A,3,Maccabi Herzliya,English Wikipedia
2020/2021,2020,Liga Alef,A,4,Hapoel Ironi Herzliya,English Wikipedia
2020/2021,2020,Liga Alef,A,4,Shimshon Kafr Qasim,English Wikipedia
2020/2021,2020,Liga Alef,A,5,Maccabi Tzur Shalom,English Wikipedia
2020/2021,2020,Liga Alef,A,5,Maccabi Yavne,English Wikipedia
2020/2021,2020,Liga Alef,A,6,Hapoel Bnei Fureidis,English Wikipedia
2020/2021,2020,Liga Alef,A,6,Hapoel Azor,English Wikipedia
2020/2021,2020,Liga Alef,A,7,Hapoel Kafr Kanna,English Wikipedia
2020/2021,2020,Liga Alef,A,7,F.C. Dimona,English Wikipedia
2020/2021,2020,Liga Alef,A,8,Ironi Tiberias,English Wikipedia
2020/2021,2020,Liga Alef,A,8,Bnei Lod,English Wikipedia
2020/2021,2020,Liga Alef,A,9,Ihud Bnei Majd al-Krum,English Wikipedia
2020/2021,2020,Liga Alef,A,9,F.C. Ironi Or Yehuda,English Wikipedia
2020/2021,2020,Liga Alef,B,1,Hapoel Kaukab,English Wikipedia
2020/2021,2020,Liga Alef,B,1,Hapoel Bik'at HaYarden,English Wikipedia
2020/2021,2020,Liga Alef,B,2,Maccabi Bnei Reineh,English Wikipedia
2020/2021,2020,Liga Alef,B,2,Maccabi Jaffa,English Wikipedia
2020/2021,2020,Liga Alef,B,3,Hapoel Bnei Arara-'Ara,English Wikipedia
2020/2021,2020,Liga Alef,B,3,Hapoel Marmorek,English Wikipedia
2020/2021,2020,Liga Alef,B,4,F.C. Haifa,English Wikipedia
2020/2021,2020,Liga Alef,B,4,Maccabi Sha'arayim,English Wikipedia
2020/2021,2020,Liga Alef,B,5,Hapoel Migdal HaEmek,English Wikipedia
2020/2021,2020,Liga Alef,B,5,F.C. Ironi Kuseife,English Wikipedia
2020/2021,2020,Liga Alef,B,6,Hapoel Baqa al-Gharbiyye,English Wikipedia
2020/2021,2020,Liga Alef,B,6,Maccabi Ironi Ashdod,English Wikipedia
2020/2021,2020,Liga Alef,B,7,Hapoel Bnei Zalafa,English Wikipedia
2020/2021,2020,Liga Alef,B,7,Hapoel Ashkelon,English Wikipedia
2020/2021,2020,Liga Alef,B,8,F.C. Tzeirei Tayibe,English Wikipedia
2020/2021,2020,Liga Alef,B,8,Agudat Sport Nordia Jerusalem,English Wikipedia
2020/2021,2020,Liga Alef,B,9,F.C. Daburiyya,English Wikipedia
2020/2021,2020,Liga Alef,B,9,Hakoah Ramat Gan,English Wikipedia
2020/2021,2020,Liga Bet,A,1,Hapoel Karmiel,English Wikipedia
2020/2021,2020,Liga Bet,A,1,Ironi Nesher,English Wikipedia
2020/2021,2020,Liga Bet,A,1,Hapoel Mahane Yehuda,English Wikipedia
2020/2021,2020,Liga Bet,A,1,Maccabi Sderot,English Wikipedia
2020/2021,2020,Liga Bet,A,2,Tzeirei Kafr Kanna,English Wikipedia
2020/2021,2020,Liga Bet,A,2,F.C. Tirat Carmel,English Wikipedia
2020/2021,2020,Liga Bet,A,2,Shimshon Tel Aviv,English Wikipedia
2020/2021,2020,Liga Bet,A,2,Bnei Eilat,English Wikipedia
2020/2021,2020,Liga Bet,A,3,Maccabi Ahva Sha'ab,English Wikipedia
2020/2021,2020,Liga Bet,A,3,F.C. Pardes Hanna,English Wikipedia
2020/2021,2020,Liga Bet,A,3,Hapoel Kafr Qasim Shouaa,English Wikipedia
2020/2021,2020,Liga Bet,A,3,Maccabi Kiryat Malakhi,English Wikipedia
2020/2021,2020,Liga Bet,A,4,F.C. Tzeirei Tamra,English Wikipedia
2020/2021,2020,Liga Bet,A,4,Hapoel Beit She'an,English Wikipedia
2020/2021,2020,Liga Bet,A,4,Maccabi Amishav Petah Tikva,English Wikipedia
2020/2021,2020,Liga Bet,A,4,Hapoel Merhavim,English Wikipedia
2020/2021,2020,Liga Bet,A,5,Hapoel Bnei Tuba-Zangariyye,English Wikipedia
2020/2021,2020,Liga Bet,A,5,Hapoel Bnei Musmus,English Wikipedia
2020/2021,2020,Liga Bet,A,5,Ironi Beit Dagan,English Wikipedia
2020/2021,2020,Liga Bet,A,5,Beitar Kiryat Gat,English Wikipedia
2020/2021,2020,Liga Bet,A,6,Hapoel Arraba,English Wikipedia
2020/2021,2020,Liga Bet,A,6,Ahi Bir al-Maksur,English Wikipedia
2020/2021,2020,Liga Bet,A,6,F.C. Bnei Jaffa Ortodoxim,English Wikipedia
2020/2021,2020,Liga Bet,A,6,Ironi Modi'in,English Wikipedia
2020/2021,2020,Liga Bet,A,7,Tzeirei Sakhnin,English Wikipedia
2020/2021,2020,Liga Bet,A,7,Maccabi Ahi Iksal,English Wikipedia
2020/2021,2020,Liga Bet,A,7,Sporting Tel Aviv,English Wikipedia
2020/2021,2020,Liga Bet,A,7,Hapoel Gedera,English Wikipedia
2020/2021,2020,Liga Bet,A,8,Maccabi Sektzia Ma'alot-Tarshiha,English Wikipedia
2020/2021,2020,Liga Bet,A,8,Hapoel Sandala Gilboa,English Wikipedia
2020/2021,2020,Liga Bet,A,8,Hapoel Pardesiya,English Wikipedia
2020/2021,2020,Liga Bet,A,8,Maccabi Arad,English Wikipedia
2020/2021,2020,Liga Bet,A,9,Hapoel Bnei Bir al-Maksur,English Wikipedia
2020/2021,2020,Liga Bet,A,9,Hapoel Ein as-Sahala,English Wikipedia
2020/2021,2020,Liga Bet,A,9,Otzma F.C. Holon,English Wikipedia
2020/2021,2020,Liga Bet,A,9,Beitar Yavne,English Wikipedia
2020/2021,2020,Liga Bet,B,1,Ihud Bnei Shefa-'Amr,English Wikipedia
2020/2021,2020,Liga Bet,B,1,Maccabi Neve Sha'anan,English Wikipedia
2020/2021,2020,Liga Bet,B,1,Hapoel Hod HaSharon,English Wikipedia
2020/2021,2020,Liga Bet,B,1,Hapoel Lod,English Wikipedia
2020/2021,2020,Liga Bet,B,2,Ahi Acre,English Wikipedia
2020/2021,2020,Liga Bet,B,2,Hapoel Tirat Carmel,English Wikipedia
2020/2021,2020,Liga Bet,B,2,Hapoel Kiryat Ono,English Wikipedia
2020/2021,2020,Liga Bet,B,2,Hapoel Yeruham,English Wikipedia
2020/2021,2020,Liga Bet,B,3,F.C. Bnei M.M.B.E. HaGolan VeHaGalil,English Wikipedia
2020/2021,2020,Liga Bet,B,3,Ihud Bnei Kafr Qara,English Wikipedia
2020/2021,2020,Liga Bet,B,3,Beitar Ramat Gan,English Wikipedia
2020/2021,2020,Liga Bet,B,3,Maccabi Ironi Netivot,English Wikipedia
2020/2021,2020,Liga Bet,B,4,Hapoel Safed,English Wikipedia
2020/2021,2020,Liga Bet,B,4,Maccabi Nujeidat,English Wikipedia
2020/2021,2020,Liga Bet,B,4,Beitar Kfar Saba,English Wikipedia
2020/2021,2020,Liga Bet,B,4,F.C. Jerusalem,English Wikipedia
2020/2021,2020,Liga Bet,B,5,Ironi Bnei Kabul,English Wikipedia
2020/2021,2020,Liga Bet,B,5,Ihud Bnei Baqa,English Wikipedia
2020/2021,2020,Liga Bet,B,5,Hapoel Qalansawe,English Wikipedia
2020/2021,2020,Liga Bet,B,5,F.C. Shikun HaMizrah,English Wikipedia
2020/2021,2020,Liga Bet,B,6,Maccabi Yafa,English Wikipedia
2020/2021,2020,Liga Bet,B,6,Beitar Haifa,English Wikipedia
2020/2021,2020,Liga Bet,B,6,Beitar Petah Tikva,English Wikipedia
2020/2021,2020,Liga Bet,B,6,Beitar Ma'ale Adumim,English Wikipedia
2020/2021,2020,Liga Bet,B,7,Beitar Nahariya,English Wikipedia
2020/2021,2020,Liga Bet,B,7,F.C. Kfar Kama,English Wikipedia
2020/2021,2020,Liga Bet,B,7,F.C. Roei Heshbon Tel Aviv,English Wikipedia
2020/2021,2020,Liga Bet,B,7,Tzeirei Rahat,English Wikipedia
2020/2021,2020,Liga Bet,B,8,Ahva Kafr Manda,English Wikipedia
2020/2021,2020,Liga Bet,B,8,Hapoel Ramot Menashe Megiddo,English Wikipedia
2020/2021,2020,Liga Bet,B,8,Shimshon Bnei Tayibe,English Wikipedia
2020/2021,2020,Liga Bet,B,8,F.C. Be'er Sheva,English Wikipedia
2020/2021,2020,Liga Bet,B,9,Al-Nahda Nazareth,English Wikipedia
2020/2021,2020,Liga Bet,B,9,Hapoel Ihud Bnei Jatt,English Wikipedia
2020/2021,2020,Liga Bet,B,9,Hapoel Kafr Bara,English Wikipedia
2020/2021,2020,Liga Bet,B,9,Beitar Ashdod,English Wikipedia
2020/2021,2020,Liga Gimel,A,1,F.C. Bnei Ra'anana,English Wikipedia
2020/2021,2020,Liga Gimel,A,1,HaMakhtesh Givatayim,English Wikipedia
2020/2021,2020,Liga Gimel,A,1,F.C. Ramla,English Wikipedia
2020/2021,2020,Liga Gimel,A,1,Maccabi Be'er Sheva,English Wikipedia
2020/2021,2020,Liga Gimel,A,2,Bnei Herzliya,English Wikipedia
2020/2021,2020,Liga Gimel,A,2,Maccabi HaShikma Hen,English Wikipedia
2020/2021,2020,Liga Gimel,A,2,Beitar Givat Ze'ev,English Wikipedia
2020/2021,2020,Liga Gimel,A,2,Hapoel Segev Shalom,English Wikipedia
2020/2021,2020,Liga Gimel,A,3,Hapoel Oranit,English Wikipedia
2020/2021,2020,Liga Gimel,A,3,Hapoel Neve Golan,English Wikipedia
2020/2021,2020,Liga Gimel,A,3,Maccabi Ramla,English Wikipedia
2020/2021,2020,Liga Gimel,A,3,Maccabi Ironi Hura,English Wikipedia
2020/2021,2020,Liga Gimel,A,4,Hakoah Galei Gil Ramat Gan,English Wikipedia
2020/2021,2020,Liga Gimel,A,4,F.C. Inter Aliyah Tel Aviv,English Wikipedia
2020/2021,2020,Liga Gimel,A,4,Tzeirei Lod,English Wikipedia
2020/2021,2020,Liga Gimel,A,4,Otzma Be'er Sheva,English Wikipedia
2020/2021,2020,Liga Gimel,A,5,Maccabi Giv'at Shmuel,English Wikipedia
2020/2021,2020,Liga Gimel,A,5,Elitzur Yehud,English Wikipedia
2020/2021,2020,Liga Gimel,A,5,Ashdod City,English Wikipedia
2020/2021,2020,Liga Gimel,A,5,Bnei Yerucham,English Wikipedia
2020/2021,2020,Liga Gimel,A,6,Beitar Mateh Binyamin Regional Council,English Wikipedia
2020/2021,2020,Liga Gimel,A,6,Beitar Jaffa,English Wikipedia
2020/2021,2020,Liga Gimel,A,6,Hapoel Mevaseret Zion,English Wikipedia
2020/2021,2020,Liga Gimel,A,6,Maccabi Dimona,English Wikipedia
2020/2021,2020,Liga Gimel,A,7,F.C. Kafr Qasim Nibrass,English Wikipedia
2020/2021,2020,Liga Gimel,A,7,Maccabi Pardes Katz,English Wikipedia
2020/2021,2020,Liga Gimel,A,7,Hapoel Matzliah,English Wikipedia
2020/2021,2020,Liga Gimel,A,7,Maccabi Yerucham,English Wikipedia
2020/2021,2020,Liga Gimel,A,8,F.C. Tzeirei al-Hoshla,English Wikipedia
2020/2021,2020,Liga Gimel,B,1,Tzeirei Tira,English Wikipedia
2020/2021,2020,Liga Gimel,B,1,Hapoel Ramat Israel,English Wikipedia
2020/2021,2020,Liga Gimel,B,1,Hapoel Nahlat Yehuda,English Wikipedia
2020/2021,2020,Liga Gimel,B,1,Maccabi Kiryat Gat,English Wikipedia
2020/2021,2020,Liga Gimel,B,2,Bnei Qalansawe,English Wikipedia
2020/2021,2020,Liga Gimel,B,2,Shikun Vatikim Ramat Gan,English Wikipedia
2020/2021,2020,Liga Gimel,B,2,Bnei Yeechalal Rehovot,English Wikipedia
2020/2021,2020,Liga Gimel,B,2,Hapoel Sderot,English Wikipedia
2020/2021,2020,Liga Gimel,B,3,F.C. Ironi Ariel,English Wikipedia
2020/2021,2020,Liga Gimel,B,3,Bnei Yehud,English Wikipedia
2020/2021,2020,Liga Gimel,B,3,Hapoel Bnei Ashdod,English Wikipedia
2020/2021,2020,Liga Gimel,B,3,Ironi Beit Shemesh,English Wikipedia
2020/2021,2020,Liga Gimel,B,4,Bnei Tira,English Wikipedia
2020/2021,2020,Liga Gimel,B,4,Maccabi Spartak Ramat Gan,English Wikipedia
2020/2021,2020,Liga Gimel,B,4,Beitar Gan Yavne,English Wikipedia
2020/2021,2020,Liga Gimel,B,4,F.C. Be'er Sheva Haim Levy,English Wikipedia
2020/2021,2020,Liga Gimel,B,5,Maccabi HaSharon Netanya,English Wikipedia
2020/2021,2020,Liga Gimel,B,5,Agudat Sport Holon,English Wikipedia
2020/2021,2020,Liga Gimel,B,5,F.C. Rishon LeZion,English Wikipedia
2020/2021,2020,Liga Gimel,B,5,Maccabi Ashkelon,English Wikipedia
2020/2021,2020,Liga Gimel,B,6,Maccabi Ironi Kfar Yona,English Wikipedia
2020/2021,2020,Liga Gimel,B,6,Beitar Ezra,English Wikipedia
2020/2021,2020,Liga Gimel,B,6,Hapoel Brenner,English Wikipedia
2020/2021,2020,Liga Gimel,B,6,Hapoel Rahat,English Wikipedia
2020/2021,2020,Liga Gimel,B,7,F.C. Netanya,English Wikipedia
2020/2021,2020,Liga Gimel,B,7,Elitzur Jaffa Tel Aviv,English Wikipedia
2020/2021,2020,Liga Gimel,B,7,Hapoel Tirat Shalom,English Wikipedia
2020/2021,2020,Liga Gimel,B,7,Hapoel Bnei Kuseife,English Wikipedia
2020/2021,2020,Liga Gimel,B,8,Beitar Tuburk,English Wikipedia
2020/2021,2020,Liga Gimel,B,8,Maccabi Or Yehuda,English Wikipedia
2020/2021,2020,Liga Gimel,B,8,Hapoel Ramla,English Wikipedia
2020/2021,2020,Liga Gimel,B,8,Hapoel Mateh Yehuda,English Wikipedia
2020/2021,2020,Liga Gimel,Jezreel (North C),1,Hapoel Daliyat al-Karmel,English Wikipedia
2020/2021,2020,Liga Gimel,Jezreel (North C),2,Tzeirei Umm al-Fahm,English Wikipedia
2020/2021,2020,Liga Gimel,Jezreel (North C),3,Hapoel Yafa,English Wikipedia
2020/2021,2020,Liga Gimel,Jezreel (North C),4,Hapoel Bnei Nazareth,English Wikipedia
2020/2021,2020,Liga Gimel,Jezreel (North C),5,Ihud Tzeirei Iksal,English Wikipedia
2020/2021,2020,Liga Gimel,Jezreel (North C),6,Hapoel Al-Batuf,English Wikipedia
2020/2021,2020,Liga Gimel,Jezreel (North C),7,Maccabi Barta'a,English Wikipedia
2020/2021,2020,Liga Gimel,Jezreel (North C),8,Bnei Umm al-Fahm,English Wikipedia
2020/2021,2020,Liga Gimel,Jezreel (North C),9,Maccabi Ahva Fureidis,English Wikipedia
2020/2021,2020,Liga Gimel,Jezreel (North C),10,Beitar Umm al-Fahm,English Wikipedia
2020/2021,2020,Liga Gimel,Lower Galilee (North B),1,Hapoel Deir Hanna,English Wikipedia
2020/2021,2020,Liga Gimel,Lower Galilee (North B),2,Ironi Bnei Sha'ab,English Wikipedia
2020/2021,2020,Liga Gimel,Lower Galilee (North B),3,Maccabi Basmat Tab'un,English Wikipedia
2020/2021,2020,Liga Gimel,Lower Galilee (North B),4,Beitar Kafr Kanna,English Wikipedia
2020/2021,2020,Liga Gimel,Lower Galilee (North B),5,Al-Ahly Tamra,English Wikipedia
2020/2021,2020,Liga Gimel,Lower Galilee (North B),6,F.C. Kafr Yasif,English Wikipedia
2020/2021,2020,Liga Gimel,Lower Galilee (North B),7,F.C. Shefa-'Amr,English Wikipedia
2020/2021,2020,Liga Gimel,Lower Galilee (North B),8,Hapoel Bnei Deir al-Asad,English Wikipedia
2020/2021,2020,Liga Gimel,Lower Galilee (North B),9,F.C. Sallama Misgav,English Wikipedia
2020/2021,2020,Liga Gimel,Lower Galilee (North B),10,F.C. Bu'eine Nujeidat,English Wikipedia
2020/2021,2020,Liga Gimel,Samaria (North D),1,Maccabi Isfiya,English Wikipedia
2020/2021,2020,Liga Gimel,Samaria (North D),2,Hapoel Kiryat Yam,English Wikipedia
2020/2021,2020,Liga Gimel,Samaria (North D),3,Tzeirei Haifa,English Wikipedia
2020/2021,2020,Liga Gimel,Samaria (North D),4,Hapoel Kiryat Haim,English Wikipedia
2020/2021,2020,Liga Gimel,Samaria (North D),5,F.C. Or Akiva,English Wikipedia
2020/2021,2020,Liga Gimel,Samaria (North D),6,Maccabi Kiryat Yam,English Wikipedia
2020/2021,2020,Liga Gimel,Samaria (North D),7,Hapoel Bnei Jisr az-Zarqa,English Wikipedia
2020/2021,2020,Liga Gimel,Samaria (North D),8,F.C. Carmel Haifa,English Wikipedia
2020/2021,2020,Liga Gimel,Samaria (North D),9,Beitar Pardes Hanna,English Wikipedia
2020/2021,2020,Liga Gimel,Samaria (North D),10,Maccabi Barkai,English Wikipedia
2020/2021,2020,Liga Gimel,Samaria (North D),11,Hapoel Yokneam,English Wikipedia
2020/2021,2020,Liga Gimel,Samaria (North D),12,Beitar Kiryat Ata,English Wikipedia
2020/2021,2020,Liga Gimel,Upper Galilee (North A),1,Maccabi Bnei Jadeidi Makr,English Wikipedia
2020/2021,2020,Liga Gimel,Upper Galilee (North A),2,Hapoel Ihud Bnei Sumei,English Wikipedia
2020/2021,2020,Liga Gimel,Upper Galilee (North A),3,Hapoel Bnei Bi'ina,English Wikipedia
2020/2021,2020,Liga Gimel,Upper Galilee (North A),4,Maccabi Bnei Abu Snan,English Wikipedia
2020/2021,2020,Liga Gimel,Upper Galilee (North A),5,Hapoel Nahf,English Wikipedia
2020/2021,2020,Liga Gimel,Upper Galilee (North A),6,Hapoel Tarshiha,English Wikipedia
2020/2021,2020,Liga Gimel,Upper Galilee (North A),7,Hapoel Shlomi,English Wikipedia
2020/2021,2020,Liga Gimel,Upper Galilee (North A),8,Bnei Deir Hanna,English Wikipedia
2020/2021,2020,Liga Gimel,Upper Galilee (North A),9,Hapoel Nahariya,English Wikipedia
2020/2021,2020,Liga Gimel,Upper Galilee (North A),10,F.C. Abirei HaTzafon Kafr Sumei,English Wikipedia
2020/2021,2020,Liga Leumit,,1,Hapoel Nof HaGalil,RSSSF
2020/2021,2020,Liga Leumit,,2,Hapoel Jerusalem,RSSSF
2020/2021,2020,Liga Leumit,,3,Sektzia Nes Tziona,RSSSF
2020/2021,2020,Liga Leumit,,4,Hapoel Rishon LeZion,RSSSF
2020/2021,2020,Liga Leumit,,5,Beitar Tel Aviv,RSSSF
2020/2021,2020,Liga Leumit,,6,Hapoel Ramat Gan,RSSSF
2020/2021,2020,Liga Leumit,,7,Ironi Nir Ramat HaSharon,RSSSF
2020/2021,2020,Liga Leumit,,8,Hapoel Iksal,RSSSF
2020/2021,2020,Liga Leumit,,9,Hapoel Afula,RSSSF
2020/2021,2020,Liga Leumit,,10,Hapoel Ra'anana,RSSSF
2020/2021,2020,Liga Leumit,,11,Maccabi Ahi Nazareth,RSSSF
2020/2021,2020,Liga Leumit,,12,M.S. Kafr Qasim,RSSSF
2020/2021,2020,Liga Leumit,,13,Hapoel Acre,RSSSF
2020/2021,2020,Liga Leumit,,14,Hapoel Umm al-Fahm,RSSSF
2020/2021,2020,Liga Leumit,,15,Hapoel Petah Tikva,RSSSF
2020/2021,2020,Liga Leumit,,16,Hapoel Kfar Shalem,RSSSF
2020/2021,2020,Ligat ha'Al,,1,Maccabi Haifa,RSSSF
2020/2021,2020,Ligat ha'Al,,2,Maccabi Tel Aviv,RSSSF
2020/2021,2020,Ligat ha'Al,,3,Ashdod S.C.,RSSSF
2020/2021,2020,Ligat ha'Al,,4,Hapoel Be'er Sheva,RSSSF
2020/2021,2020,Ligat ha'Al,,5,Maccabi Petah Tikva,RSSSF
2020/2021,2020,Ligat ha'Al,,6,Ironi Kiryat Shmona,RSSSF
2020/2021,2020,Ligat ha'Al,,7,Maccabi Netanya,RSSSF
2020/2021,2020,Ligat ha'Al,,8,Hapoel Hadera,RSSSF
2020/2021,2020,Ligat ha'Al,,9,Hapoel Haifa,RSSSF
2020/2021,2020,Ligat ha'Al,,10,Beitar Jerusalem,RSSSF
2020/2021,2020,Ligat ha'Al,,11,Hapoel Tel Aviv,RSSSF
2020/2021,2020,Ligat ha'Al,,12,Bnei Sakhnin,RSSSF
2020/2021,2020,Ligat ha'Al,,13,Bnei Yehuda Tel Aviv,RSSSF
2020/2021,2020,Ligat ha'Al,,14,Hapoel Kfar Saba,RSSSF
2021/2022,2021,Liga Alef,South,1,Maccabi Jaffa,IFA
2021/2022,2021,Liga Alef,South,2,Hapoel Kfar Shalem,IFA
2021/2022,2021,Liga Alef,South,3,Shimshon Kafr Qasim,IFA
2021/2022,2021,Liga Alef,South,4,Maccabi Holon Yirmiyahu,IFA
2021/2022,2021,Liga Alef,South,5,Hapoel Marmorek,IFA
2021/2022,2021,Liga Alef,South,6,Maccabi Yavne,IFA
2021/2022,2021,Liga Alef,South,7,Maccabi Ironi Ashdod (Liga Alef),IFA
2021/2022,2021,Liga Alef,South,8,Maccabi Sha'arayim,IFA
2021/2022,2021,Liga Alef,South,9,M.S. Dimona,IFA
2021/2022,2021,Liga Alef,South,10,Hapoel Bik'at HaYarden,IFA
2021/2022,2021,Liga Alef,South,11,Shimshon Tel Aviv,IFA
2021/2022,2021,Liga Alef,South,12,Maccabi Herzliya,IFA
2021/2022,2021,Liga Alef,South,13,Bnei Eilat,IFA
2021/2022,2021,Liga Alef,South,14,M.S. Kuseife,IFA
2021/2022,2021,Liga Alef,South,15,Hapoel Azor,IFA
2021/2022,2021,Liga Alef,South,16,Hapoel Bnei Lod Rakevet,IFA
2021/2022,2021,Liga Alef,South,17,Agudat Sport Nordia Jerusalem,IFA
2021/2022,2021,Liga Alef,South,18,Hapoel Ashkelon,IFA
2021/2022,2021,Liga Leumit,,1,Maccabi Bnei Reineh,RSSSF
2021/2022,2021,Liga Leumit,,2,Sektzia Nes Tziona,RSSSF
2021/2022,2021,Liga Leumit,,3,M.S. Kafr Qasim,RSSSF
2021/2022,2021,Liga Leumit,,4,Ashdod S.C.,RSSSF
2021/2022,2021,Liga Leumit,,5,Hapoel Petah Tikva,RSSSF
2021/2022,2021,Liga Leumit,,6,Hapoel Kfar Saba,RSSSF
2021/2022,2021,Liga Leumit,,7,Hapoel Umm al-Fahm,RSSSF
2021/2022,2021,Liga Leumit,,8,Bnei Yehuda Tel Aviv,RSSSF
2021/2022,2021,Liga Leumit,,9,Maccabi Ahi Nazareth,RSSSF
2021/2022,2021,Liga Leumit,,10,Hapoel Afula,RSSSF
2021/2022,2021,Liga Leumit,,11,Hapoel Acre,RSSSF
2021/2022,2021,Liga Leumit,,12,Hapoel Ramat Gan,RSSSF
2021/2022,2021,Liga Leumit,,13,Ironi Nir Ramat HaSharon,RSSSF
2021/2022,2021,Liga Leumit,,14,Hapoel Rishon LeZion,RSSSF
2021/2022,2021,Liga Leumit,,15,Hapoel Ra'anana,RSSSF
2021/2022,2021,Liga Leumit,,16,Beitar Tel Aviv,RSSSF
2021/2022,2021,Ligat ha'Al,,1,Maccabi Haifa,RSSSF
2021/2022,2021,Ligat ha'Al,,2,Hapoel Be'er Sheva,RSSSF
2021/2022,2021,Ligat ha'Al,,3,Maccabi Tel Aviv,RSSSF
2021/2022,2021,Ligat ha'Al,,4,Maccabi Netanya,RSSSF
2021/2022,2021,Ligat ha'Al,,5,Hapoel Tel Aviv,RSSSF
2021/2022,2021,Ligat ha'Al,,6,Bnei Sakhnin,RSSSF
2021/2022,2021,Ligat ha'Al,,7,Ironi Kiryat Shmona,RSSSF
2021/2022,2021,Ligat ha'Al,,8,Hapoel Hadera,RSSSF
2021/2022,2021,Ligat ha'Al,,9,Ashdod S.C.,RSSSF
2021/2022,2021,Ligat ha'Al,,10,Beitar Jerusalem,RSSSF
2021/2022,2021,Ligat ha'Al,,11,Hapoel Haifa,RSSSF
2021/2022,2021,Ligat ha'Al,,12,Hapoel Jerusalem,RSSSF
2021/2022,2021,Ligat ha'Al,,13,Maccabi Petah Tikva,RSSSF
2021/2022,2021,Ligat ha'Al,,14,Hapoel Nof HaGalil,RSSSF
2022/2023,2022,Liga Alef,South,1,Maccabi Herzliya,IFA
2022/2023,2022,Liga Alef,South,2,Hapoel Kfar Shalem,IFA
2022/2023,2022,Liga Alef,South,3,Maccabi Yavne,IFA
2022/2023,2022,Liga Alef,South,4,Hapoel Ironi Herzliya,IFA
2022/2023,2022,Liga Alef,South,5,M.S. Dimona,IFA
2022/2023,2022,Liga Alef,South,6,Hapoel Bik'at HaYarden,IFA
2022/2023,2022,Liga Alef,South,7,Hapoel Marmorek,IFA
2022/2023,2022,Liga Alef,South,8,Shimshon Tel Aviv,IFA
2022/2023,2022,Liga Alef,South,9,Maccabi Holon Yirmiyahu,IFA
2022/2023,2022,Liga Alef,South,10,M.S. Kuseife,IFA
2022/2023,2022,Liga Alef,South,11,Ironi Modi'in,IFA
2022/2023,2022,Liga Alef,South,12,Maccabi Ironi Ashdod (Liga Alef),IFA
2022/2023,2022,Liga Alef,South,13,Shimshon Kafr Qasim,IFA
2022/2023,2022,Liga Alef,South,14,Maccabi Sha'arayim,IFA
2022/2023,2022,Liga Alef,South,15,Bnei Eilat,IFA
2022/2023,2022,Liga Alef,South,16,Beitar Tel Aviv Holon,IFA
2022/2023,2022,Liga Leumit,,1,Maccabi Petah Tikva,RSSSF
2022/2023,2022,Liga Leumit,,2,Hapoel Petah Tikva,RSSSF
2022/2023,2022,Liga Leumit,,3,Ironi Tiberias,RSSSF
2022/2023,2022,Liga Leumit,,4,Hapoel Umm al-Fahm,RSSSF
2022/2023,2022,Liga Leumit,,5,Hapoel Acre,RSSSF
2022/2023,2022,Liga Leumit,,6,Maccabi Jaffa,RSSSF
2022/2023,2022,Liga Leumit,,7,Hapoel Kfar Saba,RSSSF
2022/2023,2022,Liga Leumit,,8,Bnei Yehuda Tel Aviv,RSSSF
2022/2023,2022,Liga Leumit,,9,Hapoel Ramat Gan,RSSSF
2022/2023,2022,Liga Leumit,,10,Hapoel Afula,RSSSF
2022/2023,2022,Liga Leumit,,11,Ironi Nir Ramat HaSharon,RSSSF
2022/2023,2022,Liga Leumit,,12,Hapoel Rishon LeZion,RSSSF
2022/2023,2022,Liga Leumit,,13,M.S. Kafr Qasim,RSSSF
2022/2023,2022,Liga Leumit,,14,Hapoel Nof HaGalil,RSSSF
2022/2023,2022,Liga Leumit,,15,Maccabi Ahi Nazareth,RSSSF
2022/2023,2022,Liga Leumit,,16,Ashdod S.C.,RSSSF
2022/2023,2022,Ligat ha'Al,,1,Maccabi Haifa,RSSSF
2022/2023,2022,Ligat ha'Al,,2,Hapoel Be'er Sheva,RSSSF
2022/2023,2022,Ligat ha'Al,,3,Maccabi Tel Aviv,RSSSF
2022/2023,2022,Ligat ha'Al,,4,Hapoel Jerusalem,RSSSF
2022/2023,2022,Ligat ha'Al,,5,Maccabi Netanya,RSSSF
2022/2023,2022,Ligat ha'Al,,6,Ashdod S.C.,RSSSF
2022/2023,2022,Ligat ha'Al,,7,Hapoel Haifa,RSSSF
2022/2023,2022,Ligat ha'Al,,8,Beitar Jerusalem,RSSSF
2022/2023,2022,Ligat ha'Al,,9,Bnei Sakhnin,RSSSF
2022/2023,2022,Ligat ha'Al,,10,Hapoel Tel Aviv,RSSSF
2022/2023,2022,Ligat ha'Al,,11,Maccabi Bnei Reineh,RSSSF
2022/2023,2022,Ligat ha'Al,,12,Hapoel Hadera,RSSSF
2022/2023,2022,Ligat ha'Al,,13,Ironi Kiryat Shmona,RSSSF
2022/2023,2022,Ligat ha'Al,,14,Sektzia Nes Tziona,RSSSF
2023/2024,2023,Liga Alef,South,1,Hapoel Kfar Shalem,IFA
2023/2024,2023,Liga Alef,South,2,M.S. Dimona,IFA
2023/2024,2023,Liga Alef,South,3,Ironi Modi'in,IFA
2023/2024,2023,Liga Alef,South,4,Shimshon Tel Aviv,IFA
2023/2024,2023,Liga Alef,South,5,Maccabi Holon Yirmiyahu,IFA
2023/2024,2023,Liga Alef,South,6,a.s. Ashdod,IFA
2023/2024,2023,Liga Alef,South,7,Hapoel Ironi Herzliya,IFA
2023/2024,2023,Liga Alef,South,8,Maccabi Ironi Ashdod (Liga Alef),IFA
2023/2024,2023,Liga Alef,South,9,Agudat Sport Nordia Jerusalem,IFA
2023/2024,2023,Liga Alef,South,10,Maccabi Ironi Kiryat Malachi,IFA
2023/2024,2023,Liga Alef,South,11,Maccabi Yavne,IFA
2023/2024,2023,Liga Alef,South,12,Maccabi Sha'arayim,IFA
2023/2024,2023,Liga Alef,South,13,Shimshon Kafr Qasim,IFA
2023/2024,2023,Liga Alef,South,14,Hapoel Lod Bnei Regev,IFA
2023/2024,2023,Liga Alef,South,15,Hapoel Marmorek,IFA
2023/2024,2023,Liga Alef,South,16,Hapoel Bik'at HaYarden,IFA
2023/2024,2023,Liga Leumit,,1,Ironi Kiryat Shmona,RSSSF
2023/2024,2023,Liga Leumit,,2,Ironi Tiberias,RSSSF
2023/2024,2023,Liga Leumit,,3,Bnei Yehuda Tel Aviv,RSSSF
2023/2024,2023,Liga Leumit,,4,Hapoel Nof HaGalil,RSSSF
2023/2024,2023,Liga Leumit,,5,Maccabi Jaffa,RSSSF
2023/2024,2023,Liga Leumit,,6,Ironi Nir Ramat HaSharon,RSSSF
2023/2024,2023,Liga Leumit,,7,Maccabi Herzliya,RSSSF
2023/2024,2023,Liga Leumit,,8,Hapoel Umm al-Fahm,RSSSF
2023/2024,2023,Liga Leumit,,9,Hapoel Acre,RSSSF
2023/2024,2023,Liga Leumit,,10,M.S. Kafr Qasim,RSSSF
2023/2024,2023,Liga Leumit,,11,Hapoel Ramat Gan,RSSSF
2023/2024,2023,Liga Leumit,,12,Hapoel Afula,RSSSF
2023/2024,2023,Liga Leumit,,13,Hapoel Rishon LeZion,RSSSF
2023/2024,2023,Liga Leumit,,14,Hapoel Kfar Saba,RSSSF
2023/2024,2023,Liga Leumit,,15,Sektzia Nes Tziona,RSSSF
2023/2024,2023,Liga Leumit,,16,Ihud Bnei Shfaram,RSSSF
2023/2024,2023,Ligat ha'Al,,1,Maccabi Tel Aviv,RSSSF
2023/2024,2023,Ligat ha'Al,,2,Maccabi Haifa,RSSSF
2023/2024,2023,Ligat ha'Al,,3,Hapoel Be'er Sheva,RSSSF
2023/2024,2023,Ligat ha'Al,,4,Hapoel Haifa,RSSSF
2023/2024,2023,Ligat ha'Al,,5,Maccabi Bnei Reineh,RSSSF
2023/2024,2023,Ligat ha'Al,,6,Bnei Sakhnin,RSSSF
2023/2024,2023,Ligat ha'Al,,7,Hapoel Jerusalem,RSSSF
2023/2024,2023,Ligat ha'Al,,8,Maccabi Petah Tikva,RSSSF
2023/2024,2023,Ligat ha'Al,,9,Maccabi Netanya,RSSSF
2023/2024,2023,Ligat ha'Al,,10,Ashdod S.C.,RSSSF
2023/2024,2023,Ligat ha'Al,,11,Beitar Jerusalem,RSSSF
2023/2024,2023,Ligat ha'Al,,12,Hapoel Hadera,RSSSF
2023/2024,2023,Ligat ha'Al,,13,Hapoel Tel Aviv,RSSSF
2023/2024,2023,Ligat ha'Al,,14,Hapoel Petah Tikva,RSSSF
2024/2025,2024,Liga Alef,South,1,Ironi Modi'in,IFA
2024/2025,2024,Liga Alef,South,2,Agudat Sport Nordia Jerusalem,IFA
2024/2025,2024,Liga Alef,South,3,Hapoel Ironi Herzliya,IFA
2024/2025,2024,Liga Alef,South,4,Maccabi Yavne,IFA
2024/2025,2024,Liga Alef,South,5,M.S. Dimona,IFA
2024/2025,2024,Liga Alef,South,6,Maccabi Holon Yirmiyahu,IFA
2024/2025,2024,Liga Alef,South,7,M.K. Jerusalem,IFA
2024/2025,2024,Liga Alef,South,8,Maccabi Ironi Ashdod (Liga Alef),IFA
2024/2025,2024,Liga Alef,South,9,a.s. Ashdod,IFA
2024/2025,2024,Liga Alef,South,10,Shimshon Tel Aviv,IFA
2024/2025,2024,Liga Alef,South,11,Hapoel Marmorek,IFA
2024/2025,2024,Liga Alef,South,12,Maccabi Ironi Kiryat Malachi,IFA
2024/2025,2024,Liga Alef,South,13,Hapoel Azor,IFA
2024/2025,2024,Liga Alef,South,14,Maccabi Tzeirei Tira,IFA
2024/2025,2024,Liga Alef,South,15,Hapoel Lod Bnei Regev,IFA
2024/2025,2024,Liga Alef,South,16,Maccabi Sha'arayim,IFA
2024/2025,2024,Liga Alef,South,17,Shimshon Kafr Qasim,IFA
2024/2025,2024,Liga Leumit,,1,Hapoel Tel Aviv,RSSSF
2024/2025,2024,Liga Leumit,,2,Hapoel Petah Tikva,RSSSF
2024/2025,2024,Liga Leumit,,3,Hapoel Ramat Gan,RSSSF
2024/2025,2024,Liga Leumit,,4,Hapoel Kfar Shalem,RSSSF
2024/2025,2024,Liga Leumit,,5,Maccabi Herzliya,RSSSF
2024/2025,2024,Liga Leumit,,6,Bnei Yehuda Tel Aviv,RSSSF
2024/2025,2024,Liga Leumit,,7,Hapoel Kfar Saba,RSSSF
2024/2025,2024,Liga Leumit,,8,Hapoel Rishon LeZion,RSSSF
2024/2025,2024,Liga Leumit,,9,Hapoel Acre,RSSSF
2024/2025,2024,Liga Leumit,,10,M.S. Kafr Qasim,RSSSF
2024/2025,2024,Liga Leumit,,11,Ironi Nir Ramat HaSharon,RSSSF
2024/2025,2024,Liga Leumit,,12,Hapoel Ra'anana,RSSSF
2024/2025,2024,Liga Leumit,,13,Maccabi Jaffa,RSSSF
2024/2025,2024,Liga Leumit,,14,Hapoel Nof HaGalil,RSSSF
2024/2025,2024,Liga Leumit,,15,Hapoel Afula,RSSSF
2024/2025,2024,Liga Leumit,,16,Hapoel Umm al-Fahm,RSSSF
2024/2025,2024,Ligat ha'Al,,1,Maccabi Tel Aviv,RSSSF
2024/2025,2024,Ligat ha'Al,,2,Hapoel Be'er Sheva,RSSSF
2024/2025,2024,Ligat ha'Al,,3,Maccabi Haifa,RSSSF
2024/2025,2024,Ligat ha'Al,,4,Beitar Jerusalem,RSSSF
2024/2025,2024,Ligat ha'Al,,5,Hapoel Haifa,RSSSF
2024/2025,2024,Ligat ha'Al,,6,Maccabi Netanya,RSSSF
2024/2025,2024,Ligat ha'Al,,7,Hapoel Jerusalem,RSSSF
2024/2025,2024,Ligat ha'Al,,8,Maccabi Bnei Reineh,RSSSF
2024/2025,2024,Ligat ha'Al,,9,Ironi Kiryat Shmona,RSSSF
2024/2025,2024,Ligat ha'Al,,10,Bnei Sakhnin,RSSSF
2024/2025,2024,Ligat ha'Al,,11,Ashdod S.C.,RSSSF
2024/2025,2024,Ligat ha'Al,,12,Ironi Tiberias,RSSSF
2024/2025,2024,Ligat ha'Al,,13,Maccabi Petah Tikva,RSSSF
2024/2025,2024,Ligat ha'Al,,14,Hapoel Hadera,RSSSF
2025/2026,2025,Liga Leumit,,1,Maccabi Petah Tikva,Hebrew Wikipedia
2025/2026,2025,Liga Leumit,,2,Hapoel Ramat Gan,Hebrew Wikipedia
2025/2026,2025,Liga Leumit,,3,Maccabi Herzliya,Hebrew Wikipedia
2025/2026,2025,Liga Leumit,,4,Bnei Yehuda Tel Aviv,Hebrew Wikipedia
2025/2026,2025,Liga Leumit,,5,Hapoel Kfar Shalem,Hebrew Wikipedia
2025/2026,2025,Liga Leumit,,6,M.S. Kiryat Yam,Hebrew Wikipedia
2025/2026,2025,Liga Leumit,,7,Hapoel Kfar Saba,Hebrew Wikipedia
2025/2026,2025,Liga Leumit,,8,Hapoel Rishon LeZion,Hebrew Wikipedia
2025/2026,2025,Liga Leumit,,9,Maccabi Jaffa,Hebrew Wikipedia
2025/2026,2025,Liga Leumit,,10,Hapoel Ra'anana,Hebrew Wikipedia
2025/2026,2025,Liga Leumit,,11,Hapoel Afula,Hebrew Wikipedia
2025/2026,2025,Liga Leumit,,12,M.S. Kafr Qasim,Hebrew Wikipedia
2025/2026,2025,Liga Leumit,,13,Ironi Modi'in,Hebrew Wikipedia
2025/2026,2025,Liga Leumit,,14,Hapoel Acre,Hebrew Wikipedia
2025/2026,2025,Liga Leumit,,15,Hapoel Nof HaGalil,Hebrew Wikipedia
2025/2026,2025,Liga Leumit,,16,Hapoel Hadera,Hebrew Wikipedia
2025/2026,2025,Ligat ha'Al,,1,Hapoel Be'er Sheva,Hebrew Wikipedia
2025/2026,2025,Ligat ha'Al,,2,Beitar Jerusalem,Hebrew Wikipedia
2025/2026,2025,Ligat ha'Al,,3,Maccabi Tel Aviv,Hebrew Wikipedia
2025/2026,2025,Ligat ha'Al,,4,Hapoel Tel Aviv,Hebrew Wikipedia
2025/2026,2025,Ligat ha'Al,,5,Maccabi Haifa,Hebrew Wikipedia
2025/2026,2025,Ligat ha'Al,,6,Hapoel Petah Tikva,Hebrew Wikipedia
2025/2026,2025,Ligat ha'Al,,7,Maccabi Netanya,Hebrew Wikipedia
2025/2026,2025,Ligat ha'Al,,8,Ironi Kiryat Shmona,Hebrew Wikipedia
2025/2026,2025,Ligat ha'Al,,9,Ironi Tiberias,Hebrew Wikipedia
2025/2026,2025,Ligat ha'Al,,10,Hapoel Haifa,Hebrew Wikipedia
2025/2026,2025,Ligat ha'Al,,11,Bnei Sakhnin,Hebrew Wikipedia
2025/2026,2025,Ligat ha'Al,,12,Hapoel Jerusalem,Hebrew Wikipedia
2025/2026,2025,Ligat ha'Al,,13,Ashdod S.C.,Hebrew Wikipedia
2025/2026,2025,Ligat ha'Al,,14,Maccabi Bnei Reineh,Hebrew Wikipedia
